experiment,method,selected_seed,step,objective
controlled,scaled_latent_2d,0,0,0.0082752434335627532
controlled,scaled_latent_2d,0,10,0.005469032637672875
controlled,scaled_latent_2d,0,20,0.0054081471143242812
controlled,scaled_latent_2d,0,30,0.0054073214023625943
controlled,scaled_latent_2d,0,40,0.0054148401358477738
controlled,scaled_latent_2d,0,50,0.0054133363791250989
controlled,scaled_latent_2d,0,60,0.0054062907156580521
controlled,scaled_latent_2d,0,70,0.0054045875817331657
controlled,scaled_latent_2d,0,80,0.0054049448228806361
controlled,scaled_latent_2d,0,90,0.0054045280241386369
controlled,scaled_latent_2d,0,100,0.0054045659363352551
controlled,scaled_latent_2d,0,110,0.0054045174892579026
controlled,scaled_latent_2d,0,120,0.0054045232485167025
controlled,scaled_latent_2d,0,130,0.005404516284150159
controlled,scaled_latent_2d,0,140,0.005404516724525711
controlled,scaled_latent_2d,0,150,0.0054045164174168908
controlled,scaled_latent_2d,0,160,0.005404516151241847
controlled,scaled_latent_2d,0,170,0.0054045161622886398
controlled,scaled_latent_2d,0,180,0.0054045161609154206
controlled,scaled_latent_2d,0,190,0.0054045161504051708
controlled,scaled_latent_2d,0,200,0.005404516147029954
controlled,scaled_latent_2d,0,210,0.0054045161467597917
controlled,scaled_latent_2d,0,220,0.0054045161468152299
controlled,scaled_latent_2d,0,230,0.0054045161468021068
controlled,scaled_latent_2d,0,240,0.0054045161467756583
controlled,scaled_latent_2d,0,250,0.0054045161467605202
controlled,scaled_latent_2d,0,260,0.0054045161467542405
controlled,scaled_latent_2d,0,270,0.0054045161467519542
controlled,scaled_latent_2d,0,280,0.0054045161467511614
controlled,scaled_latent_2d,0,290,0.0054045161467508812
controlled,scaled_latent_2d,0,300,0.0054045161467507824
controlled,scaled_latent_2d,0,310,0.0054045161467507459
controlled,scaled_latent_2d,0,320,0.0054045161467507338
controlled,scaled_latent_2d,0,330,0.0054045161467507277
controlled,scaled_latent_2d,0,340,0.0054045161467507277
controlled,scaled_latent_2d,0,350,0.0054045161467507277
controlled,scaled_latent_2d,0,360,0.0054045161467507277
controlled,scaled_latent_2d,0,370,0.0054045161467507295
controlled,scaled_latent_2d,0,380,0.0054045161467507295
controlled,scaled_latent_2d,0,390,0.0054045161467507286
controlled,scaled_latent_2d,0,400,0.0054045161467507295
controlled,scaled_latent_2d,0,410,0.0054045161467507277
controlled,scaled_latent_2d,0,420,0.0054045161467507286
controlled,scaled_latent_2d,0,430,0.0054045161467507277
controlled,scaled_latent_2d,0,440,0.0054045161467507277
controlled,scaled_latent_2d,0,450,0.0054045161467507269
controlled,scaled_latent_2d,0,460,0.0054045161467507295
controlled,scaled_latent_2d,0,470,0.0054045161467507277
controlled,scaled_latent_2d,0,480,0.0054045161467507286
controlled,scaled_latent_2d,0,490,0.0054045161467507295
controlled,scaled_latent_2d,0,500,0.0054045161467507277
controlled,scaled_latent_2d,0,510,0.0054045161467507286
controlled,scaled_latent_2d,0,520,0.0054045161467507277
controlled,scaled_latent_2d,0,530,0.0054045161467507277
controlled,scaled_latent_2d,0,540,0.0054045161467507295
controlled,scaled_latent_2d,0,550,0.0054045161467507277
controlled,scaled_latent_2d,0,560,0.0054045161467507277
controlled,scaled_latent_2d,0,570,0.0054045161467507277
controlled,scaled_latent_2d,0,580,0.0054045161467507277
controlled,scaled_latent_2d,0,590,0.0054045161467507251
controlled,scaled_latent_2d,0,600,0.0054045161467507277
controlled,scaled_latent_2d,0,610,0.0054045161467507295
controlled,scaled_latent_2d,0,620,0.0054045161467507277
controlled,scaled_latent_2d,0,630,0.0054045161467507269
controlled,scaled_latent_2d,0,640,0.0054045161467507277
controlled,scaled_latent_2d,0,650,0.0054045161467507277
controlled,scaled_latent_2d,0,660,0.0054045161467507269
controlled,scaled_latent_2d,0,670,0.0054045161467507269
controlled,scaled_latent_2d,0,680,0.0054045161467507269
controlled,scaled_latent_2d,0,690,0.0054045161467507269
controlled,scaled_latent_2d,0,700,0.0054045161467507277
controlled,scaled_latent_2d,0,710,0.0054045161467507269
controlled,scaled_latent_2d,0,720,0.0054045161467507277
controlled,scaled_latent_2d,0,730,0.0054045161467507269
controlled,scaled_latent_2d,0,740,0.0054045161467507277
controlled,scaled_latent_2d,0,750,0.0054045161467507269
controlled,scaled_latent_2d,0,760,0.0054045161467507277
controlled,scaled_latent_2d,0,770,0.0054045161467507269
controlled,scaled_latent_2d,0,780,0.0054045161467507277
controlled,scaled_latent_2d,0,790,0.0054045161467507269
controlled,scaled_latent_2d,0,800,0.0054045161467507277
controlled,scaled_latent_2d,0,810,0.0054045161467507269
controlled,scaled_latent_2d,0,820,0.0054045161467507277
controlled,scaled_latent_2d,0,830,0.0054045161467507269
controlled,scaled_latent_2d,0,840,0.0054045161467507277
controlled,scaled_latent_2d,0,850,0.0054045161467507269
controlled,scaled_latent_2d,0,860,0.0054045161467507277
controlled,scaled_latent_2d,0,870,0.0054045161467507269
controlled,scaled_latent_2d,0,880,0.0054045161467507277
controlled,scaled_latent_2d,0,890,0.0054045161467507269
controlled,scaled_latent_2d,0,899,0.0054045161467507277
controlled,scaled_latent_2d,0,900,0.0054045161467507251
controlled,scaled_latent_2d,0,901,0.0054045161467507251
controlled,height_field_3d,1,0,0.070669291264385703
controlled,height_field_3d,1,10,0.0077083138869431566
controlled,height_field_3d,1,20,0.004705664261849778
controlled,height_field_3d,1,30,0.0031095460361494926
controlled,height_field_3d,1,40,0.0023194207837392107
controlled,height_field_3d,1,50,0.0019155334278859867
controlled,height_field_3d,1,60,0.0016424355957902546
controlled,height_field_3d,1,70,0.0013750961748453328
controlled,height_field_3d,1,80,0.0011203455400618863
controlled,height_field_3d,1,90,0.00088122991262610075
controlled,height_field_3d,1,100,0.00068402984779950221
controlled,height_field_3d,1,110,0.00049360246749494184
controlled,height_field_3d,1,120,0.000359665326222886
controlled,height_field_3d,1,130,0.00025951088458142061
controlled,height_field_3d,1,140,0.00019096826527272085
controlled,height_field_3d,1,150,0.00014329558652769457
controlled,height_field_3d,1,160,0.00010434559287454489
controlled,height_field_3d,1,170,7.5976653195858194e-05
controlled,height_field_3d,1,180,5.6312798549891447e-05
controlled,height_field_3d,1,190,4.3863494283009952e-05
controlled,height_field_3d,1,200,3.8349406064746438e-05
controlled,height_field_3d,1,210,3.4799358618851883e-05
controlled,height_field_3d,1,220,3.2174133261327456e-05
controlled,height_field_3d,1,230,2.9730595013512868e-05
controlled,height_field_3d,1,240,2.7219144416016792e-05
controlled,height_field_3d,1,250,2.4357037844499579e-05
controlled,height_field_3d,1,260,2.1116572677596112e-05
controlled,height_field_3d,1,270,1.7715550023496132e-05
controlled,height_field_3d,1,280,1.4239155120934989e-05
controlled,height_field_3d,1,290,1.0933753885107852e-05
controlled,height_field_3d,1,300,7.8406053459340979e-06
controlled,height_field_3d,1,310,5.125424177741851e-06
controlled,height_field_3d,1,320,3.1251691968520832e-06
controlled,height_field_3d,1,330,1.8252071845233534e-06
controlled,height_field_3d,1,340,1.0321017805440041e-06
controlled,height_field_3d,1,350,6.0940561788798147e-07
controlled,height_field_3d,1,360,3.9901206185634542e-07
controlled,height_field_3d,1,370,2.9366643997239992e-07
controlled,height_field_3d,1,380,2.4274895016063586e-07
controlled,height_field_3d,1,390,2.1797487942478888e-07
controlled,height_field_3d,1,400,2.0581829409217635e-07
controlled,height_field_3d,1,410,1.9949132908642256e-07
controlled,height_field_3d,1,420,1.9607287153579921e-07
controlled,height_field_3d,1,430,1.9419300069016583e-07
controlled,height_field_3d,1,440,1.931618832830382e-07
controlled,height_field_3d,1,450,1.9260043645304681e-07
controlled,height_field_3d,1,460,1.9229897320742659e-07
controlled,height_field_3d,1,470,1.921399602233337e-07
controlled,height_field_3d,1,480,1.9205763158067097e-07
controlled,height_field_3d,1,490,1.9201573691047729e-07
controlled,height_field_3d,1,500,1.9199478368187296e-07
controlled,height_field_3d,1,510,1.9198448448399062e-07
controlled,height_field_3d,1,520,1.9197951172796487e-07
controlled,height_field_3d,1,530,1.919771543976965e-07
controlled,height_field_3d,1,540,1.9197605845296844e-07
controlled,height_field_3d,1,550,1.919755593713801e-07
controlled,height_field_3d,1,560,1.9197533704245345e-07
controlled,height_field_3d,1,570,1.9197524028431761e-07
controlled,height_field_3d,1,580,1.9197519920978468e-07
controlled,height_field_3d,1,590,1.9197518223150868e-07
controlled,height_field_3d,1,600,1.9197517541225215e-07
controlled,height_field_3d,1,610,1.9197517275782991e-07
controlled,height_field_3d,1,620,1.9197517175983589e-07
controlled,height_field_3d,1,630,1.91975171398993e-07
controlled,height_field_3d,1,640,1.9197517127424318e-07
controlled,height_field_3d,1,650,1.9197517123333228e-07
controlled,height_field_3d,1,660,1.919751712207504e-07
controlled,height_field_3d,1,670,1.919751712171854e-07
controlled,height_field_3d,1,680,1.9197517121628272e-07
controlled,height_field_3d,1,690,1.9197517121609077e-07
controlled,height_field_3d,1,700,1.919751712160608e-07
controlled,height_field_3d,1,710,1.9197517121606064e-07
controlled,height_field_3d,1,720,1.9197517121606085e-07
controlled,height_field_3d,1,730,1.9197517121606056e-07
controlled,height_field_3d,1,740,1.9197517121606051e-07
controlled,height_field_3d,1,750,1.9197517121606014e-07
controlled,height_field_3d,1,760,1.9197517121606019e-07
controlled,height_field_3d,1,770,1.9197517121605961e-07
controlled,height_field_3d,1,780,1.9197517121605982e-07
controlled,height_field_3d,1,790,1.9197517121605998e-07
controlled,height_field_3d,1,800,1.9197517121605982e-07
controlled,height_field_3d,1,810,1.9197517121605974e-07
controlled,height_field_3d,1,820,1.9197517121615472e-07
controlled,height_field_3d,1,830,1.9197517178597114e-07
controlled,height_field_3d,1,840,1.9198219356461757e-07
controlled,height_field_3d,1,850,3.4829702207608941e-07
controlled,height_field_3d,1,860,5.8337990705838668e-07
controlled,height_field_3d,1,870,3.0554789676219457e-07
controlled,height_field_3d,1,880,9.6246714476773894e-07
controlled,height_field_3d,1,890,2.92327052210248e-07
controlled,height_field_3d,1,900,2.5071308282570514e-07
controlled,height_field_3d,1,910,2.0677344135163348e-07
controlled,height_field_3d,1,920,1.9561983541372545e-07
controlled,height_field_3d,1,930,1.9478195510217221e-07
controlled,height_field_3d,1,940,1.9263116371630803e-07
controlled,height_field_3d,1,950,1.9242740873934121e-07
controlled,height_field_3d,1,960,1.9201720180489169e-07
controlled,height_field_3d,1,970,1.9199640332680485e-07
controlled,height_field_3d,1,980,1.9199226314371284e-07
controlled,height_field_3d,1,990,1.9198303102057722e-07
controlled,height_field_3d,1,1000,1.9197724532296052e-07
controlled,height_field_3d,1,1010,1.9197538323757613e-07
controlled,height_field_3d,1,1020,1.9197546052977644e-07
controlled,height_field_3d,1,1030,1.9197521459656976e-07
controlled,height_field_3d,1,1040,1.9197522517687537e-07
controlled,height_field_3d,1,1050,1.9197517977313815e-07
controlled,height_field_3d,1,1060,1.9197517601983222e-07
controlled,height_field_3d,1,1070,1.9197517345826308e-07
controlled,height_field_3d,1,1080,1.91975171293491e-07
controlled,height_field_3d,1,1090,1.9197517136946895e-07
controlled,height_field_3d,1,1100,1.9197517132541368e-07
controlled,height_field_3d,1,1110,1.9197517172733584e-07
controlled,height_field_3d,1,1120,1.9197523579422534e-07
controlled,height_field_3d,1,1130,1.919980274723936e-07
controlled,height_field_3d,1,1140,2.1018502707770656e-07
controlled,height_field_3d,1,1150,2.4466075755739185e-07
controlled,height_field_3d,1,1160,2.8339052845706365e-07
controlled,height_field_3d,1,1170,2.1507987462554247e-07
controlled,height_field_3d,1,1180,1.9993575183127612e-07
controlled,height_field_3d,1,1190,1.1737031407264437e-06
controlled,height_field_3d,1,1199,6.104264329680194e-07
controlled,height_field_3d,1,1200,1.9197517121605919e-07
controlled,height_field_3d,1,1201,1.9197517121605919e-07
controlled,free_3d,2,0,0.045083647892826768
controlled,free_3d,2,10,0.0068809440501788003
controlled,free_3d,2,20,0.0026031411204176388
controlled,free_3d,2,30,0.0010364110633167586
controlled,free_3d,2,40,0.00043396804598304524
controlled,free_3d,2,50,0.00020489037805992101
controlled,free_3d,2,60,0.00012023940067453195
controlled,free_3d,2,70,8.2270011289226928e-05
controlled,free_3d,2,80,6.5967162219491936e-05
controlled,free_3d,2,90,5.7657012525054758e-05
controlled,free_3d,2,100,5.255570518996087e-05
controlled,free_3d,2,110,4.8835317490649401e-05
controlled,free_3d,2,120,4.5716304525372645e-05
controlled,free_3d,2,130,4.2954391029787891e-05
controlled,free_3d,2,140,4.0404693806978918e-05
controlled,free_3d,2,150,3.8006554534241404e-05
controlled,free_3d,2,160,3.5726695378045202e-05
controlled,free_3d,2,170,3.3553628327261967e-05
controlled,free_3d,2,180,3.1710579565142365e-05
controlled,free_3d,2,190,2.966725731724098e-05
controlled,free_3d,2,200,2.9040975071757714e-05
controlled,free_3d,2,210,2.706884292019104e-05
controlled,free_3d,2,220,2.4332596791801073e-05
controlled,free_3d,2,230,2.2530934969512002e-05
controlled,free_3d,2,240,2.0815724252321378e-05
controlled,free_3d,2,250,1.9287371735782402e-05
controlled,free_3d,2,260,2.1106409581127072e-05
controlled,free_3d,2,270,1.7110253631859917e-05
controlled,free_3d,2,280,1.8923383955625576e-05
controlled,free_3d,2,290,1.5375787480073362e-05
controlled,free_3d,2,300,1.367848837785969e-05
controlled,free_3d,2,310,1.2955818868654222e-05
controlled,free_3d,2,320,1.2417933600284822e-05
controlled,free_3d,2,330,1.1536353091633264e-05
controlled,free_3d,2,340,9.8985499256528421e-06
controlled,free_3d,2,350,9.3871800511747279e-06
controlled,free_3d,2,360,1.1284568874389544e-05
controlled,free_3d,2,370,9.6247863129930445e-06
controlled,free_3d,2,380,8.29301702275987e-06
controlled,free_3d,2,390,8.915835335416881e-06
controlled,free_3d,2,400,8.6211926215005346e-06
controlled,free_3d,2,410,7.9767505746525314e-06
controlled,free_3d,2,420,7.3221532593154079e-06
controlled,free_3d,2,430,7.4785774427605382e-06
controlled,free_3d,2,440,9.665776295662367e-06
controlled,free_3d,2,450,1.0266277796816152e-05
controlled,free_3d,2,460,7.465536447556829e-06
controlled,free_3d,2,470,6.154508736702793e-06
controlled,free_3d,2,480,6.8730126795316148e-06
controlled,free_3d,2,490,1.0671462004224176e-05
controlled,free_3d,2,500,1.257616101246181e-05
controlled,free_3d,2,510,9.9151476753472627e-06
controlled,free_3d,2,520,6.2916210360277409e-06
controlled,free_3d,2,530,5.7023444551886152e-06
controlled,free_3d,2,540,4.6150166584066969e-06
controlled,free_3d,2,550,4.668868040396245e-06
controlled,free_3d,2,560,1.0179474555462555e-05
controlled,free_3d,2,570,1.0964178994548947e-05
controlled,free_3d,2,580,1.1346465333249365e-05
controlled,free_3d,2,590,9.9027909000302712e-06
controlled,free_3d,2,600,6.4763595053347638e-06
controlled,free_3d,2,610,5.7620593515916837e-06
controlled,free_3d,2,620,8.3568819760379719e-06
controlled,free_3d,2,630,9.8116278079215295e-06
controlled,free_3d,2,640,1.5735433536269521e-05
controlled,free_3d,2,650,9.5547113888357687e-06
controlled,free_3d,2,660,9.9460053623238892e-06
controlled,free_3d,2,670,7.3509485905516332e-06
controlled,free_3d,2,680,1.4003464730227691e-05
controlled,free_3d,2,690,1.490702023427814e-05
controlled,free_3d,2,700,6.7979537258927648e-06
controlled,free_3d,2,710,1.0813303723703019e-05
controlled,free_3d,2,720,8.3437120123048245e-06
controlled,free_3d,2,730,1.0711018818937356e-05
controlled,free_3d,2,740,1.2332962976239639e-05
controlled,free_3d,2,750,1.0515347294592725e-05
controlled,free_3d,2,760,8.715998130278799e-06
controlled,free_3d,2,770,8.6075112865882854e-06
controlled,free_3d,2,780,1.5976436481123022e-05
controlled,free_3d,2,790,2.2561089094912559e-05
controlled,free_3d,2,800,1.2892496459343729e-05
controlled,free_3d,2,810,1.3296657732759094e-05
controlled,free_3d,2,820,8.6030749469428885e-06
controlled,free_3d,2,830,1.4988429391191802e-05
controlled,free_3d,2,840,1.2925389340418035e-05
controlled,free_3d,2,850,1.4315567935142228e-05
controlled,free_3d,2,860,1.2633672133394647e-05
controlled,free_3d,2,870,1.5123320561816137e-05
controlled,free_3d,2,880,1.4083761144121203e-05
controlled,free_3d,2,890,9.7824661477869936e-06
controlled,free_3d,2,900,1.2003809441149453e-05
controlled,free_3d,2,910,3.0397587784529664e-05
controlled,free_3d,2,920,2.4424480587878533e-05
controlled,free_3d,2,930,1.3925978980118461e-05
controlled,free_3d,2,940,1.1019839429976181e-05
controlled,free_3d,2,950,7.5373297327220826e-06
controlled,free_3d,2,960,2.1412821389305843e-05
controlled,free_3d,2,970,3.1594536142517761e-05
controlled,free_3d,2,980,1.6068757955071122e-05
controlled,free_3d,2,990,1.7521593938682138e-05
controlled,free_3d,2,1000,1.5619228467830636e-05
controlled,free_3d,2,1010,1.5183107003744959e-05
controlled,free_3d,2,1020,1.7320682849529173e-05
controlled,free_3d,2,1030,2.3217828694709362e-05
controlled,free_3d,2,1040,1.6189427642922661e-05
controlled,free_3d,2,1050,2.6859448159607357e-05
controlled,free_3d,2,1060,2.5269683660803209e-05
controlled,free_3d,2,1070,1.2802365377092533e-05
controlled,free_3d,2,1080,1.1324795202813149e-05
controlled,free_3d,2,1090,9.176438425791531e-06
controlled,free_3d,2,1100,3.5600579808749323e-05
controlled,free_3d,2,1110,3.2168035441801133e-05
controlled,free_3d,2,1120,1.5951586196106288e-05
controlled,free_3d,2,1130,2.1489023532793339e-05
controlled,free_3d,2,1140,1.888276164472371e-05
controlled,free_3d,2,1150,2.0256818018952259e-05
controlled,free_3d,2,1160,1.858213020891172e-05
controlled,free_3d,2,1170,8.5986483106703116e-06
controlled,free_3d,2,1180,1.1848302532187831e-05
controlled,free_3d,2,1190,4.6155318795733153e-05
controlled,free_3d,2,1199,3.834303699712659e-05
controlled,free_3d,2,1200,4.0214676101311423e-06
controlled,free_3d,2,1205,2.7851660844684073e-06
controlled,free_3d,2,1210,2.7149357794782131e-06
controlled,free_3d,2,1215,2.5717952304253337e-06
controlled,free_3d,2,1220,2.4635550027628438e-06
controlled,free_3d,2,1225,2.3115503428147992e-06
controlled,free_3d,2,1230,2.0634017086071289e-06
controlled,free_3d,2,1235,1.8191222599802132e-06
controlled,free_3d,2,1240,1.6554941132900732e-06
controlled,free_3d,2,1245,1.534636475932409e-06
controlled,free_3d,2,1250,1.4427634130345324e-06
controlled,free_3d,2,1255,1.3738584621070779e-06
controlled,free_3d,2,1260,1.3298386924525542e-06
controlled,free_3d,2,1265,1.2974036971521303e-06
controlled,free_3d,2,1270,1.2591271913913193e-06
controlled,free_3d,2,1275,1.2218655908829489e-06
controlled,free_3d,2,1280,1.1830379264620771e-06
controlled,free_3d,2,1285,1.138363288757016e-06
controlled,free_3d,2,1290,1.1005293514736423e-06
controlled,free_3d,2,1295,1.0621285278615299e-06
controlled,free_3d,2,1300,1.0270651372844781e-06
controlled,free_3d,2,1305,9.8858463090688312e-07
controlled,free_3d,2,1310,9.5106910557066975e-07
controlled,free_3d,2,1315,9.0951210304555756e-07
controlled,free_3d,2,1320,8.655745599870862e-07
controlled,free_3d,2,1325,8.218918073832075e-07
controlled,free_3d,2,1330,7.834041972659735e-07
controlled,free_3d,2,1335,7.4232609004427617e-07
controlled,free_3d,2,1340,6.9985086286768627e-07
controlled,free_3d,2,1345,6.6031439170947941e-07
controlled,free_3d,2,1350,6.2829336470310886e-07
controlled,free_3d,2,1355,6.0067135839894542e-07
controlled,free_3d,2,1360,5.7381187323348219e-07
controlled,free_3d,2,1365,5.49707921285606e-07
controlled,free_3d,2,1370,5.2428676898618285e-07
controlled,free_3d,2,1375,5.0175631021813134e-07
controlled,free_3d,2,1380,4.7795755557812847e-07
controlled,free_3d,2,1385,4.5348238861327397e-07
controlled,free_3d,2,1390,4.2700462698874357e-07
controlled,free_3d,2,1395,4.0275843656396166e-07
controlled,free_3d,2,1400,3.7554720467564808e-07
controlled,free_3d,2,1405,3.443095493995169e-07
controlled,free_3d,2,1410,3.2015511893251827e-07
controlled,free_3d,2,1415,2.976420153373474e-07
controlled,free_3d,2,1420,2.7836755358512505e-07
controlled,free_3d,2,1422,2.743397997376465e-07
mnist,scaled_latent_2d,0,0,0.056519399688556481
mnist,scaled_latent_2d,0,10,0.053935317902152814
mnist,scaled_latent_2d,0,20,0.05384723606103909
mnist,scaled_latent_2d,0,30,0.053840380942983157
mnist,scaled_latent_2d,0,40,0.053846661474283429
mnist,scaled_latent_2d,0,50,0.053847711893260763
mnist,scaled_latent_2d,0,60,0.053842449795562436
mnist,scaled_latent_2d,0,70,0.053840087500614489
mnist,scaled_latent_2d,0,80,0.053840439150946974
mnist,scaled_latent_2d,0,90,0.053840137452509818
mnist,scaled_latent_2d,0,100,0.053840117558388516
mnist,scaled_latent_2d,0,110,0.053840094938277738
mnist,scaled_latent_2d,0,120,0.053840092328053563
mnist,scaled_latent_2d,0,130,0.05384008749368005
mnist,scaled_latent_2d,0,140,0.053840088168352923
mnist,scaled_latent_2d,0,150,0.053840087398246701
mnist,scaled_latent_2d,0,160,0.053840087333299369
mnist,scaled_latent_2d,0,170,0.053840087349688211
mnist,scaled_latent_2d,0,180,0.053840087321741739
mnist,scaled_latent_2d,0,190,0.0538400873128667
mnist,scaled_latent_2d,0,200,0.05384008731296467
mnist,scaled_latent_2d,0,210,0.053840087313089542
mnist,scaled_latent_2d,0,220,0.053840087312863917
mnist,scaled_latent_2d,0,230,0.053840087312716056
mnist,scaled_latent_2d,0,240,0.053840087312665132
mnist,scaled_latent_2d,0,250,0.053840087312652586
mnist,scaled_latent_2d,0,260,0.053840087312650109
mnist,scaled_latent_2d,0,270,0.053840087312649706
mnist,scaled_latent_2d,0,280,0.053840087312649651
mnist,scaled_latent_2d,0,290,0.053840087312649644
mnist,scaled_latent_2d,0,300,0.053840087312649644
mnist,scaled_latent_2d,0,310,0.053840087312649644
mnist,scaled_latent_2d,0,320,0.053840087312649637
mnist,scaled_latent_2d,0,330,0.053840087312649644
mnist,scaled_latent_2d,0,340,0.053840087312649644
mnist,scaled_latent_2d,0,350,0.053840087312649644
mnist,scaled_latent_2d,0,360,0.05384008731264963
mnist,scaled_latent_2d,0,370,0.053840087312649644
mnist,scaled_latent_2d,0,380,0.053840087312649644
mnist,scaled_latent_2d,0,390,0.053840087312649637
mnist,scaled_latent_2d,0,400,0.053840087312649623
mnist,scaled_latent_2d,0,410,0.053840087312649644
mnist,scaled_latent_2d,0,420,0.05384008731264963
mnist,scaled_latent_2d,0,430,0.053840087312649644
mnist,scaled_latent_2d,0,440,0.053840087312649644
mnist,scaled_latent_2d,0,450,0.05384008731264963
mnist,scaled_latent_2d,0,460,0.05384008731264963
mnist,scaled_latent_2d,0,470,0.053840087312649644
mnist,scaled_latent_2d,0,480,0.05384008731264963
mnist,scaled_latent_2d,0,490,0.05384008731264963
mnist,scaled_latent_2d,0,500,0.053840087312649644
mnist,scaled_latent_2d,0,510,0.053840087312649637
mnist,scaled_latent_2d,0,520,0.053840087312649644
mnist,scaled_latent_2d,0,530,0.053840087312649644
mnist,scaled_latent_2d,0,540,0.053840087312649644
mnist,scaled_latent_2d,0,550,0.053840087312649644
mnist,scaled_latent_2d,0,560,0.053840087312649637
mnist,scaled_latent_2d,0,570,0.05384008731264963
mnist,scaled_latent_2d,0,580,0.053840087312649644
mnist,scaled_latent_2d,0,590,0.053840087312649644
mnist,scaled_latent_2d,0,600,0.053840087312649644
mnist,scaled_latent_2d,0,610,0.053840087312649644
mnist,scaled_latent_2d,0,620,0.053840087312649644
mnist,scaled_latent_2d,0,630,0.053840087312649644
mnist,scaled_latent_2d,0,640,0.053840087312649644
mnist,scaled_latent_2d,0,650,0.053840087312649644
mnist,scaled_latent_2d,0,660,0.053840087312649644
mnist,scaled_latent_2d,0,670,0.053840087312649644
mnist,scaled_latent_2d,0,680,0.053840087312649644
mnist,scaled_latent_2d,0,690,0.053840087312649644
mnist,scaled_latent_2d,0,700,0.053840087312649644
mnist,scaled_latent_2d,0,710,0.053840087312649644
mnist,scaled_latent_2d,0,720,0.053840087312649644
mnist,scaled_latent_2d,0,730,0.053840087312649644
mnist,scaled_latent_2d,0,740,0.053840087312649644
mnist,scaled_latent_2d,0,750,0.053840087312649644
mnist,scaled_latent_2d,0,760,0.053840087312649644
mnist,scaled_latent_2d,0,770,0.053840087312649644
mnist,scaled_latent_2d,0,780,0.053840087312649644
mnist,scaled_latent_2d,0,790,0.053840087312649644
mnist,scaled_latent_2d,0,800,0.053840087312649644
mnist,scaled_latent_2d,0,810,0.053840087312649644
mnist,scaled_latent_2d,0,820,0.053840087312649644
mnist,scaled_latent_2d,0,830,0.053840087312649644
mnist,scaled_latent_2d,0,840,0.053840087312649644
mnist,scaled_latent_2d,0,850,0.053840087312649644
mnist,scaled_latent_2d,0,860,0.053840087312649644
mnist,scaled_latent_2d,0,870,0.053840087312649644
mnist,scaled_latent_2d,0,880,0.053840087312649644
mnist,scaled_latent_2d,0,890,0.053840087312649644
mnist,scaled_latent_2d,0,899,0.053840087312649644
mnist,scaled_latent_2d,0,900,0.053840087312649623
mnist,scaled_latent_2d,0,901,0.053840087312649623
mnist,free_2d_reference,0,0,0.047007630661620364
mnist,free_2d_reference,0,10,1.3434182771017891
mnist,free_2d_reference,0,20,0.17966458132291313
mnist,free_2d_reference,0,30,0.1024945995292388
mnist,free_2d_reference,0,40,0.053757412940362258
mnist,free_2d_reference,0,50,0.030322289840568988
mnist,free_2d_reference,0,60,0.0209338176147521
mnist,free_2d_reference,0,70,0.016894175371782231
mnist,free_2d_reference,0,80,0.015432842722669664
mnist,free_2d_reference,0,90,0.014791661571247302
mnist,free_2d_reference,0,100,0.014477848790508572
mnist,free_2d_reference,0,110,0.01418164917729945
mnist,free_2d_reference,0,120,0.014015694892353867
mnist,free_2d_reference,0,130,0.01391902330337577
mnist,free_2d_reference,0,140,0.013845934409426049
mnist,free_2d_reference,0,150,0.013769138853446205
mnist,free_2d_reference,0,160,0.013729569121399849
mnist,free_2d_reference,0,170,0.013704682484300438
mnist,free_2d_reference,0,180,0.013632839566917552
mnist,free_2d_reference,0,190,0.013381109282797257
mnist,free_2d_reference,0,200,0.013203747097143517
mnist,free_2d_reference,0,210,0.013138907428841813
mnist,free_2d_reference,0,220,0.013109905838725937
mnist,free_2d_reference,0,230,0.013092038700598763
mnist,free_2d_reference,0,240,0.013068035146211472
mnist,free_2d_reference,0,250,0.012942018308637842
mnist,free_2d_reference,0,260,0.012907149437589215
mnist,free_2d_reference,0,270,0.012891246961702123
mnist,free_2d_reference,0,280,0.012882947254427273
mnist,free_2d_reference,0,290,0.012878342838940142
mnist,free_2d_reference,0,300,0.012875421896474511
mnist,free_2d_reference,0,310,0.012873333733426398
mnist,free_2d_reference,0,320,0.012871850054210451
mnist,free_2d_reference,0,330,0.012894344268627208
mnist,free_2d_reference,0,340,0.013331209240030268
mnist,free_2d_reference,0,350,0.012944602227349729
mnist,free_2d_reference,0,360,0.013000087935527966
mnist,free_2d_reference,0,370,0.012892929653538675
mnist,free_2d_reference,0,380,0.013128404057164682
mnist,free_2d_reference,0,390,0.013013254379309986
mnist,free_2d_reference,0,400,0.012889010330666566
mnist,free_2d_reference,0,410,0.012903988811936466
mnist,free_2d_reference,0,420,0.012945746630290305
mnist,free_2d_reference,0,430,0.012979005098022177
mnist,free_2d_reference,0,440,0.012986472757680292
mnist,free_2d_reference,0,450,0.013030671527374067
mnist,free_2d_reference,0,460,0.012958868366996919
mnist,free_2d_reference,0,470,0.013141914891069695
mnist,free_2d_reference,0,480,0.012961562608655457
mnist,free_2d_reference,0,490,0.013490856683824869
mnist,free_2d_reference,0,500,0.013113484732718289
mnist,free_2d_reference,0,510,0.013184667467844332
mnist,free_2d_reference,0,520,0.013457632386577352
mnist,free_2d_reference,0,530,0.014789071988843636
mnist,free_2d_reference,0,540,0.013979753465252607
mnist,free_2d_reference,0,550,0.014190828428119751
mnist,free_2d_reference,0,560,0.014161663332736312
mnist,free_2d_reference,0,570,0.013445087407827266
mnist,free_2d_reference,0,580,0.013557442274347426
mnist,free_2d_reference,0,590,0.013222068770507437
mnist,free_2d_reference,0,600,0.014008760090154837
mnist,free_2d_reference,0,610,0.013785812259725052
mnist,free_2d_reference,0,620,0.014234598374588635
mnist,free_2d_reference,0,630,0.014437892215788155
mnist,free_2d_reference,0,640,0.014279862796115353
mnist,free_2d_reference,0,650,0.01473763689839778
mnist,free_2d_reference,0,660,0.017238042479003051
mnist,free_2d_reference,0,670,0.060057360445098781
mnist,free_2d_reference,0,680,0.13633935867808614
mnist,free_2d_reference,0,690,0.08651521503939992
mnist,free_2d_reference,0,700,0.13693973912744126
mnist,free_2d_reference,0,710,0.18337042851995369
mnist,free_2d_reference,0,720,0.10698138661373627
mnist,free_2d_reference,0,730,0.088709989742155299
mnist,free_2d_reference,0,740,0.17970352179375951
mnist,free_2d_reference,0,750,0.12224930307977441
mnist,free_2d_reference,0,760,0.071525261896477052
mnist,free_2d_reference,0,770,0.045421842617771511
mnist,free_2d_reference,0,780,0.024863095348738498
mnist,free_2d_reference,0,790,0.016881352240843212
mnist,free_2d_reference,0,800,0.013473649101729986
mnist,free_2d_reference,0,810,0.01212536524719119
mnist,free_2d_reference,0,820,0.011517983151431975
mnist,free_2d_reference,0,830,0.011288264238547216
mnist,free_2d_reference,0,840,0.011221252019764802
mnist,free_2d_reference,0,850,0.011194180186557405
mnist,free_2d_reference,0,860,0.011183716391412199
mnist,free_2d_reference,0,870,0.01117947228665319
mnist,free_2d_reference,0,880,0.011186348350362394
mnist,free_2d_reference,0,890,0.011854333963979887
mnist,free_2d_reference,0,900,0.011419159219302066
mnist,free_2d_reference,0,910,0.011193244448620732
mnist,free_2d_reference,0,920,0.011183027907890797
mnist,free_2d_reference,0,930,0.011173692070043243
mnist,free_2d_reference,0,940,0.011166729227157095
mnist,free_2d_reference,0,950,0.011163503370968794
mnist,free_2d_reference,0,960,0.011212891248409745
mnist,free_2d_reference,0,970,0.011677025059647874
mnist,free_2d_reference,0,980,0.011164055687474281
mnist,free_2d_reference,0,990,0.011345083043362963
mnist,free_2d_reference,0,1000,0.011151597596225138
mnist,free_2d_reference,0,1010,0.011220763224525251
mnist,free_2d_reference,0,1020,0.011597600673239459
mnist,free_2d_reference,0,1030,0.011367029102823533
mnist,free_2d_reference,0,1040,0.011277986149794587
mnist,free_2d_reference,0,1050,0.011749072412687793
mnist,free_2d_reference,0,1060,0.011303870713255598
mnist,free_2d_reference,0,1070,0.0112714224359238
mnist,free_2d_reference,0,1080,0.01251982547802543
mnist,free_2d_reference,0,1090,0.011579364526030622
mnist,free_2d_reference,0,1100,0.011605909698685701
mnist,free_2d_reference,0,1110,0.011934645052132436
mnist,free_2d_reference,0,1120,0.011411635624414242
mnist,free_2d_reference,0,1130,0.011574212693575345
mnist,free_2d_reference,0,1140,0.011333580375624182
mnist,free_2d_reference,0,1150,0.012784654724099068
mnist,free_2d_reference,0,1160,0.011443833069433531
mnist,free_2d_reference,0,1170,0.011749608650830429
mnist,free_2d_reference,0,1180,0.011682214412593064
mnist,free_2d_reference,0,1190,0.011858125184068712
mnist,free_2d_reference,0,1199,0.011599441482200034
mnist,free_2d_reference,0,1200,0.011151597596225138
mnist,free_2d_reference,0,1205,0.011146745219034767
mnist,free_2d_reference,0,1210,0.01114638327995713
mnist,free_2d_reference,0,1215,0.011145452258489012
mnist,free_2d_reference,0,1220,0.01114306273396665
mnist,free_2d_reference,0,1225,0.011140424956724883
mnist,free_2d_reference,0,1230,0.01113803310991175
mnist,free_2d_reference,0,1235,0.011136826457551888
mnist,free_2d_reference,0,1240,0.011135902834447382
mnist,free_2d_reference,0,1245,0.011135013510365322
mnist,free_2d_reference,0,1250,0.011134375306934775
mnist,free_2d_reference,0,1255,0.011134096448482417
mnist,free_2d_reference,0,1260,0.01113392209534605
mnist,free_2d_reference,0,1265,0.01113385725357436
mnist,free_2d_reference,0,1270,0.011133800824457068
mnist,free_2d_reference,0,1275,0.011133737440986505
mnist,free_2d_reference,0,1280,0.011133679901354653
mnist,free_2d_reference,0,1285,0.011133630268720416
mnist,free_2d_reference,0,1290,0.011133590273467667
mnist,free_2d_reference,0,1295,0.011133563082947568
mnist,free_2d_reference,0,1300,0.011133550243730356
mnist,free_2d_reference,0,1305,0.011133542737521301
mnist,free_2d_reference,0,1310,0.011133537343269762
mnist,free_2d_reference,0,1315,0.011133531423856504
mnist,free_2d_reference,0,1320,0.011133524950219287
mnist,free_2d_reference,0,1325,0.011133521061968452
mnist,free_2d_reference,0,1330,0.011133518605336073
mnist,free_2d_reference,0,1335,0.011133517089875726
mnist,free_2d_reference,0,1340,0.011133516089707763
mnist,free_2d_reference,0,1345,0.011133515559238119
mnist,free_2d_reference,0,1350,0.011133515067101248
mnist,free_2d_reference,0,1355,0.011133514847931882
mnist,free_2d_reference,0,1360,0.011133514730070831
mnist,free_2d_reference,0,1365,0.011133514641140303
mnist,free_2d_reference,0,1370,0.011133514568441038
mnist,free_2d_reference,0,1375,0.011133514506709682
mnist,free_2d_reference,0,1380,0.011133514453206209
mnist,free_2d_reference,0,1385,0.011133514406323692
mnist,free_2d_reference,0,1390,0.011133514365087577
mnist,free_2d_reference,0,1395,0.011133514328968717
mnist,free_2d_reference,0,1400,0.011133514297849948
mnist,free_2d_reference,0,1405,0.011133514272108406
mnist,free_2d_reference,0,1410,0.011133514227755435
mnist,free_2d_reference,0,1415,0.011133514197982216
mnist,free_2d_reference,0,1420,0.011133514157530857
mnist,free_2d_reference,0,1425,0.011133514135254511
mnist,free_2d_reference,0,1430,0.011133514108938699
mnist,smooth_3d,1,0,0.0704706981820407
mnist,smooth_3d,1,10,0.1161915083187494
mnist,smooth_3d,1,20,0.13292283826400267
mnist,smooth_3d,1,30,0.15284879002350776
mnist,smooth_3d,1,40,0.17541971467299616
mnist,smooth_3d,1,50,0.15572958205411958
mnist,smooth_3d,1,60,0.15791984205556023
mnist,smooth_3d,1,70,0.19894759831114209
mnist,smooth_3d,1,80,0.20076109287986477
mnist,smooth_3d,1,90,0.19510692883185551
mnist,smooth_3d,1,100,0.20325170095909723
mnist,smooth_3d,1,110,0.16932815554805006
mnist,smooth_3d,1,120,0.17565765288624971
mnist,smooth_3d,1,130,0.17901713446301976
mnist,smooth_3d,1,140,0.198386917671662
mnist,smooth_3d,1,150,0.21870002824457008
mnist,smooth_3d,1,160,0.21285053552215624
mnist,smooth_3d,1,170,0.21013269152086581
mnist,smooth_3d,1,180,0.28432128746565938
mnist,smooth_3d,1,190,0.20745606733321176
mnist,smooth_3d,1,200,0.28465259875162985
mnist,smooth_3d,1,210,0.28341237478478049
mnist,smooth_3d,1,220,0.25271724817833224
mnist,smooth_3d,1,230,0.21097159183150557
mnist,smooth_3d,1,240,0.26005308825055351
mnist,smooth_3d,1,250,0.23278058762536949
mnist,smooth_3d,1,260,0.2739686434047871
mnist,smooth_3d,1,270,0.27736406868194841
mnist,smooth_3d,1,280,0.24871933131264248
mnist,smooth_3d,1,290,0.3320695220264801
mnist,smooth_3d,1,300,0.28076631340742497
mnist,smooth_3d,1,310,0.39737523535495262
mnist,smooth_3d,1,320,0.36518211236201198
mnist,smooth_3d,1,330,0.36023236457680224
mnist,smooth_3d,1,340,0.31154501290499537
mnist,smooth_3d,1,350,0.24306720525672615
mnist,smooth_3d,1,360,0.26682516161226172
mnist,smooth_3d,1,370,0.30377646499893302
mnist,smooth_3d,1,380,0.41420992313096106
mnist,smooth_3d,1,390,0.30897198368477435
mnist,smooth_3d,1,400,0.34227925186204328
mnist,smooth_3d,1,410,0.39986919349545708
mnist,smooth_3d,1,420,0.34253606291747912
mnist,smooth_3d,1,430,0.51849913811655401
mnist,smooth_3d,1,440,0.4407657319909643
mnist,smooth_3d,1,450,0.30564650410621763
mnist,smooth_3d,1,460,0.4314876322389456
mnist,smooth_3d,1,470,0.41343095199974578
mnist,smooth_3d,1,480,0.42528668354078952
mnist,smooth_3d,1,490,0.64159671119027761
mnist,smooth_3d,1,500,0.46655745094942153
mnist,smooth_3d,1,510,0.46197562187163815
mnist,smooth_3d,1,520,0.51961595994736121
mnist,smooth_3d,1,530,0.46902450648733451
mnist,smooth_3d,1,540,0.50403433116389817
mnist,smooth_3d,1,550,0.42359408535923293
mnist,smooth_3d,1,560,0.49465358419781619
mnist,smooth_3d,1,570,0.36438479551158676
mnist,smooth_3d,1,580,0.58689948224661614
mnist,smooth_3d,1,590,0.37090635568687808
mnist,smooth_3d,1,600,0.46785123024287412
mnist,smooth_3d,1,610,0.38372001225351277
mnist,smooth_3d,1,620,0.38458411572068518
mnist,smooth_3d,1,630,0.4003592531442709
mnist,smooth_3d,1,640,0.41830516496220799
mnist,smooth_3d,1,650,0.36797269227069734
mnist,smooth_3d,1,660,0.48867832268160938
mnist,smooth_3d,1,670,0.48411240406793643
mnist,smooth_3d,1,680,0.52906101430223762
mnist,smooth_3d,1,690,0.42109617779822617
mnist,smooth_3d,1,700,0.45902338731133668
mnist,smooth_3d,1,710,0.46133665163123677
mnist,smooth_3d,1,720,0.45161490283096029
mnist,smooth_3d,1,730,0.42451977442842964
mnist,smooth_3d,1,740,0.48216882443536224
mnist,smooth_3d,1,750,0.57294668057374598
mnist,smooth_3d,1,760,0.48143470183528358
mnist,smooth_3d,1,770,0.40105924409854266
mnist,smooth_3d,1,780,0.42447375808139881
mnist,smooth_3d,1,790,0.36297581210228191
mnist,smooth_3d,1,800,0.54536184121636699
mnist,smooth_3d,1,810,0.44070893760733865
mnist,smooth_3d,1,820,0.49683720620510685
mnist,smooth_3d,1,830,0.40302977596755807
mnist,smooth_3d,1,840,0.52117624036774146
mnist,smooth_3d,1,850,0.43050832738867334
mnist,smooth_3d,1,860,0.43219802373433036
mnist,smooth_3d,1,870,0.5021882689283933
mnist,smooth_3d,1,880,0.48915658837793158
mnist,smooth_3d,1,890,0.42057541190884945
mnist,smooth_3d,1,900,0.39324915467684346
mnist,smooth_3d,1,910,0.35124566408200825
mnist,smooth_3d,1,920,0.44449751146235111
mnist,smooth_3d,1,930,0.41670081836262385
mnist,smooth_3d,1,940,0.29748807106381842
mnist,smooth_3d,1,950,0.34640565693830172
mnist,smooth_3d,1,960,0.34667869872330404
mnist,smooth_3d,1,970,0.37926304673171851
mnist,smooth_3d,1,980,0.34970357810714209
mnist,smooth_3d,1,990,0.37197866783177475
mnist,smooth_3d,1,1000,0.35484013182685575
mnist,smooth_3d,1,1010,0.33213461377572878
mnist,smooth_3d,1,1020,0.32260897965952778
mnist,smooth_3d,1,1030,0.24630151301221631
mnist,smooth_3d,1,1040,0.29197228368861022
mnist,smooth_3d,1,1050,0.39841293279994727
mnist,smooth_3d,1,1060,0.36869143460255005
mnist,smooth_3d,1,1070,0.29249835337421615
mnist,smooth_3d,1,1080,0.31736420276938554
mnist,smooth_3d,1,1090,0.32017172150962786
mnist,smooth_3d,1,1100,0.33150541797524585
mnist,smooth_3d,1,1110,0.29397127838627807
mnist,smooth_3d,1,1120,0.35920093183207824
mnist,smooth_3d,1,1130,0.33593387441156169
mnist,smooth_3d,1,1140,0.28886082915093403
mnist,smooth_3d,1,1150,0.35407500832075905
mnist,smooth_3d,1,1160,0.305031463275384
mnist,smooth_3d,1,1170,0.31691698347539671
mnist,smooth_3d,1,1180,0.33275345370422721
mnist,smooth_3d,1,1190,0.51802528080179377
mnist,smooth_3d,1,1200,0.40236470053689743
mnist,smooth_3d,1,1210,0.34123305811777388
mnist,smooth_3d,1,1220,0.34439635742949054
mnist,smooth_3d,1,1230,0.38112954555751166
mnist,smooth_3d,1,1240,0.39518285417553356
mnist,smooth_3d,1,1250,0.40202022924986197
mnist,smooth_3d,1,1260,0.34690775166097521
mnist,smooth_3d,1,1270,0.358804842298584
mnist,smooth_3d,1,1280,0.39129005614833828
mnist,smooth_3d,1,1290,0.37824549192718099
mnist,smooth_3d,1,1300,0.44752086050381662
mnist,smooth_3d,1,1310,0.44393184574729894
mnist,smooth_3d,1,1320,0.31515030902934388
mnist,smooth_3d,1,1330,0.38828326425793058
mnist,smooth_3d,1,1340,0.33129056915835209
mnist,smooth_3d,1,1350,0.30675168596895275
mnist,smooth_3d,1,1360,0.39202479050884209
mnist,smooth_3d,1,1370,0.32254976216693543
mnist,smooth_3d,1,1380,0.42471257495151649
mnist,smooth_3d,1,1390,0.28612796053490791
mnist,smooth_3d,1,1400,0.39486063190609372
mnist,smooth_3d,1,1410,0.31321352645164968
mnist,smooth_3d,1,1420,0.42923278658169434
mnist,smooth_3d,1,1430,0.42451351823089817
mnist,smooth_3d,1,1440,0.44151766456593944
mnist,smooth_3d,1,1450,0.4248194211594381
mnist,smooth_3d,1,1460,0.30965383055293483
mnist,smooth_3d,1,1470,0.50053936926685383
mnist,smooth_3d,1,1480,0.36906530552399175
mnist,smooth_3d,1,1490,0.40171622051780248
mnist,smooth_3d,1,1500,0.40492711871620213
mnist,smooth_3d,1,1510,0.30024948595201145
mnist,smooth_3d,1,1520,0.39962463253737607
mnist,smooth_3d,1,1530,0.38326518331269399
mnist,smooth_3d,1,1540,0.36901060377396705
mnist,smooth_3d,1,1550,0.3874559621155344
mnist,smooth_3d,1,1560,0.36531267454738037
mnist,smooth_3d,1,1570,0.34516599043419383
mnist,smooth_3d,1,1580,0.46511191886611603
mnist,smooth_3d,1,1590,0.47309901425097323
mnist,smooth_3d,1,1600,0.36946809217696297
mnist,smooth_3d,1,1610,0.32716721156680556
mnist,smooth_3d,1,1620,0.34328733223029173
mnist,smooth_3d,1,1630,0.35252989493229009
mnist,smooth_3d,1,1640,0.4356990118597957
mnist,smooth_3d,1,1650,0.42695741532235032
mnist,smooth_3d,1,1660,0.35609519804369466
mnist,smooth_3d,1,1670,0.32761075655767102
mnist,smooth_3d,1,1680,0.39637687073338179
mnist,smooth_3d,1,1690,0.36281692356317891
mnist,smooth_3d,1,1700,0.38675340397878327
mnist,smooth_3d,1,1710,0.3766055757133141
mnist,smooth_3d,1,1720,0.4198545830370955
mnist,smooth_3d,1,1730,0.40791716965682495
mnist,smooth_3d,1,1740,0.38192537530842186
mnist,smooth_3d,1,1750,0.41463092020062847
mnist,smooth_3d,1,1760,0.40857622573165325
mnist,smooth_3d,1,1770,0.32550814201113898
mnist,smooth_3d,1,1780,0.39361491472089283
mnist,smooth_3d,1,1790,0.42242800172393691
mnist,smooth_3d,1,1799,0.44823880521785175
mnist,smooth_3d,1,1800,0.0704706981820407
mnist,smooth_3d,1,1805,0.068761804146160371
mnist,smooth_3d,1,1810,0.064208679897790444
mnist,smooth_3d,1,1815,0.061655794810924834
mnist,smooth_3d,1,1820,0.058210355661633677
mnist,smooth_3d,1,1825,0.055981168161035655
mnist,smooth_3d,1,1830,0.051932036591639516
mnist,smooth_3d,1,1835,0.050338021057309806
mnist,smooth_3d,1,1840,0.049795996264386154
mnist,smooth_3d,1,1845,0.049021131490755064
mnist,smooth_3d,1,1850,0.045640071542069983
mnist,smooth_3d,1,1855,0.043562728572887628
mnist,smooth_3d,1,1860,0.042107685183873977
mnist,smooth_3d,1,1865,0.038861695345551589
mnist,smooth_3d,1,1870,0.037575709580755581
mnist,smooth_3d,1,1875,0.036512274536478831
mnist,smooth_3d,1,1880,0.035379938095554189
mnist,smooth_3d,1,1885,0.03449067650035003
mnist,smooth_3d,1,1890,0.034478312758938874
mnist,smooth_3d,1,1895,0.032290520289112883
mnist,smooth_3d,1,1900,0.031277996219582362
mnist,smooth_3d,1,1905,0.030240225596472593
mnist,smooth_3d,1,1910,0.029391404413762347
mnist,smooth_3d,1,1915,0.028807580342195299
mnist,smooth_3d,1,1920,0.02804605727735477
mnist,smooth_3d,1,1925,0.027163853151413713
mnist,smooth_3d,1,1930,0.026279731826550669
mnist,smooth_3d,1,1935,0.025736948278390043
mnist,smooth_3d,1,1940,0.027553611721258309
mnist,smooth_3d,1,1945,0.024933300802159716
mnist,smooth_3d,1,1950,0.02493109940326297
mnist,smooth_3d,1,1955,0.024208111418741029
mnist,smooth_3d,1,1960,0.023077626972714343
mnist,smooth_3d,1,1965,0.022590448726285649
mnist,smooth_3d,1,1970,0.022365658536223527
mnist,smooth_3d,1,1975,0.022807699927433263
mnist,smooth_3d,1,1980,0.021511229407409047
mnist,smooth_3d,1,1985,0.020560516908063611
mnist,smooth_3d,1,1990,0.020161714183810155
mnist,smooth_3d,1,1995,0.019340257161626375
mnist,smooth_3d,1,2000,0.018909012508376313
mnist,smooth_3d,1,2005,0.018127242320384245
mnist,smooth_3d,1,2010,0.017751914899347472
mnist,smooth_3d,1,2015,0.017916235410091418
mnist,smooth_3d,1,2020,0.017213408170276973
mnist,smooth_3d,1,2025,0.016833492190702976
mnist,smooth_3d,1,2030,0.018334435164627471
mnist,smooth_3d,1,2035,0.015929662237337931
mnist,smooth_3d,1,2040,0.015487996664731357
mnist,smooth_3d,1,2045,0.015441799694564638
mnist,smooth_3d,1,2050,0.015150394533594246
mnist,smooth_3d,1,2055,0.014877553974711013
mnist,smooth_3d,1,2060,0.014544861549740409
mnist,smooth_3d,1,2065,0.014114549047602988
mnist,smooth_3d,1,2070,0.013859254918746676
mnist,smooth_3d,1,2075,0.013633174900972071
mnist,smooth_3d,1,2080,0.013578761775387015
mnist,smooth_3d,1,2085,0.013414257215073128
mnist,smooth_3d,1,2090,0.013365535095159224
mnist,smooth_3d,1,2095,0.013261336983676481
mnist,smooth_3d,1,2100,0.013164174488246808
mnist,smooth_3d,1,2105,0.013267223701099619
mnist,smooth_3d,1,2110,0.013082364351516277
mnist,smooth_3d,1,2115,0.013025306609377845
mnist,smooth_3d,1,2120,0.012955275571573617
mnist,smooth_3d,1,2124,0.012891813646829219
mnist,free_3d,1,0,0.49615381035438366
mnist,free_3d,1,10,0.042699235635656071
mnist,free_3d,1,20,0.016758065438608531
mnist,free_3d,1,30,0.0083102345978670455
mnist,free_3d,1,40,0.0044583387056245059
mnist,free_3d,1,50,0.0027784151991562906
mnist,free_3d,1,60,0.0020144317855051341
mnist,free_3d,1,70,0.0016203989938639741
mnist,free_3d,1,80,0.0013734114293828157
mnist,free_3d,1,90,0.001181616676269617
mnist,free_3d,1,100,0.0010247575680437453
mnist,free_3d,1,110,0.00087527715352893971
mnist,free_3d,1,120,0.0007554465977417927
mnist,free_3d,1,130,0.00068222137341096415
mnist,free_3d,1,140,0.00063045052390872712
mnist,free_3d,1,150,0.00058841054621100962
mnist,free_3d,1,160,0.00055159099351561464
mnist,free_3d,1,170,0.00051832263313676414
mnist,free_3d,1,180,0.0004871645062919605
mnist,free_3d,1,190,0.00045677577790334946
mnist,free_3d,1,200,0.00042744439160045998
mnist,free_3d,1,210,0.00040008235835341618
mnist,free_3d,1,220,0.00037479827139808979
mnist,free_3d,1,230,0.00035078974879640911
mnist,free_3d,1,240,0.00032853769171978817
mnist,free_3d,1,250,0.00030753050857291661
mnist,free_3d,1,260,0.0002872866494964301
mnist,free_3d,1,270,0.00027235981271835129
mnist,free_3d,1,280,0.00025599828221265939
mnist,free_3d,1,290,0.00024056087981382652
mnist,free_3d,1,300,0.00022117177187524673
mnist,free_3d,1,310,0.00020820095233864224
mnist,free_3d,1,320,0.00019414958034710743
mnist,free_3d,1,330,0.00018093320263918414
mnist,free_3d,1,340,0.00017026370478304226
mnist,free_3d,1,350,0.00016061503432193353
mnist,free_3d,1,360,0.00015094086271035559
mnist,free_3d,1,370,0.00013883500276610551
mnist,free_3d,1,380,0.00012748430586205365
mnist,free_3d,1,390,0.00011957337954143942
mnist,free_3d,1,400,0.00011136265911249915
mnist,free_3d,1,410,0.00018430081589286871
mnist,free_3d,1,420,0.00011891251662483509
mnist,free_3d,1,430,0.00010089417933602266
mnist,free_3d,1,440,8.2472572924617219e-05
mnist,free_3d,1,450,7.2445252671283258e-05
mnist,free_3d,1,460,7.0774334114900443e-05
mnist,free_3d,1,470,5.7902520801384049e-05
mnist,free_3d,1,480,5.6580715466376334e-05
mnist,free_3d,1,490,5.0318767799609253e-05
mnist,free_3d,1,500,4.9083442443461951e-05
mnist,free_3d,1,510,6.2683740526367436e-05
mnist,free_3d,1,520,4.3892219200837134e-05
mnist,free_3d,1,530,3.9440657966976417e-05
mnist,free_3d,1,540,6.5221788429908997e-05
mnist,free_3d,1,550,4.5701144970780777e-05
mnist,free_3d,1,560,0.00012185125177149492
mnist,free_3d,1,570,3.8195374885831582e-05
mnist,free_3d,1,580,4.1845594338508574e-05
mnist,free_3d,1,590,3.2150848311769052e-05
mnist,free_3d,1,600,2.58843464757606e-05
mnist,free_3d,1,610,6.1353524363157204e-05
mnist,free_3d,1,620,5.3969573976333189e-05
mnist,free_3d,1,630,4.0572916062539698e-05
mnist,free_3d,1,640,7.0985884574726116e-05
mnist,free_3d,1,650,4.0900280669127742e-05
mnist,free_3d,1,660,2.9929442541410656e-05
mnist,free_3d,1,670,2.5467010919584774e-05
mnist,free_3d,1,680,2.8858741502527467e-05
mnist,free_3d,1,690,7.7514680228003025e-05
mnist,free_3d,1,700,5.2175264404691935e-05
mnist,free_3d,1,710,3.3883607657150503e-05
mnist,free_3d,1,720,4.3677023022294637e-05
mnist,free_3d,1,730,7.363975323560726e-05
mnist,free_3d,1,740,0.0001655459137489391
mnist,free_3d,1,750,7.9043697418903602e-05
mnist,free_3d,1,760,9.2610285048910768e-05
mnist,free_3d,1,770,0.00012050635610659334
mnist,free_3d,1,780,7.7842207515063704e-05
mnist,free_3d,1,790,6.5039855931064319e-05
mnist,free_3d,1,800,3.7627610852372439e-05
mnist,free_3d,1,810,0.0001049016719796004
mnist,free_3d,1,820,5.3064393218876574e-05
mnist,free_3d,1,830,0.00011793953030936272
mnist,free_3d,1,840,7.2031165219270016e-05
mnist,free_3d,1,850,4.964948121026214e-05
mnist,free_3d,1,860,9.6743111404647963e-05
mnist,free_3d,1,870,6.5817723639039516e-05
mnist,free_3d,1,880,4.6385441714008487e-05
mnist,free_3d,1,890,0.00012983040810064119
mnist,free_3d,1,900,0.00012962668050883487
mnist,free_3d,1,910,0.0001820602281258117
mnist,free_3d,1,920,7.8095408240079183e-05
mnist,free_3d,1,930,7.5852527071661765e-05
mnist,free_3d,1,940,9.6753638476191635e-05
mnist,free_3d,1,950,7.016806184020163e-05
mnist,free_3d,1,960,9.4590730986019166e-05
mnist,free_3d,1,970,0.00017668246771054101
mnist,free_3d,1,980,9.3615102076240626e-05
mnist,free_3d,1,990,0.00013652451978849277
mnist,free_3d,1,1000,6.6073546224232433e-05
mnist,free_3d,1,1010,9.7328645123663868e-05
mnist,free_3d,1,1020,0.00014077950614529774
mnist,free_3d,1,1030,0.00015095864787763612
mnist,free_3d,1,1040,0.00018460297651179164
mnist,free_3d,1,1050,0.00010131530154260264
mnist,free_3d,1,1060,7.2276178730327193e-05
mnist,free_3d,1,1070,8.13581791426572e-05
mnist,free_3d,1,1080,9.9332919541778012e-05
mnist,free_3d,1,1090,0.00017739456486666014
mnist,free_3d,1,1100,0.00012877390214606504
mnist,free_3d,1,1110,0.00013597047936383209
mnist,free_3d,1,1120,0.00018388869495465375
mnist,free_3d,1,1130,9.3823363725058711e-05
mnist,free_3d,1,1140,8.8888506554465752e-05
mnist,free_3d,1,1150,0.00011100724296952775
mnist,free_3d,1,1160,0.00026400409039937785
mnist,free_3d,1,1170,0.00019327681317127539
mnist,free_3d,1,1180,0.00017360956338664807
mnist,free_3d,1,1190,8.4902032842975336e-05
mnist,free_3d,1,1200,9.5575314179332987e-05
mnist,free_3d,1,1210,0.00021845699430311731
mnist,free_3d,1,1220,0.00014880038270850387
mnist,free_3d,1,1230,0.00021197603415463006
mnist,free_3d,1,1240,0.0001716999319347793
mnist,free_3d,1,1250,0.00019980725852421143
mnist,free_3d,1,1260,0.00010968373556581361
mnist,free_3d,1,1270,8.4661788242624365e-05
mnist,free_3d,1,1280,0.00012518514213235107
mnist,free_3d,1,1290,0.00021024778769959402
mnist,free_3d,1,1300,0.00013807074462067991
mnist,free_3d,1,1310,0.00021813804269467304
mnist,free_3d,1,1320,0.00016886817928479201
mnist,free_3d,1,1330,0.00011247232345694855
mnist,free_3d,1,1340,0.00010545432371570257
mnist,free_3d,1,1350,0.00030479241700717084
mnist,free_3d,1,1360,0.00022002007714169261
mnist,free_3d,1,1370,0.00020378445983783942
mnist,free_3d,1,1380,9.2983451781609858e-05
mnist,free_3d,1,1390,9.8023055359133164e-05
mnist,free_3d,1,1400,7.9291651525143593e-05
mnist,free_3d,1,1410,0.00015621975377042135
mnist,free_3d,1,1420,0.00035303505596671387
mnist,free_3d,1,1430,0.00022143104714800782
mnist,free_3d,1,1440,0.00018149015527170267
mnist,free_3d,1,1450,0.00011076625187043215
mnist,free_3d,1,1460,0.00021849121829487951
mnist,free_3d,1,1470,0.00013740393721569391
mnist,free_3d,1,1480,0.00014513710003693418
mnist,free_3d,1,1490,0.00042581044732197513
mnist,free_3d,1,1500,0.00020750231539419802
mnist,free_3d,1,1510,0.00017891386992276176
mnist,free_3d,1,1520,0.00010832009943616162
mnist,free_3d,1,1530,0.0001129889048025643
mnist,free_3d,1,1540,0.00018086867170008953
mnist,free_3d,1,1550,0.00021934561955185954
mnist,free_3d,1,1560,0.00016300335923477135
mnist,free_3d,1,1570,0.00019369966135171818
mnist,free_3d,1,1580,0.0001836738673574874
mnist,free_3d,1,1590,0.00017105587552247733
mnist,free_3d,1,1600,0.00017039721612205493
mnist,free_3d,1,1610,0.00020392887682286448
mnist,free_3d,1,1620,0.00027237420530491709
mnist,free_3d,1,1630,0.00013085269049709007
mnist,free_3d,1,1640,0.0001538478317443459
mnist,free_3d,1,1650,0.00032777651465255695
mnist,free_3d,1,1660,0.0002371781414563176
mnist,free_3d,1,1670,0.00022490199343648404
mnist,free_3d,1,1680,0.00016694479180656024
mnist,free_3d,1,1690,9.2286116959432147e-05
mnist,free_3d,1,1700,0.00017248209808246639
mnist,free_3d,1,1710,0.0002883566600261033
mnist,free_3d,1,1720,0.00018137925070321517
mnist,free_3d,1,1730,0.00024122497508936286
mnist,free_3d,1,1740,0.00012634619325316336
mnist,free_3d,1,1750,0.00013565757870643549
mnist,free_3d,1,1760,0.00036672592998821066
mnist,free_3d,1,1770,0.0002340250431193715
mnist,free_3d,1,1780,0.00015750701626817592
mnist,free_3d,1,1790,0.00011035703067632801
mnist,free_3d,1,1799,0.00015569400429445724
mnist,free_3d,1,1800,2.3682371023771e-05
mnist,free_3d,1,1805,1.5831397206746564e-05
mnist,free_3d,1,1810,1.5683135840154807e-05
mnist,free_3d,1,1815,1.497819796531395e-05
mnist,free_3d,1,1820,1.2868252676343593e-05
mnist,free_3d,1,1825,1.1096244365388913e-05
mnist,free_3d,1,1830,9.576509678937482e-06
mnist,free_3d,1,1835,8.4242134030359932e-06
mnist,free_3d,1,1840,7.4348139329302053e-06
mnist,free_3d,1,1845,6.4306797901971967e-06
mnist,free_3d,1,1850,5.7163217858000797e-06
mnist,free_3d,1,1855,5.0390794377540707e-06
mnist,free_3d,1,1860,4.59112268445446e-06
mnist,free_3d,1,1865,4.210351266182929e-06
mnist,free_3d,1,1870,3.8222227624940385e-06
mnist,free_3d,1,1875,3.4282857598750896e-06
mnist,free_3d,1,1880,2.9636531645689622e-06
mnist,free_3d,1,1885,2.6040706917010031e-06
mnist,free_3d,1,1890,2.2608794151435668e-06
mnist,free_3d,1,1895,1.9258210521287998e-06
mnist,free_3d,1,1900,1.6930909167315851e-06
mnist,free_3d,1,1905,1.5273276152776151e-06
mnist,free_3d,1,1910,1.3810088153409387e-06
mnist,free_3d,1,1915,1.2502127808941056e-06
mnist,free_3d,1,1920,1.1276094169326119e-06
mnist,free_3d,1,1925,1.0142517178901328e-06
mnist,free_3d,1,1930,8.9981158969455034e-07
mnist,free_3d,1,1935,8.1770668984190378e-07
mnist,free_3d,1,1940,7.5385948028483788e-07
mnist,free_3d,1,1945,6.9852300788918521e-07
mnist,free_3d,1,1950,6.3983797328238681e-07
mnist,free_3d,1,1955,5.7773041094143697e-07
mnist,free_3d,1,1960,5.1416346738618352e-07
mnist,free_3d,1,1965,4.6325219024511918e-07
mnist,free_3d,1,1970,4.1749718245645226e-07
mnist,free_3d,1,1975,3.7708556749226284e-07
mnist,free_3d,1,1980,3.4421716895275689e-07
mnist,free_3d,1,1985,3.1947612972341181e-07
mnist,free_3d,1,1990,2.9761145699341445e-07
mnist,free_3d,1,1995,2.7293916696328128e-07
mnist,free_3d,1,2000,2.4247732511825773e-07
mnist,free_3d,1,2005,2.1556393845986382e-07
mnist,free_3d,1,2010,1.8882076534899654e-07
mnist,free_3d,1,2015,1.6786096315971801e-07
mnist,free_3d,1,2020,1.5143369760447597e-07
mnist,free_3d,1,2022,1.4906453264550162e-07
