teacher,teacher_frequency,teacher_derivative_amplitude,teacher_s,teacher_M1,method,repeat,seed,width,steps,evaluation_grid_size,output_rmse_tolerance,distance_distortion_tolerance,parameter_count,output_rmse,minimum_student_std,epsilon1_grid_max,q_theory,delta_cert,distance_distortion_bound,metric_distortion_max,metric_length_distortion_max,distance_distortion_max,distance_distortion_p95,triplet_accuracy,hard_triplet_accuracy,hard_triplet_fraction,certified_triplet_accuracy_lower_bound,triplet_accuracy_on_certified_subset,certified_all_distance_pass,empirical_all_distance_pass,certificate_scope
plain,0,0.0,1.0,1.0,value,0,20260735,4,2500,48,0.02,0.05,80,0.024916016563740335,0.2727623870687427,0.2194042501689346,0.48694672533006167,0.48694672533006167,0.2837226272805078,0.374548195931349,0.18143512132889383,0.1559875683094396,0.062217277308205976,0.9410807291666666,0.8989955357142857,0.5833333333333334,0.18196614583333334,1.0,0,0,fixed_evaluation_grid
plain,0,0.0,1.0,1.0,value,0,20260739,8,2500,48,0.02,0.05,184,0.008654355695514383,0.297290397627159,0.07857302783389533,0.16331977637077674,0.16331977637077674,0.08529774044817007,0.1383718542190605,0.07176072816275458,0.06840330478100154,0.029226432671072694,0.9765625,0.9598214285714286,0.5833333333333334,0.3736979166666667,1.0,0,0,fixed_evaluation_grid
plain,0,0.0,1.0,1.0,value,0,20260747,16,2500,48,0.02,0.05,488,0.004301082666846215,0.30422712784561184,0.04999925548158235,0.10249843651187725,0.10249843651187725,0.05263440874806802,0.0781948467840754,0.038361616578769464,0.03840581229019291,0.02428075914175562,0.9762369791666666,0.9592633928571429,0.5833333333333334,0.4140625,1.0,0,1,fixed_evaluation_grid
plain,0,0.0,1.0,1.0,value,0,20260763,32,2500,48,0.02,0.05,1480,0.0020554008889180986,0.31076671929241517,0.02819510939983425,0.05718518299373712,0.05718518299373712,0.02901348258265557,0.05036342393829263,0.024872393978046636,0.034409383574856234,0.024356802577618897,0.9775390625,0.9614955357142857,0.5833333333333334,0.6800130208333334,1.0,1,1,fixed_evaluation_grid
plain,0,0.0,1.0,1.0,value,0,20260795,64,2500,48,0.02,0.05,5000,0.0012288312965706043,0.31190417150113553,0.016625793099851443,0.033528003195901955,0.033528003195901955,0.016906923631288095,0.03010869305192121,0.01494270431976652,0.031235714408962112,0.024139124821696067,0.9775390625,0.9614955357142857,0.5833333333333334,0.8177083333333334,1.0,1,1,fixed_evaluation_grid
plain,0,0.0,1.0,1.0,value,0,20260859,128,2500,48,0.02,0.05,18184,0.0008588777145989905,0.3126468450890962,0.012582443655127696,0.025323205198589854,0.025323205198589854,0.012742791972927603,0.02222588277602955,0.011051869478529541,0.028689517807147125,0.02436094026874309,0.9765625,0.9598214285714286,0.5833333333333334,0.8600260416666666,1.0,1,1,fixed_evaluation_grid
plain,0,0.0,1.0,1.0,value,0,20260987,256,2500,48,0.02,0.05,69128,0.0006820828235834339,0.3129366166018939,0.008579492959295157,0.017232593618028907,0.017232593618028907,0.00865374042064837,0.014177177082058123,0.00711389227266257,0.027196946511617304,0.02422350293858796,0.9768880208333334,0.9603794642857143,0.5833333333333334,0.9098307291666666,0.9974955277280859,1,1,fixed_evaluation_grid
plain,0,0.0,1.0,1.0,value,1,20260835,4,2500,48,0.02,0.05,80,0.0246663391602452,0.2837871508530129,0.21167626253218413,0.4681593651839624,0.4681593651839624,0.2707259535565265,0.4046901744982958,0.18940802015080827,0.1447870655734511,0.05948487148504402,0.9313151041666666,0.8822544642857143,0.5833333333333334,0.193359375,1.0,0,0,fixed_evaluation_grid
plain,0,0.0,1.0,1.0,value,1,20260839,8,2500,48,0.02,0.05,184,0.00917500369924967,0.3033151311140764,0.10139321658683503,0.2130670175434949,0.2130670175434949,0.11290756825655135,0.19416418705348737,0.09277819664078546,0.08404326595150313,0.03099095845987576,0.9684244791666666,0.9458705357142857,0.5833333333333334,0.3375651041666667,1.0,0,0,fixed_evaluation_grid
plain,0,0.0,1.0,1.0,value,1,20260847,16,2500,48,0.02,0.05,488,0.004197618482778703,0.3042865299093094,0.04386178168339003,0.08964741925922143,0.08964741925922143,0.045876013957945494,0.07532627446570506,0.03840043389449532,0.04575344744225962,0.024543089122601256,0.9772135416666666,0.9609375,0.5833333333333334,0.4775390625,1.0,1,1,fixed_evaluation_grid
plain,0,0.0,1.0,1.0,value,1,20260863,32,2500,48,0.02,0.05,1480,0.0020772900903964944,0.3101600762188467,0.024825534260239226,0.05026737567178476,0.05026737567178476,0.025457735996937236,0.04508066901769081,0.022291870757901844,0.03347721295846018,0.024374218140976043,0.9762369791666666,0.9592633928571429,0.5833333333333334,0.7233072916666666,1.0,1,1,fixed_evaluation_grid
plain,0,0.0,1.0,1.0,value,1,20260895,64,2500,48,0.02,0.05,5000,0.00128364239938598,0.31168486293798114,0.01612247417164238,0.032504882516700036,0.032504882516700036,0.016386703280552473,0.030415499029480153,0.01532518008709094,0.03160248550921163,0.02421840391557547,0.9775390625,0.9614955357142857,0.5833333333333334,0.822265625,1.0,1,1,fixed_evaluation_grid
plain,0,0.0,1.0,1.0,value,1,20260959,128,2500,48,0.02,0.05,18184,0.0008038692018305727,0.31221898402688397,0.011227968378276961,0.02258200403045751,0.02258200403045751,0.011355475426307549,0.018600588967184195,0.00934394917670045,0.028808543993814606,0.024243107297141808,0.9768880208333334,0.9603794642857143,0.5833333333333334,0.8763020833333334,0.9988855869242199,1,1,fixed_evaluation_grid
plain,0,0.0,1.0,1.0,value,1,20261087,256,2500,48,0.02,0.05,69128,0.0007235680139140198,0.3126925202087059,0.00886191314229892,0.01780235978913949,0.01780235978913949,0.008941151994060204,0.01606165763655676,0.008063337524293668,0.027623488884112257,0.02405970777939288,0.9772135416666666,0.9609375,0.5833333333333334,0.90625,0.9978448275862069,1,1,fixed_evaluation_grid
plain,0,0.0,1.0,1.0,value,2,20260935,4,2500,48,0.02,0.05,80,0.02325817247100743,0.2893109840150586,0.22912899465080971,0.5107580854913102,0.5107580854913102,0.3005416992352655,0.41282761976679816,0.22686395802240944,0.16549527946868403,0.057877175121947816,0.931640625,0.8828125,0.5833333333333334,0.17122395833333334,1.0,0,0,fixed_evaluation_grid
plain,0,0.0,1.0,1.0,value,2,20260939,8,2500,48,0.02,0.05,184,0.008765515362367799,0.296408666706444,0.09421297699013506,0.19730203901361384,0.19730203901361384,0.10406587240668963,0.1702597414494036,0.08178544150372247,0.06109843797457226,0.03017540213109472,0.98046875,0.9665178571428571,0.5833333333333334,0.3489583333333333,1.0,0,0,fixed_evaluation_grid
plain,0,0.0,1.0,1.0,value,2,20260947,16,2500,48,0.02,0.05,488,0.004109422263294349,0.3030342863827744,0.048777380654642016,0.09993399417281187,0.09993399417281187,0.05128191446184183,0.07536547127002935,0.03699829858588943,0.04196613281311534,0.024535992131666812,0.9778645833333334,0.9620535714285714,0.5833333333333334,0.4166666666666667,1.0,0,1,fixed_evaluation_grid
plain,0,0.0,1.0,1.0,value,2,20260963,32,2500,48,0.02,0.05,1480,0.0023779490867251387,0.30997089260170724,0.026497393700521062,0.05369689927396254,0.05369689927396254,0.027218883444976916,0.04806242562440155,0.023749200548846217,0.03586993124683713,0.024269168064007637,0.9755859375,0.9581473214285714,0.5833333333333334,0.7024739583333334,1.0,1,1,fixed_evaluation_grid
plain,0,0.0,1.0,1.0,value,2,20260995,64,2500,48,0.02,0.05,5000,0.001150467502888449,0.31227925097020737,0.015026170193184219,0.030278126177042976,0.030278126177042976,0.015255427116779186,0.024303812966183003,0.01209662119673005,0.03264374561844585,0.024248706214792637,0.9772135416666666,0.9609375,0.5833333333333334,0.8330078125,1.0,1,1,fixed_evaluation_grid
plain,0,0.0,1.0,1.0,value,2,20261059,128,2500,48,0.02,0.05,18184,0.0007904390560588881,0.3126869676120305,0.010536759854635145,0.021184543017504543,0.021184543017504543,0.010648971809047225,0.01824965490036068,0.00916684295506176,0.028591082094053588,0.02414105034439167,0.9765625,0.9598214285714286,0.5833333333333334,0.8876953125,0.9992665933259993,1,1,fixed_evaluation_grid
plain,0,0.0,1.0,1.0,value,2,20261187,256,2500,48,0.02,0.05,69128,0.0007517934892192883,0.31199806535853214,0.009996746532195469,0.0200934280056199,0.0200934280056199,0.010097695732361633,0.01691628513297394,0.008494218439939694,0.02847161128585851,0.02419834062401753,0.9775390625,0.9614955357142857,0.5833333333333334,0.8932291666666666,0.999271137026239,1,1,fixed_evaluation_grid
plain,0,0.0,1.0,1.0,c1,0,20270735,4,2500,48,0.02,0.05,80,0.013179872353501178,0.29527669700810016,0.11022091441451302,0.23259047880339745,0.23259047880339745,0.1239808671058591,0.21811713543356803,0.10368343986560213,0.08416051244903544,0.034869773498362344,0.9638671875,0.9380580357142857,0.5833333333333334,0.3229166666666667,1.0,0,0,fixed_evaluation_grid
plain,0,0.0,1.0,1.0,c1,0,20270739,8,2500,48,0.02,0.05,184,0.002636756267182875,0.3097850052382179,0.034006970952994944,0.06917041597938774,0.06917041597938774,0.035204900499275826,0.044715709661740655,0.022613540947973187,0.03516612166100108,0.024016445972688805,0.9768880208333334,0.9603794642857143,0.5833333333333334,0.6051432291666666,1.0,1,1,fixed_evaluation_grid
plain,0,0.0,1.0,1.0,c1,0,20270747,16,2500,48,0.02,0.05,488,0.0015334162589479307,0.31116404778283235,0.018773057896848917,0.037898543496496274,0.037898543496496274,0.019132294086759205,0.032430076316741996,0.016085663867344335,0.031179009053025286,0.023757604862684422,0.9755859375,0.9581473214285714,0.5833333333333334,0.7932942708333334,1.0,1,1,fixed_evaluation_grid
plain,0,0.0,1.0,1.0,c1,0,20270763,32,2500,48,0.02,0.05,1480,0.0008666001951887839,0.31263925718395746,0.01220255073804879,0.024554003720612234,0.024554003720612234,0.012353303919165781,0.02023815433809162,0.010167356159159868,0.031078444384153636,0.024106948065405708,0.9768880208333334,0.9603794642857143,0.5833333333333334,0.8629557291666666,1.0,1,1,fixed_evaluation_grid
plain,0,0.0,1.0,1.0,c1,0,20270795,64,2500,48,0.02,0.05,5000,0.0005321568583836008,0.31320944148739255,0.007462079789503347,0.014979842213791608,0.014979842213791608,0.007518182642015092,0.011527274627034512,0.005747122604402133,0.027138858884343975,0.02425297518708257,0.9768880208333334,0.9603794642857143,0.5833333333333334,0.9241536458333334,0.9961253962662909,1,1,fixed_evaluation_grid
plain,0,0.0,1.0,1.0,c1,0,20270859,128,2500,48,0.02,0.05,18184,0.0002800663742792951,0.31340591664427336,0.004066759538341836,0.008150057609826367,0.008150057609826367,0.004083365742807987,0.006591015125064548,0.0033009557168546255,0.02544938780367545,0.024450579804397365,0.9775390625,0.9614955357142857,0.5833333333333334,0.9596354166666666,0.9898236092265943,1,1,fixed_evaluation_grid
plain,0,0.0,1.0,1.0,c1,0,20270987,256,2500,48,0.02,0.05,69128,0.00018045006461706346,0.31378902763802374,0.0028049929122734175,0.005617853809784739,0.005617853809784739,0.0028128830604482458,0.0036990987094910333,0.0018512629419856763,0.0252290951701597,0.024497908946443235,0.9772135416666666,0.9609375,0.5833333333333334,0.9759114583333334,0.9846564376250834,1,1,fixed_evaluation_grid
plain,0,0.0,1.0,1.0,c1,1,20270835,4,2500,48,0.02,0.05,80,0.014069898495907616,0.2999436976413789,0.11564909697033333,0.24467290757072024,0.24467290757072024,0.13090443998989398,0.1996086100224006,0.09721680586514925,0.07503385102168825,0.03238646823561802,0.9661458333333334,0.9419642857142857,0.5833333333333334,0.3160807291666667,1.0,0,0,fixed_evaluation_grid
plain,0,0.0,1.0,1.0,c1,1,20270839,8,2500,48,0.02,0.05,184,0.0029884752363727217,0.3071848267853293,0.03639943915360107,0.07412379747789884,0.07412379747789884,0.03777538873602848,0.039431919225102696,0.019854678217225086,0.03129267522343482,0.023612891757544222,0.9765625,0.9598214285714286,0.5833333333333334,0.5660807291666666,1.0,1,1,fixed_evaluation_grid
plain,0,0.0,1.0,1.0,c1,1,20270847,16,2500,48,0.02,0.05,488,0.001415299146303585,0.310325500561841,0.02126757090581411,0.04298745138386205,0.04298745138386205,0.02172981819124331,0.03131637119536612,0.01553747897129143,0.03040317640713419,0.024087370553988224,0.9765625,0.9598214285714286,0.5833333333333334,0.7672526041666666,1.0,1,1,fixed_evaluation_grid
plain,0,0.0,1.0,1.0,c1,1,20270863,32,2500,48,0.02,0.05,1480,0.0009414610498653339,0.3126470382598098,0.013667262093191282,0.02752131823950655,0.02752131823950655,0.013856662669927355,0.026264760367873174,0.013047264626815602,0.028915302029134615,0.024078076760982402,0.9765625,0.9598214285714286,0.5833333333333334,0.8515625,0.9996177370030581,1,1,fixed_evaluation_grid
plain,0,0.0,1.0,1.0,c1,1,20270895,64,2500,48,0.02,0.05,5000,0.0005292040322105494,0.3129832461588264,0.00748619922136442,0.015028441621510796,0.015028441621510796,0.0075426667213903675,0.011257734795725116,0.005644799277303103,0.027743971524211597,0.024183837947359222,0.9768880208333334,0.9603794642857143,0.5833333333333334,0.9241536458333334,0.9961253962662909,1,1,fixed_evaluation_grid
plain,0,0.0,1.0,1.0,c1,1,20270959,128,2500,48,0.02,0.05,18184,0.00024208499520514537,0.3135368062331032,0.0038604905196794924,0.00773588442641152,0.00773588442641152,0.003875451776441552,0.005456890213703103,0.0027247330218314048,0.0254128665716995,0.024429879710231306,0.9772135416666666,0.9609375,0.5833333333333334,0.9625651041666666,0.9885018599932364,1,1,fixed_evaluation_grid
plain,0,0.0,1.0,1.0,c1,1,20271087,256,2500,48,0.02,0.05,69128,0.00018173208975727652,0.3135397334430364,0.0025692015622655615,0.005145003921198671,0.005145003921198671,0.0025758193833471665,0.0037385991911802474,0.0018675557134186782,0.025610420972377312,0.024456489106240042,0.9772135416666666,0.9609375,0.5833333333333334,0.9798177083333334,0.9843853820598006,1,1,fixed_evaluation_grid
plain,0,0.0,1.0,1.0,c1,2,20270935,4,2500,48,0.02,0.05,80,0.015556708955176914,0.298185611560278,0.1285247919947752,0.2735682061468506,0.2735682061468506,0.1476903181043,0.23118676868001709,0.12318004623527024,0.10095526468471194,0.033846021345853,0.9671223958333334,0.9436383928571429,0.5833333333333334,0.294921875,1.0,0,0,fixed_evaluation_grid
plain,0,0.0,1.0,1.0,c1,2,20270939,8,2500,48,0.02,0.05,184,0.002472984634294087,0.3100440852162106,0.030864201954791046,0.06268100287188821,0.06268100287188821,0.03184763744123842,0.04741051490617143,0.023993091677200984,0.0367549151031783,0.02411817040556578,0.9759114583333334,0.9587053571428571,0.5833333333333334,0.642578125,1.0,1,1,fixed_evaluation_grid
plain,0,0.0,1.0,1.0,c1,2,20270947,16,2500,48,0.02,0.05,488,0.0014407176903741483,0.30919984879341,0.01862915622604077,0.037605357913775776,0.037605357913775776,0.018982853316913628,0.03228099122797268,0.016272899238804484,0.03508538448510601,0.02425694062606215,0.9765625,0.9598214285714286,0.5833333333333334,0.7942708333333334,1.0,1,1,fixed_evaluation_grid
plain,0,0.0,1.0,1.0,c1,2,20270963,32,2500,48,0.02,0.05,1480,0.000891635388390759,0.31266684803869055,0.013454679383419826,0.027090387164150274,0.027090387164150274,0.013638193746407401,0.019140720688950452,0.009524997555261372,0.03102415714744433,0.024145065622588634,0.9765625,0.9598214285714286,0.5833333333333334,0.8531901041666666,0.9996184662342618,1,1,fixed_evaluation_grid
plain,0,0.0,1.0,1.0,c1,2,20270995,64,2500,48,0.02,0.05,5000,0.0005261397436890497,0.3129400351371101,0.008096289078009074,0.016258128052852837,0.016258128052852837,0.008162376219198353,0.011210332091008413,0.005589544541414027,0.02658923976311045,0.02432860166407157,0.9768880208333334,0.9603794642857143,0.5833333333333334,0.9176432291666666,0.9971621142249024,1,1,fixed_evaluation_grid
plain,0,0.0,1.0,1.0,c1,2,20271059,128,2500,48,0.02,0.05,18184,0.0002707792305524982,0.3135880655166486,0.0041758482660630885,0.00836913424086736,0.00836913424086736,0.004193359251339124,0.006738733039955314,0.00337506204187088,0.025746075765303633,0.02437318226489201,0.9772135416666666,0.9609375,0.5833333333333334,0.9596354166666666,0.9898236092265943,1,1,fixed_evaluation_grid
plain,0,0.0,1.0,1.0,c1,2,20271187,256,2500,48,0.02,0.05,69128,0.00017364909581890867,0.3136555887647146,0.002779387396193899,0.0055664997866859195,0.0055664997866859195,0.0027871339511738036,0.004475015734091481,0.002240016704463832,0.025786765042381976,0.024545828754784393,0.9772135416666666,0.9609375,0.5833333333333334,0.9772135416666666,0.9843437708194537,1,1,fixed_evaluation_grid
warped,4,0.2,0.8,1.2,value,0,20360735,4,2500,48,0.02,0.05,80,0.02883304058712706,0.2903513796898898,0.32827820040534234,0.8956342578341917,1.3994285278659242,inf,0.8137836869867339,0.3467678667783598,0.2581403307821888,0.07845269444417012,0.9130859375,0.8488108720271801,0.5748697916666666,0.0,nan,0,0,fixed_evaluation_grid
warped,4,0.2,0.8,1.2,value,0,20360739,8,2500,48,0.02,0.05,184,0.020398917618800257,0.3000135286170519,0.27121400237950044,0.7244706407975087,1.1319853762461072,inf,0.7242451814214275,0.31310516769275853,0.23444417237243442,0.06938635196145607,0.9283854166666666,0.8754246885617214,0.5748697916666666,0.0,nan,0,0,fixed_evaluation_grid
warped,4,0.2,0.8,1.2,value,0,20360747,16,2500,48,0.02,0.05,488,0.017943708785524853,0.3057146336766545,0.22582784541018422,0.5929850447470482,0.9265391324172626,0.7289633464220431,0.6008708602104742,0.26525525496260016,0.24349593714669804,0.06495731470463062,0.9319661458333334,0.8816534541336354,0.5748697916666666,0.015299479166666666,1.0,0,0,fixed_evaluation_grid
warped,4,0.2,0.8,1.2,value,0,20360763,32,2500,48,0.02,0.05,1480,0.017745763742384596,0.3082836436605958,0.21896049553560898,0.573448887890661,0.8960138873291575,0.677531222176716,0.6214423441607833,0.27335868637269023,0.23847080391701603,0.06612891021538837,0.9319661458333334,0.8816534541336354,0.5748697916666666,0.025065104166666668,1.0,0,0,fixed_evaluation_grid
warped,4,0.2,0.8,1.2,value,0,20360795,64,2500,48,0.02,0.05,5000,0.01752777052267469,0.31136581764857146,0.2128842776015488,0.5562419818936504,0.8691280967088285,0.6382377807299779,0.5900221666560603,0.260960810912084,0.22526565529786402,0.06558146978214958,0.9319661458333334,0.8816534541336354,0.5748697916666666,0.032877604166666664,1.0,0,0,fixed_evaluation_grid
warped,4,0.2,0.8,1.2,value,0,20360859,128,2500,48,0.02,0.05,18184,0.01742157264320643,0.3089700984505984,0.21046457137611846,0.5494103071072175,0.8584536048550272,0.6237734789452334,0.5734325433390266,0.25436539466736985,0.2287967853335766,0.06501009477376234,0.9332682291666666,0.8839184597961495,0.5748697916666666,0.037109375,1.0,0,0,fixed_evaluation_grid
warped,4,0.2,0.8,1.2,value,0,20360987,256,2500,48,0.02,0.05,69128,0.013233652505916169,0.30108923786948694,0.2088339574870614,0.5448131197686551,0.8512704996385234,0.6143453612861935,0.45787535882575403,0.20742509449893176,0.1458551032881943,0.04699949565282896,0.9524739583333334,0.9173272933182333,0.5748697916666666,0.037760416666666664,1.0,0,0,fixed_evaluation_grid
warped,4,0.2,0.8,1.2,value,1,20360835,4,2500,48,0.02,0.05,80,0.030608323547063512,0.28235740614986543,0.34339002299099763,0.9420527630681521,1.4719574422939874,inf,0.9139213841563096,0.38344547567163256,0.34823496172612467,0.08253966210045223,0.919921875,0.8607021517553793,0.5748697916666666,0.0,nan,0,0,fixed_evaluation_grid
warped,4,0.2,0.8,1.2,value,1,20360839,8,2500,48,0.02,0.05,184,0.020731571063959356,0.29308108239575004,0.2729458465037877,0.7295694667327597,1.1399522917699367,inf,0.7722023712946464,0.33124091407026945,0.2371048255157724,0.06892117477267293,0.9290364583333334,0.8765571913929785,0.5748697916666666,0.0,nan,0,0,fixed_evaluation_grid
warped,4,0.2,0.8,1.2,value,1,20360847,16,2500,48,0.02,0.05,488,0.01796368959100005,0.3041019862407122,0.22777360777012523,0.5985374750449194,0.9352148047576864,0.7454706397243853,0.6273753868455727,0.27568624153652,0.24757462490632354,0.06632468098989525,0.9309895833333334,0.8799546998867497,0.5748697916666666,0.013346354166666666,1.0,0,0,fixed_evaluation_grid
warped,4,0.2,0.8,1.2,value,1,20360863,32,2500,48,0.02,0.05,1480,0.01771509712746547,0.3074346467662083,0.21855779703887285,0.5723062235397799,0.8942284742809059,0.6747746539411572,0.5977126576460805,0.2640065892415595,0.22688784955102492,0.06627047937418634,0.9342447916666666,0.8856172140430351,0.5748697916666666,0.025390625,1.0,0,0,fixed_evaluation_grid
warped,4,0.2,0.8,1.2,value,1,20360895,64,2500,48,0.02,0.05,5000,0.017527072314561392,0.3109977235841349,0.21391873779732698,0.5591661970943862,0.8736971829599782,0.6446089238036192,0.578131128112314,0.2562368917176068,0.23416596869432715,0.06474259469620292,0.931640625,0.8810872027180068,0.5748697916666666,0.030924479166666668,1.0,0,0,fixed_evaluation_grid
warped,4,0.2,0.8,1.2,value,1,20360959,128,2500,48,0.02,0.05,18184,0.015990571167913362,0.30879775444183966,0.20619805744798306,0.537392976770481,0.8396765262038764,0.5995958619143359,0.5402012911897547,0.2410484644806401,0.19009526914050245,0.05937604656060811,0.9401041666666666,0.8958097395243488,0.5748697916666666,0.0400390625,1.0,0,0,fixed_evaluation_grid
warped,4,0.2,0.8,1.2,value,1,20361087,256,2500,48,0.02,0.05,69128,0.01173429996540978,0.30761973197002157,0.20496932783786284,0.5339388121651761,0.8342793940080876,0.5929120414555198,0.3965176526332681,0.18174348004686203,0.1350376391116075,0.041922697781328906,0.9563802083333334,0.9241223103057757,0.5748697916666666,0.041666666666666664,1.0,0,0,fixed_evaluation_grid
warped,4,0.2,0.8,1.2,value,2,20360935,4,2500,48,0.02,0.05,80,0.02690248623987326,0.288670730455167,0.33542589614757645,0.9175326825605883,1.433644816500919,inf,0.864027554345141,0.3652939443010581,0.252364367525469,0.07674785834605768,0.9176432291666666,0.8567383918459797,0.5748697916666666,0.0,nan,0,0,fixed_evaluation_grid
warped,4,0.2,0.8,1.2,value,2,20360939,8,2500,48,0.02,0.05,184,0.019763052702684636,0.2987670567586087,0.2562763103597866,0.6807406921151135,1.0636573314298645,inf,0.7020626219717112,0.3046312206795112,0.2608909793487957,0.06975264043225743,0.9235026041666666,0.8669309173272933,0.5748697916666666,0.0,nan,0,0,fixed_evaluation_grid
warped,4,0.2,0.8,1.2,value,2,20360947,16,2500,48,0.02,0.05,488,0.018139479306715826,0.30484929894271945,0.22364760743231232,0.5867725101477472,0.9168320471058549,0.7116114549879882,0.5963156127188962,0.26345384273383576,0.2450727777071331,0.06623504814040893,0.9313151041666666,0.8805209513023783,0.5748697916666666,0.0205078125,1.0,0,0,fixed_evaluation_grid
warped,4,0.2,0.8,1.2,value,2,20360963,32,2500,48,0.02,0.05,1480,0.017751337801287338,0.31044762317984753,0.220427931532904,0.5776155086788441,0.9025242323106938,0.6877889052430932,0.6014404382964573,0.2654803192055013,0.23210677824411263,0.06592199272273702,0.9329427083333334,0.883352208380521,0.5748697916666666,0.0234375,1.0,0,0,fixed_evaluation_grid
warped,4,0.2,0.8,1.2,value,2,20360995,64,2500,48,0.02,0.05,5000,0.017597949024641374,0.3088385671872293,0.21303307962879794,0.5566624841252448,0.8697851314456948,0.639147026402296,0.5885545987775931,0.2603787521128691,0.2337394597936664,0.06631255577153354,0.9319661458333334,0.8816534541336354,0.5748697916666666,0.0322265625,1.0,0,0,fixed_evaluation_grid
warped,4,0.2,0.8,1.2,value,2,20361059,128,2500,48,0.02,0.05,18184,0.016864120213061076,0.30965130382755374,0.21051892712626977,0.5495636437814431,0.8586931934085046,0.6240920237724459,0.5632410737642051,0.25029639436583406,0.20855405642420544,0.06299120530577569,0.9348958333333334,0.8867497168742922,0.5748697916666666,0.036783854166666664,1.0,0,0,fixed_evaluation_grid
warped,4,0.2,0.8,1.2,value,2,20361187,256,2500,48,0.02,0.05,69128,0.014278390915928052,0.3072749479204658,0.2134022131033183,0.5577058160053581,0.8714153375083719,0.6414129638544804,0.4816272650753748,0.2172211241493367,0.18125978834443224,0.05118020279817139,0.94921875,0.9116647791619479,0.5748697916666666,0.03125,1.0,0,0,fixed_evaluation_grid
warped,4,0.2,0.8,1.2,c1,0,20370735,4,2500,48,0.02,0.05,80,0.022634758712672683,0.30583309692501565,0.3004666336684461,0.8114001187523189,1.267812685550498,inf,0.7680096700772592,0.3296652473751651,0.20930417617605723,0.06482628421649116,0.9241536458333334,0.8680634201585504,0.5748697916666666,0.0,nan,0,0,fixed_evaluation_grid
warped,4,0.2,0.8,1.2,c1,0,20370739,8,2500,48,0.02,0.05,184,0.017848289055547042,0.3058243011766339,0.22310375253716197,0.5852242904853519,0.9144129538833621,0.7074473618019521,0.6116493483228302,0.26950752196386385,0.24645093067088464,0.06587054231771505,0.9339192708333334,0.8850509626274066,0.5748697916666666,0.021158854166666668,1.0,0,0,fixed_evaluation_grid
warped,4,0.2,0.8,1.2,c1,0,20370747,16,2500,48,0.02,0.05,488,0.01055272444743763,0.30273327511986164,0.17017688720378682,0.43738470222745873,0.6834135972304042,0.437339886992515,0.412087115595539,0.18831271793057014,0.17217659595956136,0.03568367145777703,0.9684244791666666,0.9450736126840317,0.5748697916666666,0.09440104166666667,1.0,0,0,fixed_evaluation_grid
warped,4,0.2,0.8,1.2,c1,0,20370763,32,2500,48,0.02,0.05,1480,0.002909440867546342,0.30795667963014933,0.057215070611428435,0.140589733772499,0.21967145901952964,0.11663793324567628,0.0933172954315038,0.04561814035120104,0.03627647441357862,0.012844229245843641,0.9879557291666666,0.9790486976217441,0.5748697916666666,0.3362630208333333,1.0,0,1,fixed_evaluation_grid
warped,4,0.2,0.8,1.2,c1,0,20370795,64,2500,48,0.02,0.05,5000,0.0010793022816408923,0.31237472119236004,0.023638042048575794,0.057290057948472146,0.08951571554448771,0.04580699831977786,0.038157818216730366,0.01926446899112011,0.025968599006485293,0.0099404419385173,0.9908854166666666,0.984144960362401,0.5748697916666666,0.4856770833333333,1.0,1,1,fixed_evaluation_grid
warped,4,0.2,0.8,1.2,c1,0,20370859,128,2500,48,0.02,0.05,18184,0.0008204473994878079,0.31295435756888856,0.022044893634390116,0.05339372205788785,0.08342769071544975,0.042622170047504015,0.031935006558822865,0.015842018504266697,0.026891647578359157,0.0097992038719343,0.9918619791666666,0.9858437146092865,0.5748697916666666,0.5159505208333334,1.0,1,1,fixed_evaluation_grid
warped,4,0.2,0.8,1.2,c1,0,20370987,256,2500,48,0.02,0.05,69128,0.0006711470728265039,0.31292584253881417,0.015269626138162377,0.03688026421398896,0.057625412834357743,0.029240201097283647,0.018468974458732967,0.009192238604089242,0.024709194601859386,0.009791089871967182,0.9918619791666666,0.9858437146092865,0.5748697916666666,0.671875,1.0,1,1,fixed_evaluation_grid
warped,4,0.2,0.8,1.2,c1,1,20370835,4,2500,48,0.02,0.05,80,0.02194608992770214,0.30355824050560487,0.2818590580840784,0.7559062680258319,1.181103543790362,inf,0.7494510300442454,0.32266814811737476,0.24203604422464364,0.06694918915459366,0.9326171875,0.8827859569648924,0.5748697916666666,0.0,nan,0,0,fixed_evaluation_grid
warped,4,0.2,0.8,1.2,c1,1,20370839,8,2500,48,0.02,0.05,184,0.017885288826491864,0.3077441192047272,0.22782210992578297,0.5986759775929146,0.9354312149889289,0.7458961137426838,0.6053953156964689,0.26704195498668026,0.2222089045659863,0.06610337158810066,0.9332682291666666,0.8839184597961495,0.5748697916666666,0.013020833333333334,1.0,0,0,fixed_evaluation_grid
warped,4,0.2,0.8,1.2,c1,1,20370847,16,2500,48,0.02,0.05,488,0.016148054885715746,0.3062671248274566,0.22719090116695229,0.5968738683737373,0.9326154193339644,0.740414598511327,0.6281208574351271,0.2759783922289307,0.20763864225322304,0.05794429432945367,0.94140625,0.8980747451868629,0.5748697916666666,0.013671875,1.0,0,0,fixed_evaluation_grid
warped,4,0.2,0.8,1.2,c1,1,20370863,32,2500,48,0.02,0.05,1480,0.002658640037229408,0.3107022024845754,0.056796087303132334,0.1395364050604626,0.21802563290697277,0.11570685454820628,0.09341621330955663,0.04566544042994769,0.041026595692829515,0.01237077544086464,0.9873046875,0.977916194790487,0.5748697916666666,0.3375651041666667,1.0,0,1,fixed_evaluation_grid
warped,4,0.2,0.8,1.2,c1,1,20370895,64,2500,48,0.02,0.05,5000,0.0011820704637393524,0.31230578192073993,0.026568888135650857,0.06447123734232679,0.10073630834738559,0.05170484992666213,0.03798843188734069,0.01881717294485208,0.029431701492595774,0.009875775244165339,0.9925130208333334,0.9869762174405436,0.5748697916666666,0.423828125,1.0,0,1,fixed_evaluation_grid
warped,4,0.2,0.8,1.2,c1,1,20370959,128,2500,48,0.02,0.05,18184,0.0008879428614396843,0.31249665553945216,0.02100835693773991,0.05086140771179926,0.07947094954968634,0.040557948362532126,0.030602406091825518,0.015185897307397278,0.026577660727247654,0.009909824787645847,0.9912109375,0.9847112117780294,0.5748697916666666,0.5403645833333334,1.0,1,1,fixed_evaluation_grid
warped,4,0.2,0.8,1.2,c1,1,20371087,256,2500,48,0.02,0.05,69128,0.0006429718162781983,0.3129736683928693,0.016805261699966597,0.04061504490072419,0.06346100765738154,0.032250552910197516,0.018084370294712437,0.00900167011492714,0.026465579885543766,0.009580717297345928,0.9908854166666666,0.984144960362401,0.5748697916666666,0.6412760416666666,1.0,1,1,fixed_evaluation_grid
warped,4,0.2,0.8,1.2,c1,2,20370935,4,2500,48,0.02,0.05,80,0.02300192204706176,0.29688982254019236,0.29070057582776015,0.7821882067732157,1.2221690730831491,inf,0.7904358219060208,0.33807168040655466,0.2876722525828639,0.06939040482040758,0.9290364583333334,0.8765571913929785,0.5748697916666666,0.0,nan,0,0,fixed_evaluation_grid
warped,4,0.2,0.8,1.2,c1,2,20370939,8,2500,48,0.02,0.05,184,0.01770056094550374,0.3067486251415507,0.22634830098935557,0.5944694757352214,0.9288585558362832,0.7332764649234778,0.6257489049032454,0.2750485892322869,0.22484153557509812,0.06473570428958113,0.9342447916666666,0.8856172140430351,0.5748697916666666,0.0146484375,1.0,0,0,fixed_evaluation_grid
warped,4,0.2,0.8,1.2,c1,2,20370947,16,2500,48,0.02,0.05,488,0.011010192560681354,0.2982117200198135,0.19757725753871466,0.5132221907894348,0.8019096731084917,0.5549266050509104,0.38036297404977293,0.17488849430478837,0.11015640295588458,0.03957527739398508,0.9641927083333334,0.9377123442808607,0.5748697916666666,0.052734375,1.0,0,0,fixed_evaluation_grid
warped,4,0.2,0.8,1.2,c1,2,20370963,32,2500,48,0.02,0.05,1480,0.0025446354084891604,0.3109072628881896,0.04981323924028066,0.12203313298028301,0.19067677028169217,0.10037606205797978,0.07474832563619271,0.03670069240653673,0.03095883960329071,0.011975097240910887,0.9889322916666666,0.9807474518686297,0.5748697916666666,0.3587239583333333,1.0,0,1,fixed_evaluation_grid
warped,4,0.2,0.8,1.2,c1,2,20370995,64,2500,48,0.02,0.05,5000,0.0011664503683281838,0.3118586413668707,0.026857625277620072,0.06517963270184123,0.1018431760966269,0.05228863892882807,0.04071798438305407,0.020155862789139833,0.02841522719031042,0.009761860831448785,0.9918619791666666,0.9858437146092865,0.5748697916666666,0.423828125,1.0,0,1,fixed_evaluation_grid
warped,4,0.2,0.8,1.2,c1,2,20371059,128,2500,48,0.02,0.05,18184,0.0007942214713494078,0.3130076096151002,0.01997124459882254,0.04832983764800009,0.07551537132500012,0.038498763040317296,0.02507283213889533,0.01261599776930522,0.028092573473533333,0.009755124840441927,0.9905598958333334,0.9835787089467724,0.5748697916666666,0.560546875,1.0,1,1,fixed_evaluation_grid
warped,4,0.2,0.8,1.2,c1,2,20371187,256,2500,48,0.02,0.05,69128,0.0007284848734454313,0.3130237585690182,0.019623312360329482,0.04748102405278182,0.07418910008247158,0.03780932247421542,0.02285907860251124,0.011495613870384114,0.024668992364915265,0.009684518476606662,0.9912109375,0.9847112117780294,0.5748697916666666,0.5729166666666666,1.0,1,1,fixed_evaluation_grid
