pair_index,left_pool_index,right_pool_index,left_label,right_label,straight_teacher_length,geodesic_candidate_teacher_length,straight_relative_excess,passing_student,fixed_teacher_path_student_length_error,length_resolution_relative_gap,maximum_latent_edge,normalized_boundary_clearance,minimum_teacher_metric_eigenvalue,maximum_teacher_metric_condition_number
0,1557,1503,9,6,8.984157038539575,8.898124055633264,0.009668665256677755,rank 13,0.001209678456488783,4.6824589228222635e-07,0.03833569278565404,0.25004409514451476,21.837734737159803,2.226121924968606
1,1669,1875,2,5,10.933033808521856,10.928534067844296,0.00041174238462593493,rank 13,0.0008462133718325493,6.310741125226116e-07,0.05536856650692673,0.32649589939280277,14.49668043613146,3.4441670753403253
2,646,2217,1,0,9.341797344127935,9.27389928974478,0.007321413815463584,rank 13,0.0015725203162066936,1.5019079313560724e-08,0.054696389502478196,0.12838480178068606,7.462826273661059,2.8362358728247368
3,1688,1284,9,5,9.248824581381664,9.144776947627303,0.011377820842459974,rank 13,0.0007777341163708318,8.425821995672322e-08,0.04027610530254587,0.2537189379785872,15.479613049699978,3.0658574752098513
4,1550,119,7,6,11.450497136029405,11.223105041460215,0.020261068013634587,rank 13,0.0008978166787956265,7.482099773081785e-07,0.04670950501763709,0.2616228585998045,14.635054224256297,3.6583964401810025
5,2813,379,4,6,10.958566559322975,10.940287756979275,0.0016707789365082437,rank 13,0.0006374138243232519,1.6032625516082533e-07,0.057832895529095915,0.15189638875052155,10.508292254512003,2.468997504628573
6,1036,772,6,0,9.445215684414173,9.44286029661723,0.0002494358407256758,rank 13,0.001000299745284261,1.9759027136689866e-07,0.05200159198823888,0.2516645074557219,10.84756802286508,3.0168725817477546
7,35,1011,1,7,12.422827033961608,12.272236265494904,0.01227084984422211,rank 13,0.0006725537726542941,3.558573586914804e-07,0.04847300807340953,0.16307987856360964,9.556956086780948,6.022345752354331
8,446,2459,6,1,6.401479639835169,6.384157104847294,0.0027133628924518316,rank 13,0.0008941785132009494,1.0251392801308157e-07,0.03460938061259507,0.12138319703315117,9.661511054227239,3.42789263329823
9,15,41,4,5,14.579211633741261,14.457338425911457,0.008429850933791228,rank 13,0.0008391645548395665,6.189293453306988e-07,0.06849278580682132,0.18963560680082198,17.699697648783864,2.8267003435274467
10,2088,1057,3,5,12.749568878944014,12.57694528663555,0.013725399003834182,rank 13,0.0015195894896097295,8.201622752057602e-07,0.10500738017349738,0.13792906734423915,4.619389153260752,7.141228204619864
11,151,2967,0,6,13.182199986923981,13.141983312907957,0.00306016778886975,rank 13,0.0006795615520587273,2.0342089634972638e-07,0.06396506674018598,0.22740217137237426,15.578516563710453,3.2802799927132082
12,995,299,4,2,12.462112657674123,12.420796762810218,0.0033263481927030547,rank 13,0.0008948690478262078,8.150239527715541e-08,0.05723610273551457,0.1504256463185048,11.301566811322912,2.19261001692473
13,584,2165,1,5,9.68678996038787,9.63038437574782,0.005857043959958341,rank 13,0.0006388793115948976,1.926759359838215e-07,0.04333748822577763,0.13795710454191057,9.179324287773728,5.992066219997044
14,1175,2094,1,3,7.404014847855015,7.367879202025252,0.004904484023004807,rank 13,0.0010138378524128244,1.7755241277228606e-07,0.0389959759095135,0.13394151152928938,9.65591510992722,3.418409805739371
15,1245,1523,9,3,13.339460076440401,12.830190111932913,0.03969309574250457,rank 13,0.0011739702339728098,1.4779404424736242e-06,0.05485976511976339,0.2601227641256017,23.268129811943577,2.887345848721981
16,678,1526,4,7,11.722691490782355,11.343903720763855,0.03339130685014258,rank 13,0.0009378538575205431,1.0944581712024615e-06,0.046052289577552044,0.30262101026728216,21.656672589131897,3.366531668886249
17,1317,2205,3,5,9.85557261956605,9.84264670175278,0.0013132563023894317,rank 13,0.0005935181351812702,9.241839515894412e-09,0.03756459372262891,0.20405147294006215,14.937921508710259,4.17008147173895
18,1411,274,2,3,8.223474206047328,7.859478693763445,0.0463129332703347,rank 13,0.001210046839426493,4.335647494357886e-07,0.03432202703491029,0.25409631783434594,21.2974879314765,3.4485481250768375
19,2415,835,6,4,10.94966210595178,10.94530027296555,0.00039851195284290597,rank 13,0.0006184108333345817,1.6477122588565152e-07,0.046814986297362006,0.2776526506619941,17.498976697835957,3.0172194597523236
20,2820,313,5,9,7.644254183127551,7.63931759731941,0.0006462076939794947,rank 13,0.0009728194839523363,3.527946379477953e-08,0.04823146210390087,0.10335560334342009,9.75035064299681,2.0007684518234936
21,2939,1488,7,1,14.242880201075085,14.201516690065347,0.0029126122168821045,rank 13,0.00043294915934211087,1.4508878742880427e-07,0.05382696444748936,0.18763992378678557,8.998267285146033,5.992481452337388
22,2441,1759,3,5,14.688791072771668,14.581971053684702,0.007325485607789117,rank 13,0.0007810370055446603,5.307769759266279e-07,0.06399008153089167,0.21284072183273958,16.47727290397257,3.047882798846791
23,1062,1367,8,6,12.082372101053053,11.612693136933476,0.04044530916138567,rank 13,0.001053346025019719,4.3755717871185595e-07,0.04998991078452524,0.27287149651517045,22.12312142063275,3.3544727477044587
24,1188,1573,7,3,14.97343625199132,14.840485896192625,0.008958625528076691,rank 13,0.0013041599621380628,5.973960486294061e-07,0.10713391761097439,0.14440429262082616,6.922908187076689,4.3136625299215625
25,2345,474,4,9,13.937846680525778,13.877925650744329,0.004317722351988129,rank 13,0.0008881894199050944,1.988552123632914e-06,0.07022479919191182,0.19409084802029797,14.953816897814702,2.972529252590589
26,2261,1856,9,2,13.594968630732787,13.558557644714714,0.0026854616082461202,rank 13,0.0008054273338146123,5.92212047623164e-07,0.05578882429550543,0.20342815204107415,23.193739171984554,2.2530112925534613
27,1569,1067,5,9,10.183366488220852,10.035710729971107,0.014713034504749034,rank 13,0.0009152456028697076,9.046232984921687e-08,0.05104082997105056,0.20181724051305797,12.391870459733331,2.8335590590854127
28,2561,1197,0,5,13.864790949705611,13.749752776680753,0.008366563013406436,rank 13,0.0012396442828535026,1.0059979693721743e-06,0.0973565737243243,0.21088474066222804,6.66077265740699,4.073445253565986
29,2436,2383,5,2,11.8154868189124,11.801244684703912,0.0012068332272567872,rank 13,0.0007940746555942235,5.796315007966513e-07,0.05704579553805598,0.31853908459294045,14.68291510811689,3.3211340497349022
30,2555,769,5,3,10.487350692140975,10.471073442845924,0.001554496717447007,rank 13,0.0006855194127893816,9.850049120796456e-08,0.04515358489939815,0.20392838391243592,14.752901979965927,3.4436014792707788
31,2957,1521,9,6,13.838435295057709,13.832497138649497,0.0004292902683218358,rank 13,0.0007519409718477199,3.39351484246464e-07,0.05945966071533312,0.2820154503030362,22.47562960834458,2.482547903104239
32,2063,1783,5,1,8.730203138656854,8.671704494959162,0.006745922180777519,rank 13,0.000706996926285619,1.469435282341891e-07,0.03448301891264392,0.269075088868975,9.785611932291339,6.0694556197207925
33,2381,2740,5,3,11.86910436541829,11.824863346055142,0.0037413556561654016,rank 13,0.000880404187421191,6.576873767816238e-08,0.059949629781360245,0.19798633742333846,13.392953315783217,3.084952583710029
34,2487,2182,3,2,7.571103840580614,7.532673741632466,0.005101787262568935,rank 13,0.002217261534788517,6.541629726797282e-08,0.05223842198433585,0.1606298710325745,8.305561013402157,3.683651223083964
35,699,2151,7,2,12.34191461350522,12.175757588662055,0.013646545082163009,rank 13,0.0009971542124507238,1.1092574234705666e-06,0.05070234193733248,0.2269170223574504,23.024308277902044,2.945848061120144
36,2084,328,2,6,9.53945236294955,9.344087774924116,0.02090782885727127,rank 13,0.0013809744454260642,7.341405483529684e-09,0.05428638128493694,0.12939257208810953,11.515638991452567,3.0044959507184443
37,965,480,3,4,11.076974708961409,10.886667503300526,0.01748075851523767,rank 13,0.0011593441747215216,1.6122461699019652e-08,0.05151006142626027,0.13650724966652397,10.144752422199018,3.4543038303090148
38,277,215,3,6,8.62543095592267,8.568440550894358,0.0066511992106152995,rank 13,0.001627864555317049,1.0337378730795876e-07,0.049700598415643664,0.18519411834737468,12.139683697573725,2.9843886448693646
39,1360,2791,1,6,10.33651639256555,10.021104591849522,0.03147475388816545,rank 13,0.0010857859784744184,1.8697218284735584e-07,0.06423279306745296,0.12792420720658654,8.227680799517136,3.4099859565409134
40,1711,2865,5,9,11.120672190541455,10.962447861469778,0.014433302768790846,rank 13,0.0010863540040620956,2.792685034336273e-07,0.06274836215802919,0.1763182007846598,11.12681362549968,3.899709185349346
41,722,1853,0,7,15.010516066775143,14.84739473894107,0.010986528660563266,rank 13,0.0007294131528798875,4.7291043059338733e-07,0.0695373143543207,0.24233726274481424,11.529836467689238,4.948056174912483
42,165,1865,1,6,8.658289011541235,8.478768257024779,0.02117297572884147,rank 13,0.0011018066241134106,1.5266809150205063e-08,0.04898839067325432,0.15098832675925491,9.38768918604977,3.2244028923030315
43,640,745,2,9,9.763908759141415,9.644660192705462,0.012364206105067721,rank 13,0.001338381524708554,1.4134163608403583e-06,0.041106612486550786,0.24503945249442188,21.46513941608768,3.3696316795367593
44,2470,2577,0,1,7.326447255627945,7.310790074923325,0.0021416537124114843,rank 13,0.0010697885900766702,8.606033730096385e-08,0.04071922642579615,0.1188989798174842,10.791074591114107,2.632161328511181
45,1843,672,5,1,10.307622642090788,10.24293970616535,0.006314880081399243,rank 13,0.0007077715140643148,1.7205690339139323e-07,0.04014179469731042,0.15518273699657775,9.915261146094686,6.026557669128427
46,2885,832,3,7,7.211432512894664,7.167345228389452,0.006151131709211333,rank 13,0.0012753877879996267,4.5885671617895696e-07,0.034814552220146254,0.12065106803437337,8.27048633235522,4.360461538779822
47,1110,1089,5,3,13.519831277849564,13.428928786255943,0.006769154341383921,rank 13,0.0015768572407092174,8.912546907158259e-07,0.11663859573423217,0.11822657615141699,4.493706343531625,6.729577182956132
48,553,667,9,5,10.641389436711677,10.527563467824825,0.010812185481924308,rank 13,0.0007382173811348869,1.832349479924389e-07,0.04938030336625159,0.15813206107373837,11.290940860981262,2.7624070154196128
49,410,1643,7,3,10.99652141827319,10.922232660751973,0.006801609142438991,rank 13,0.000726979688173035,3.894161377804295e-07,0.03902298936466962,0.227431806430527,18.56334795016825,3.1304221078674486
50,223,930,4,7,8.21290427014614,8.139047831655038,0.009074334003033258,rank 13,0.0009928610085635503,2.356468757902519e-07,0.03861977845803813,0.18879352293989554,14.100489680128963,2.932039355394799
51,501,1088,0,2,10.633309512990152,10.533628109818103,0.009463159524223164,rank 13,0.0012054649278241403,1.0556913165871151e-06,0.06756990084826069,0.13365307561829012,7.641356163957147,3.99400586492965
52,956,422,6,2,7.382460998497519,7.369156160750077,0.001805476428672792,rank 13,0.0009702207837369858,9.793244937217338e-08,0.03746430325177618,0.2750194623942277,15.91684284066983,3.139346426162744
53,2495,2560,6,7,12.469087771411392,12.318450035001266,0.01222862746385367,rank 13,0.000989743227961526,2.2740215177563528e-07,0.06248628433075798,0.15315346275737038,12.963811300139245,2.7589194049016705
54,759,1577,1,5,9.941461909306671,9.902737456228566,0.003910479627403207,rank 13,0.0006056755633668809,2.8351436798246255e-07,0.042959373340261085,0.14047093924137458,8.807854580053567,6.022354887810295
55,466,2238,6,5,14.774850395503167,14.670460398892425,0.0071156592071659475,rank 13,0.0007588871730318525,3.8533557678022134e-07,0.07000054459437531,0.22639104213841107,13.597739599862315,3.47757587866386
56,692,1944,5,0,10.60410703239816,10.53357710250004,0.006695724463950725,rank 13,0.0006573498610827899,1.326745409091501e-07,0.038520402532233794,0.2716115230332311,12.429150319378836,4.250911428750237
57,433,1320,3,6,12.03128619952298,12.004837829700357,0.0022031426161532863,rank 13,0.0011301864245940596,2.321723568954326e-08,0.05839067022487637,0.17537143210429415,11.973063438491442,2.5221381948174835
58,51,805,9,6,14.124085733245112,13.532131159100722,0.04374437161335698,rank 13,0.0010493040988219793,1.2705262129042438e-06,0.055745009386650966,0.29476799587800023,22.202714893480366,2.7919038845827413
59,2945,2510,9,1,14.466009717251257,14.23912786381919,0.015933690293529867,rank 13,0.0007779465984858458,4.956386905341503e-07,0.057149183447715614,0.26055541400237264,9.896838000374492,5.809342312926141
60,1447,1989,3,7,9.902745477300533,9.761293610274791,0.014491098482771747,rank 13,0.0007970818944683655,3.790194542663272e-07,0.036042925037187236,0.29967247772591066,20.722916204581157,3.218964431938464
61,1151,2966,0,5,12.380959351191013,12.053141885428925,0.027197677491740846,rank 13,0.0010634926612371753,4.876741359627346e-07,0.04452075669239476,0.3206086082127363,22.453596126355244,2.6967886823326093
62,746,1192,1,2,12.086097415168958,11.887410896028687,0.016714028048500307,rank 13,0.0010024067017990745,8.03075353328353e-07,0.07989192549775484,0.24348703112546333,9.61233489562817,5.99440633921841
63,1745,2878,6,1,8.386222601036984,8.361612618575132,0.002943210070170066,rank 13,0.0007435803960254006,2.5411590443003007e-07,0.035960693849276734,0.1722352799369845,13.996945361128821,2.4849600158361227
64,1806,1077,8,2,11.664543184998251,11.650374832119203,0.0012161285008605027,rank 13,0.0005774910748427287,2.015263574906001e-07,0.06503585611985621,0.1525228052675329,9.89174529891384,3.1692763643436423
65,293,2380,3,4,11.116576554683405,11.113975478552913,0.00023403651875164577,rank 13,0.0006327608264651285,3.1032542757714054e-07,0.04604166293829229,0.20331052009523293,16.960039722266387,2.8807579912037653
66,1672,560,5,3,13.268892366957576,13.099580861000545,0.012924955977873909,rank 13,0.00124879155528701,7.218522595220378e-07,0.10050487108937509,0.11951852212058536,5.221194685441008,5.940323086527278
67,1289,1177,7,4,14.796107215064005,14.727161729150218,0.004681518895614412,rank 13,0.000793170036226476,1.4577163967022244e-06,0.06215851733841888,0.2315097259918372,19.190897792146558,2.566146829171737
68,157,2112,4,3,11.66496650179343,11.495020431874165,0.014784320821912278,rank 13,0.0010816099041086602,5.211055331688641e-08,0.05497865332111545,0.13295264091345957,10.354485447608065,3.0875380958476737
69,801,1720,7,1,12.20359861967896,12.166094123387522,0.0030827064061045295,rank 13,0.0004380581733995914,6.464711432840886e-09,0.04441112715358205,0.2294134372614428,9.614779815733282,6.054255433852113
70,1071,531,7,0,12.22463448133805,12.165855211640842,0.00483149508806946,rank 13,0.0008170091344973374,3.0804667905393046e-07,0.05359523335766503,0.2862991988021898,14.9229398333925,3.2376278591521306
71,1580,437,0,5,13.615604057442098,13.554581224698122,0.004502007972978506,rank 13,0.0008041318808416076,3.985450158783266e-08,0.05604425341526381,0.19563051495246034,14.861190491669074,3.0710187853272726
72,1835,2319,2,9,11.820090114766643,11.497706559195347,0.028038944454837234,rank 13,0.001044198934812668,1.657889166395421e-06,0.04827690824961943,0.29230191926289095,21.981749453249325,3.293273475312233
73,1544,1013,5,6,8.887616950174113,8.767849071872561,0.013659892787818428,rank 13,0.0008614328095818413,2.688867828393171e-07,0.03913657801433502,0.22207123903431303,15.989703708245818,3.341605498848245
74,1814,2959,9,0,13.40425924389388,13.05167678558334,0.027014341843034195,rank 13,0.0010447872184415896,5.488445697920952e-07,0.04869218431226416,0.22860823045586826,23.11030911076015,2.4204680519385775
75,1086,334,0,6,8.1858721441298,8.131228834664036,0.006720178533509591,rank 13,0.00136502529127136,3.016484819706733e-07,0.06251149525978544,0.19207642987234683,6.70756625823795,3.7453447481606723
76,2267,2818,1,4,9.308286487358433,9.285573651847496,0.0024460347160584206,rank 13,0.0006821306692555984,3.763748617213736e-07,0.03832903626048971,0.2366308992775286,19.888615169725398,3.156769620244794
77,2982,2418,0,8,9.744501798691731,9.739374516604315,0.0005264488062015626,rank 13,0.0005180282510701684,1.7930305551416836e-07,0.044326990871096664,0.19050381783671386,15.111802893176982,3.2868689005186544
78,2004,2612,5,6,8.1106611526602,8.093346262629133,0.002139398151172367,rank 13,0.0010035834823823864,2.7911209676823034e-07,0.03608802531964552,0.18355815502439365,11.442633670147938,3.353778293472789
79,453,2609,7,6,9.936385348319872,9.82717521967486,0.011113074327438799,rank 13,0.0009879436908963868,5.210881297568193e-07,0.03694050074255469,0.18870535333617008,20.811359022562417,2.2514782985008766
80,1311,1131,7,3,15.681610925018099,15.464092511934181,0.014066031544757607,rank 13,0.0009828879970018578,7.653554825459707e-07,0.07693130908595613,0.12762659603459597,10.215469724883455,5.981668623666074
81,2915,1871,2,9,10.348573027223383,10.074776270643735,0.027176460223483856,rank 13,0.001033898684840051,1.2980028023523715e-06,0.04232363292874509,0.3150390651250834,21.30658378120253,3.4457527999823263
82,666,2066,7,3,14.059581066727024,13.872456819714426,0.013488904629111786,rank 13,0.0009764485907497455,5.816772543631998e-07,0.08524871849481884,0.15288342246620637,7.7802182174797565,6.011277748965061
83,2867,580,3,4,11.412827779112327,11.200408568740087,0.01896530908391081,rank 13,0.0014542084110649167,8.010407559488897e-08,0.05912375383574865,0.13684405559902238,8.09437467044197,3.8070486881752066
84,648,68,0,1,10.648249398608685,10.540127845018013,0.010258087490065737,rank 13,0.001494820288647114,2.1533669791740095e-07,0.062157927081054415,0.12106895809603185,10.978047066706242,2.90840405489014
85,2086,1445,5,9,8.595178530592467,8.550413170834512,0.005235461592739243,rank 13,0.0005289916600736966,6.9671641789170735e-09,0.039245271917700296,0.28022669109725185,15.999230974507897,3.035530989541933
86,925,104,3,4,12.60438790378017,12.469557244067186,0.010812786458567647,rank 13,0.0007981918551149825,2.788550937937728e-07,0.06156858675628047,0.25770123545656665,16.096572494484484,3.90436359863089
87,2649,2800,3,5,11.36898615776462,11.262714850456454,0.009435674144219197,rank 13,0.0008439898960371783,6.237304905898355e-08,0.037604401280002656,0.3035352615985922,19.80576324238808,2.6077733229245585
88,98,2295,9,7,8.253067504380436,8.160100441166371,0.011392882218098865,rank 13,0.0009152192612941201,4.1584533594374307e-08,0.04543063276544692,0.10373841380847726,10.523036207919947,2.3240249261569152
89,2480,731,5,1,9.933758632169841,9.897156689600093,0.003698228058590658,rank 13,0.00047620179553298225,1.1896625773388791e-07,0.03817923555390255,0.2146763275373118,9.098799931497819,6.003350735257258
90,2229,2287,0,2,8.345478959130599,8.336340649596323,0.0010962015491435828,rank 13,0.0009619606464389419,5.6997021880000887e-08,0.04110155926335057,0.1302127190903192,7.7901066897024425,2.298387464762886
91,792,734,5,7,6.5848182331008696,6.581160581579335,0.0005557760635370723,rank 13,0.0018496931796798677,2.6050433676871876e-07,0.048527556527075175,0.09973095228770162,6.732153936795749,3.321260298449556
92,17,2435,0,9,14.482440238530636,13.957610391861785,0.03760169770714206,rank 13,0.0010434655755701128,1.134891271181715e-06,0.05374280171334606,0.2916514303692738,21.522810036387398,3.122377334994972
93,1977,2310,4,5,10.74074269735264,10.658641816519399,0.007702752587669837,rank 13,0.0010065958268483666,2.0962932945067791e-07,0.05077951502959106,0.16271381524446232,13.70596975888145,2.8163951373870155
94,198,1644,6,3,9.30078268131275,9.136939125497994,0.017931995996068872,rank 13,0.0017376848596797334,3.63617238319236e-07,0.057231764513029346,0.18356532772352158,6.523355663896992,5.345155540405643
95,1209,111,8,6,8.190323926610088,8.07268093913462,0.014572976234593638,rank 13,0.0011400204900087196,2.40217976843482e-07,0.03485554922851329,0.2969351157074703,22.266415547554626,3.3273920213949615
96,1902,1137,3,2,12.26441756045628,12.200820585221832,0.005212516223005448,rank 13,0.001174790875515641,4.541292453197343e-08,0.06325516887778596,0.12196665243403533,7.414460927549066,2.5219886822467084
97,2549,1719,1,4,8.256199973862449,7.9647515312203545,0.036592283073699106,rank 13,0.0011186237892786277,1.2939148663626554e-07,0.04468913059372351,0.30580441036692835,13.10368422926334,4.688757830271502
98,998,1907,4,5,12.169048852381978,12.148991284466913,0.0016509657012191425,rank 13,0.0005811643333223371,2.471861297870248e-07,0.04705160617499294,0.22850973840125885,19.646913317586908,3.2332582797271887
99,961,649,9,2,14.146849477032015,13.993996144971382,0.010922779346024036,rank 13,0.0010566214560193687,2.7604752284027256e-07,0.08555291244546614,0.11466906972358074,9.637685796231873,3.437721762883541
