method,rank,head_parameters,decoder_parameters,vae_parameters,teacher_head_parameters,head_compression,teacher_output_rmse,worst_local_length_distortion,p95_local_length_distortion,pass_5_percent,teacher_triplet_agreement,reconstruction_mse,reconstruction_psnr,minimum_teacher_metric_eigenvalue,weighted_svd_next_singular_value,geometry_covariance_multiplier,geometry_trace_weight,seed,teacher_epochs,teacher_train_examples,covariance_sample_count,metric_sample_count,reconstruction_sample_count
raw,1,1632,5984,114980,50960,31.225490196078432,0.24505463508635003,1.0,1.0,False,0.5833333333333334,0.0965534310099627,10.152322890288728,2.868070361143945,5.663073114402754,5.827778402939916,4.0,20260730,12,30000,4096,1536,4000
raw,2,2480,6832,115828,50960,20.548387096774192,0.18886966838892866,0.9999195603990835,0.9592148647915641,False,0.6198333333333333,0.07179991783482509,11.43876052747985,2.868070361143945,4.990546122139545,5.827778402939916,4.0,20260730,12,30000,4096,1536,4000
raw,3,3328,7680,116676,50960,15.3125,0.17882202364764174,0.9882800015175253,0.8681465153614497,False,0.6391666666666667,0.06710772441925368,11.732274875868804,2.868070361143945,4.214308857462045,5.827778402939916,4.0,20260730,12,30000,4096,1536,4000
raw,4,4176,8528,117524,50960,12.203065134099617,0.17382411115989763,0.9344116333657823,0.7309929905752344,False,0.6675,0.06538430107350504,11.845265142993863,2.868070361143945,4.181697336347432,5.827778402939916,4.0,20260730,12,30000,4096,1536,4000
raw,5,5024,9376,118372,50960,10.143312101910828,0.1614146215527822,0.724622688893148,0.6043117468511788,False,0.7211666666666666,0.06101545631188144,12.145601364535132,2.868070361143945,3.960000624660118,5.827778402939916,4.0,20260730,12,30000,4096,1536,4000
raw,6,5872,10224,119220,50960,8.678474114441418,0.1531806467673685,0.7102829910926978,0.5486545010528076,False,0.7523333333333333,0.058315288907330655,12.342175684382394,2.868070361143945,3.7702470919688578,5.827778402939916,4.0,20260730,12,30000,4096,1536,4000
raw,7,6720,11072,120068,50960,7.583333333333333,0.13622386830618832,0.6980516996026258,0.47347765076666737,False,0.807,0.053220714551681064,12.739192988231707,2.868070361143945,3.4464267911418434,5.827778402939916,4.0,20260730,12,30000,4096,1536,4000
raw,8,7568,11920,120916,50960,6.733615221987315,0.1225886233723259,0.5374270570395033,0.3075575381996458,False,0.8591666666666666,0.049110201258827944,13.088282860797724,2.868070361143945,2.9883377923476626,5.827778402939916,4.0,20260730,12,30000,4096,1536,4000
raw,9,8416,12768,121764,50960,6.055133079847908,0.11313247510285808,0.49732655333876075,0.272586567404953,False,0.8893333333333333,0.04673772614984998,13.30332420411796,2.868070361143945,2.7290359320674775,5.827778402939916,4.0,20260730,12,30000,4096,1536,4000
raw,10,9264,13616,122612,50960,5.500863557858376,0.0985152995183085,0.3759043054950445,0.20592064570438265,False,0.9138333333333334,0.0432544866246444,13.639688381352176,2.868070361143945,2.5725835435012745,5.827778402939916,4.0,20260730,12,30000,4096,1536,4000
raw,11,10112,14464,123460,50960,5.0395569620253164,0.0924307451659628,0.2519035060687219,0.15044765896969955,False,0.9428333333333333,0.0420833301307653,13.758899009790468,2.868070361143945,2.473975458590748,5.827778402939916,4.0,20260730,12,30000,4096,1536,4000
raw,12,10960,15312,124308,50960,4.649635036496351,0.09136247774744265,0.24293222272271175,0.14514215025144492,False,0.9451666666666667,0.04188196086370354,13.779729933649566,2.868070361143945,2.4421402619630617,5.827778402939916,4.0,20260730,12,30000,4096,1536,4000
raw,13,11808,16160,125156,50960,4.315718157181572,0.08925288783487455,0.2321291486715521,0.1369877369518164,False,0.9491666666666667,0.041497575349902144,13.819772778161125,2.868070361143945,2.4052235525670995,5.827778402939916,4.0,20260730,12,30000,4096,1536,4000
raw,14,12656,17008,126004,50960,4.0265486725663715,0.08914277425237828,0.23187650342650312,0.13547165195960656,False,0.9493333333333334,0.041475157205922625,13.822119591665235,2.868070361143945,2.3737813947618975,5.827778402939916,4.0,20260730,12,30000,4096,1536,4000
raw,15,13504,17856,126852,50960,3.773696682464455,0.08875520516296731,0.2269323512049164,0.13344274378514606,False,0.9515,0.04139700835393184,13.830310429932279,2.868070361143945,2.355624330425267,5.827778402939916,4.0,20260730,12,30000,4096,1536,4000
raw,16,14352,18704,127700,50960,3.550724637681159,0.08859934984190557,0.2266081744303453,0.1333204997871295,False,0.9518333333333333,0.04136946280816286,13.83320118480009,2.868070361143945,2.3275007632783944,5.827778402939916,4.0,20260730,12,30000,4096,1536,4000
raw,17,15200,19552,128548,50960,3.3526315789473684,0.08837106260788885,0.22624915816902158,0.13193062974154826,False,0.9523333333333334,0.04132998376640723,13.837347653004633,2.868070361143945,2.300058065847828,5.827778402939916,4.0,20260730,12,30000,4096,1536,4000
raw,18,16048,20400,129396,50960,3.1754735792622135,0.08821507635701135,0.22428857535415292,0.13150962114704984,False,0.9528333333333333,0.04129810314144844,13.840698954167328,2.868070361143945,2.276310578217225,5.827778402939916,4.0,20260730,12,30000,4096,1536,4000
raw,19,16896,21248,130244,50960,3.016098484848485,0.08756719397175092,0.21759838840592194,0.12746375739691188,False,0.9541666666666667,0.041186684282598994,13.852431693383743,2.868070361143945,2.250351777496926,5.827778402939916,4.0,20260730,12,30000,4096,1536,4000
raw,20,17744,22096,131092,50960,2.871956717763751,0.08641477644653549,0.2074020441945732,0.12295057871100837,False,0.96,0.040986713346354765,13.873569056105515,2.868070361143945,2.220300574793966,5.827778402939916,4.0,20260730,12,30000,4096,1536,4000
raw,21,18592,22944,131940,50960,2.7409638554216866,0.08580533281597061,0.20106880686425077,0.12104639828090255,False,0.9598333333333333,0.04087939861700078,13.88495501797981,2.868070361143945,2.2076820273983455,5.827778402939916,4.0,20260730,12,30000,4096,1536,4000
raw,22,19440,23792,132788,50960,2.6213991769547325,0.08458566511876811,0.19738469530891412,0.11847385537212347,False,0.9608333333333333,0.04067718046737727,13.906491577624909,2.868070361143945,2.1845476502554897,5.827778402939916,4.0,20260730,12,30000,4096,1536,4000
raw,23,20288,24640,133636,50960,2.5118296529968456,0.08400356646589582,0.19736830202255096,0.1161360167380904,False,0.9615,0.04057308624525222,13.91761955857315,2.868070361143945,2.174809669518212,5.827778402939916,4.0,20260730,12,30000,4096,1536,4000
raw,24,21136,25488,134484,50960,2.4110522331566995,0.08349061802907386,0.19239013176073216,0.11340750882038296,False,0.9631666666666666,0.040482821664365606,13.927292246624212,2.868070361143945,2.141426801508555,5.827778402939916,4.0,20260730,12,30000,4096,1536,4000
raw,25,21984,26336,135332,50960,2.3180494905385736,0.08320054434516609,0.18858599720724156,0.10943027534247642,False,0.964,0.04042911798990041,13.933057332222884,2.868070361143945,2.1347463054667837,5.827778402939916,4.0,20260730,12,30000,4096,1536,4000
raw,26,22832,27184,136180,50960,2.2319551506657325,0.08301275072839094,0.18836292204718863,0.10910920221578504,False,0.9638333333333333,0.04038878215652924,13.937392419197145,2.868070361143945,2.116542200687401,5.827778402939916,4.0,20260730,12,30000,4096,1536,4000
raw,27,23680,28032,137028,50960,2.152027027027027,0.08226940657673337,0.18789768691847752,0.10769008922701138,False,0.9643333333333334,0.040250791661298455,13.952255734140673,2.868070361143945,2.098621153246556,5.827778402939916,4.0,20260730,12,30000,4096,1536,4000
raw,28,24528,28880,137876,50960,2.077625570776256,0.08185219615066798,0.18551032743764984,0.10577021965032067,False,0.9653333333333334,0.04018442388322863,13.959422536924194,2.868070361143945,2.073657602166585,5.827778402939916,4.0,20260730,12,30000,4096,1536,4000
raw,29,25376,29728,138724,50960,2.0081967213114753,0.08160633658766617,0.18384195485303312,0.10528667465918966,False,0.9658333333333333,0.04014514718821621,13.96366945447724,2.868070361143945,2.050737725411538,5.827778402939916,4.0,20260730,12,30000,4096,1536,4000
raw,30,26224,30576,139572,50960,1.9432580841976814,0.08142398521364426,0.18243615185857376,0.1039002403414941,False,0.9656666666666667,0.0401112995797215,13.967332669348666,2.868070361143945,2.0445406101890873,5.827778402939916,4.0,20260730,12,30000,4096,1536,4000
raw,31,27072,31424,140420,50960,1.882387706855792,0.08114736350312153,0.18007040936967889,0.10308293961860143,False,0.9675,0.040057128664948094,13.973201845896455,2.868070361143945,2.038132809090324,5.827778402939916,4.0,20260730,12,30000,4096,1536,4000
raw,32,27920,32272,141268,50960,1.825214899713467,0.0805014836038518,0.1747329367717273,0.10169566825936721,False,0.9683333333333334,0.03995059469791898,13.984767514663279,2.868070361143945,2.0157958157520843,5.827778402939916,4.0,20260730,12,30000,4096,1536,4000
raw,33,28768,33120,142116,50960,1.771412680756396,0.08029997263987594,0.17419040352954052,0.10140446815433596,False,0.9693333333333334,0.03991345607007696,13.988806654212242,2.868070361143945,2.010570373654241,5.827778402939916,4.0,20260730,12,30000,4096,1536,4000
raw,34,29616,33968,142964,50960,1.7206915180983253,0.08009458970261804,0.17262977937718638,0.10122973091089506,False,0.9695,0.039875378367761755,13.99295183000557,2.868070361143945,1.9721234307506714,5.827778402939916,4.0,20260730,12,30000,4096,1536,4000
raw,35,30464,34816,143812,50960,1.6727941176470589,0.07851713372648765,0.16636118359774887,0.09485666117418656,False,0.9731666666666666,0.03962813515324791,14.019963644992687,2.868070361143945,1.9557643264050792,5.827778402939916,4.0,20260730,12,30000,4096,1536,4000
raw,36,31312,35664,144660,50960,1.627491057741441,0.07833646380834003,0.16635686125264615,0.09425221243901866,False,0.974,0.039598775246160144,14.023182461972127,2.868070361143945,1.9498368738637402,5.827778402939916,4.0,20260730,12,30000,4096,1536,4000
raw,37,32160,36512,145508,50960,1.5845771144278606,0.07821054217976958,0.1648068336803239,0.09396020258992131,False,0.9741666666666666,0.039576355525412166,14.02564201238196,2.868070361143945,1.9302411017879622,5.827778402939916,4.0,20260730,12,30000,4096,1536,4000
raw,38,33008,37360,146356,50960,1.5438681531749878,0.07679090902300881,0.15431117737319178,0.08572159673966172,False,0.9765,0.039373222298858306,14.047990411572632,2.868070361143945,1.9040905651405375,5.827778402939916,4.0,20260730,12,30000,4096,1536,4000
raw,39,33856,38208,147204,50960,1.5051984877126654,0.07659773742996143,0.15411673800701742,0.08492150577101198,False,0.9765,0.03933956351793888,14.051704629932507,2.868070361143945,1.8934390997235004,5.827778402939916,4.0,20260730,12,30000,4096,1536,4000
raw,40,34704,39056,148052,50960,1.4684186260949745,0.07631596216275716,0.15195330174402,0.08383256714362025,False,0.977,0.039291244029039836,14.05704220452785,2.868070361143945,1.8777923477107992,5.827778402939916,4.0,20260730,12,30000,4096,1536,4000
raw,41,35552,39904,148900,50960,1.4333933393339333,0.07422913669047533,0.14863682822299318,0.08017462310175381,False,0.9798333333333333,0.038973487989489186,14.092307246460884,2.868070361143945,1.849296136437588,5.827778402939916,4.0,20260730,12,30000,4096,1536,4000
raw,42,36400,40752,149748,50960,1.4,0.07329377241828082,0.14294596760340883,0.07668707491830094,False,0.9805,0.03882598242571319,14.108775463742116,2.868070361143945,1.8311884556607732,5.827778402939916,4.0,20260730,12,30000,4096,1536,4000
raw,43,37248,41600,150596,50960,1.368127147766323,0.07128738567042354,0.13011673537232138,0.07084908705485601,False,0.9828333333333333,0.038528206122888986,14.142212113105666,2.868070361143945,1.8284027244949752,5.827778402939916,4.0,20260730,12,30000,4096,1536,4000
raw,44,38096,42448,151444,50960,1.3376732465350694,0.07092790938490746,0.12303186677327638,0.06790106909297242,False,0.9838333333333333,0.038475138247778,14.148198109990373,2.868070361143945,1.8017779253734107,5.827778402939916,4.0,20260730,12,30000,4096,1536,4000
raw,45,38944,43296,152292,50960,1.308545603944125,0.07055540483883024,0.12302785109390135,0.06734593329721367,False,0.9845,0.03842144477821083,14.15426308203969,2.868070361143945,1.791197764723259,5.827778402939916,4.0,20260730,12,30000,4096,1536,4000
raw,46,39792,44144,153140,50960,1.280659429030961,0.06921005567574175,0.1230270155262202,0.06669720909215784,False,0.985,0.03823467794420027,14.175425635800794,2.868070361143945,1.7696394031457483,5.827778402939916,4.0,20260730,12,30000,4096,1536,4000
raw,47,40640,44992,153988,50960,1.2539370078740157,0.06861047645412535,0.11964821570696893,0.06571236280291408,False,0.9853333333333333,0.03813979083342253,14.186216930451124,2.868070361143945,1.755611491453153,5.827778402939916,4.0,20260730,12,30000,4096,1536,4000
raw,48,41488,45840,154836,50960,1.2283069803316622,0.06801589819124197,0.1115068274054416,0.06260829629947787,False,0.9863333333333333,0.03805761891614293,14.19558386935191,2.868070361143945,1.7459424976360285,5.827778402939916,4.0,20260730,12,30000,4096,1536,4000
raw,49,42336,46688,155684,50960,1.2037037037037037,0.06662948702252355,0.11064687547136409,0.06220476921813836,False,0.9861666666666666,0.03787202296620284,14.216814960517654,2.868070361143945,1.7289943571522723,5.827778402939916,4.0,20260730,12,30000,4096,1536,4000
raw,50,43184,47536,156532,50960,1.1800666913671731,0.06504457599361135,0.10868359598688804,0.06168857173914962,False,0.9873333333333333,0.03769243205308809,14.237458393835258,2.868070361143945,1.7006390151722832,5.827778402939916,4.0,20260730,12,30000,4096,1536,4000
raw,51,44032,48384,157380,50960,1.1573401162790697,0.06331129228109902,0.10370332265965498,0.059083645350026456,False,0.9876666666666667,0.037484406447144604,14.261493616691613,2.868070361143945,1.684295095158033,5.827778402939916,4.0,20260730,12,30000,4096,1536,4000
raw,52,44880,49232,158228,50960,1.1354723707664884,0.06025438923609856,0.10351076426606987,0.058786426501943385,False,0.9886666666666667,0.03710327090016242,14.30587802749515,2.868070361143945,1.6761895919407412,5.827778402939916,4.0,20260730,12,30000,4096,1536,4000
raw,53,45728,50080,159076,50960,1.1144156752974108,0.05939788496804638,0.10350213652711815,0.05824012512914896,False,0.9886666666666667,0.03699621424604854,14.318427142078317,2.868070361143945,1.656648929115612,5.827778402939916,4.0,20260730,12,30000,4096,1536,4000
raw,54,46576,50928,159924,50960,1.0941257299896943,0.058791832565915456,0.10117203423503618,0.05688715749192956,False,0.9886666666666667,0.036920780365632934,14.327291282066184,2.868070361143945,1.6305474809995122,5.827778402939916,4.0,20260730,12,30000,4096,1536,4000
raw,55,47424,51776,160772,50960,1.0745614035087718,0.0576694398246822,0.09825459712676887,0.05528335496537903,False,0.989,0.0368078769405303,14.340592317139723,2.868070361143945,1.5751998659607878,5.827778402939916,4.0,20260730,12,30000,4096,1536,4000
raw,56,48272,52624,161620,50960,1.0556844547563806,0.05670420256302592,0.09810573647966736,0.055237089305278333,False,0.9883333333333333,0.036699325941768966,14.353419123816595,2.868070361143945,1.565140562633405,5.827778402939916,4.0,20260730,12,30000,4096,1536,4000
raw,57,49120,53472,162468,50960,1.0374592833876222,0.056247803267092784,0.09810133361897933,0.05464159083961073,False,0.9886666666666667,0.0366429521074106,14.360095450393391,2.868070361143945,1.5382946618821676,5.827778402939916,4.0,20260730,12,30000,4096,1536,4000
raw,58,49968,54320,163316,50960,1.0198527057316682,0.0539156261443513,0.09341078995107832,0.05175659270220656,False,0.99,0.036371269009203525,14.392415459598606,2.868070361143945,1.5213775937712244,5.827778402939916,4.0,20260730,12,30000,4096,1536,4000
raw,59,50816,55168,164164,50960,1.0028337531486147,0.05267670380884661,0.0857606444886686,0.04855973702596438,False,0.9905,0.036220144725264004,14.410498187028555,2.868070361143945,1.4833178265352298,5.827778402939916,4.0,20260730,12,30000,4096,1536,4000
raw,60,50960,55312,164308,50960,1.0,0.050745567348893066,0.07962572080825714,0.04523391866248282,False,0.9911666666666666,0.03600538910593992,14.436324913491214,2.868070361143945,1.4087744195965277,5.827778402939916,4.0,20260730,12,30000,4096,1536,4000
raw,61,50960,55312,164308,50960,1.0,0.049327620308322134,0.07476717349192541,0.041882600881987496,False,0.9926666666666667,0.03583944043234313,14.45638779675168,2.868070361143945,1.3304120458399926,5.827778402939916,4.0,20260730,12,30000,4096,1536,4000
raw,62,50960,55312,164308,50960,1.0,0.0454681426075846,0.05443169480490895,0.03275381354988878,False,0.9956666666666667,0.03549050782433722,14.4988778640249,2.868070361143945,1.2526833985006849,5.827778402939916,4.0,20260730,12,30000,4096,1536,4000
raw,63,50960,55312,164308,50960,1.0,0.033082402629687056,0.029173434744178217,0.015344927140510223,True,0.9998333333333334,0.03440017719320023,14.634393203985018,2.868070361143945,1.1678047831916047,5.827778402939916,4.0,20260730,12,30000,4096,1536,4000
raw,64,50960,55312,164308,50960,1.0,5.106819049142001e-16,2.9223778952314206e-10,1.1970641700109742e-10,True,1.0,0.03323894547060474,14.78352762973429,2.868070361143945,0.0,5.827778402939916,4.0,20260730,12,30000,4096,1536,4000
value,1,1632,5984,114980,50960,31.225490196078432,0.17583067673492217,1.0,1.0,False,0.5843333333333334,0.0666955212667389,11.759033288188032,2.868070361143945,3.4809379541608463,5.827778402939916,4.0,20260730,12,30000,4096,1536,4000
value,2,2480,6832,115828,50960,20.548387096774192,0.12566497630309106,0.99991204657168,0.8993516579003966,False,0.6501666666666667,0.050854896006707465,12.936672294405689,2.868070361143945,2.1947340736772487,5.827778402939916,4.0,20260730,12,30000,4096,1536,4000
value,3,3328,7680,116676,50960,15.3125,0.09817113662160575,0.9954188400678649,0.82604735726407,False,0.7096666666666667,0.04447580642477845,13.51876168648057,2.868070361143945,1.6334566596162354,5.827778402939916,4.0,20260730,12,30000,4096,1536,4000
value,4,4176,8528,117524,50960,12.203065134099617,0.07846422291312449,0.6985308655107032,0.574685766264735,False,0.7841666666666667,0.040677941257473225,13.90641035177617,2.868070361143945,1.3646537662366356,5.827778402939916,4.0,20260730,12,30000,4096,1536,4000
value,5,5024,9376,118372,50960,10.143312101910828,0.06161662337813027,0.6896442778201575,0.47914120876384003,False,0.8356666666666667,0.03814857146799879,14.185217202302328,2.868070361143945,0.9790505800841242,5.827778402939916,4.0,20260730,12,30000,4096,1536,4000
value,6,5872,10224,119220,50960,8.678474114441418,0.050037576712461736,0.5668232045956507,0.3346096018088622,False,0.8753333333333333,0.03663070683244345,14.361547010332957,2.868070361143945,0.9348135181049626,5.827778402939916,4.0,20260730,12,30000,4096,1536,4000
value,7,6720,11072,120068,50960,7.583333333333333,0.03754347359114249,0.34771616439050324,0.24867892228129235,False,0.9191666666666667,0.03532434431495093,14.519258907120012,2.868070361143945,0.7259882775787031,5.827778402939916,4.0,20260730,12,30000,4096,1536,4000
value,8,7568,11920,120916,50960,6.733615221987315,0.026952064870807164,0.34017662605511834,0.20403601149088182,False,0.9361666666666667,0.034416351645178304,14.632351695792202,2.868070361143945,0.5043924632178646,5.827778402939916,4.0,20260730,12,30000,4096,1536,4000
value,9,8416,12768,121764,50960,6.055133079847908,0.020384582942418322,0.33993279638921814,0.16171651698496467,False,0.9485,0.03402248508643223,14.682339676221057,2.868070361143945,0.47952693448627015,5.827778402939916,4.0,20260730,12,30000,4096,1536,4000
value,10,9264,13616,122612,50960,5.500863557858376,0.011328852393453185,0.1715002509878224,0.05066636556905949,False,0.9913333333333333,0.033571242355883844,14.740325867138171,2.868070361143945,0.2469301902888561,5.827778402939916,4.0,20260730,12,30000,4096,1536,4000
value,11,10112,14464,123460,50960,5.0395569620253164,0.007297888833821973,0.10631277073784917,0.028316005776785384,False,0.9968333333333333,0.033405586178503165,14.76180903139265,2.868070361143945,0.1444159895790771,5.827778402939916,4.0,20260730,12,30000,4096,1536,4000
value,12,10960,15312,124308,50960,4.649635036496351,0.004953367462788984,0.07931487264713655,0.015803239607731254,False,0.9988333333333334,0.033301717508953735,14.77533367531933,2.868070361143945,0.0787189645125704,5.827778402939916,4.0,20260730,12,30000,4096,1536,4000
value,13,11808,16160,125156,50960,4.315718157181572,0.004091332838907815,0.04825420106180833,0.01251996417958845,True,0.9993333333333333,0.03328394577727009,14.77765194168672,2.868070361143945,0.0637329152397119,5.827778402939916,4.0,20260730,12,30000,4096,1536,4000
value,14,12656,17008,126004,50960,4.0265486725663715,0.0033988154771657743,0.02759082278983649,0.009319116763643612,True,1.0,0.03326904400638294,14.779596785035176,2.868070361143945,0.05231770839776109,5.827778402939916,4.0,20260730,12,30000,4096,1536,4000
value,15,13504,17856,126852,50960,3.773696682464455,0.00282424490245004,0.021484615507176286,0.0076392712547016005,True,1.0,0.03325684188076059,14.781189944093198,2.868070361143945,0.04215256640331126,5.827778402939916,4.0,20260730,12,30000,4096,1536,4000
value,16,14352,18704,127700,50960,3.550724637681159,0.002399529839075417,0.02086172631528249,0.0065875616995437775,True,1.0,0.033251406221904756,14.781899833984813,2.868070361143945,0.040187615223189366,5.827778402939916,4.0,20260730,12,30000,4096,1536,4000
value,17,15200,19552,128548,50960,3.3526315789473684,0.0019157396273987725,0.017808139114723565,0.005489371165390063,True,1.0,0.03324835401902263,14.78229849854104,2.868070361143945,0.03015808350420871,5.827778402939916,4.0,20260730,12,30000,4096,1536,4000
value,18,16048,20400,129396,50960,3.1754735792622135,0.001597644484333934,0.017397350104044973,0.004336200005272177,True,1.0,0.033244173372665824,14.782844614538481,2.868070361143945,0.023675453503028774,5.827778402939916,4.0,20260730,12,30000,4096,1536,4000
value,19,16896,21248,130244,50960,3.016098484848485,0.0013273854733839101,0.011907079487848304,0.003400700238468677,True,1.0,0.03324174063311175,14.783162433848185,2.868070361143945,0.019871316384469477,5.827778402939916,4.0,20260730,12,30000,4096,1536,4000
value,20,17744,22096,131092,50960,2.871956717763751,0.0011381119081111312,0.011678062247128751,0.0026316521143266757,True,1.0,0.033240932557585326,14.783268008045267,2.868070361143945,0.016741917733940296,5.827778402939916,4.0,20260730,12,30000,4096,1536,4000
value,21,18592,22944,131940,50960,2.7409638554216866,0.0009562392520058722,0.009536953488842204,0.0021662904330879184,True,1.0,0.03324008276889983,14.783379034790302,2.868070361143945,0.012326292058468498,5.827778402939916,4.0,20260730,12,30000,4096,1536,4000
value,22,19440,23792,132788,50960,2.6213991769547325,0.0008444822653765103,0.00805822815657764,0.0015285639700130303,True,1.0,0.03323971619714804,14.783426929065406,2.868070361143945,0.011418755078842347,5.827778402939916,4.0,20260730,12,30000,4096,1536,4000
value,23,20288,24640,133636,50960,2.5118296529968456,0.0007413364709473522,0.005315502686858542,0.0013365423904083934,True,1.0,0.033239459879761755,14.783460418417425,2.868070361143945,0.011040121826308804,5.827778402939916,4.0,20260730,12,30000,4096,1536,4000
value,24,21136,25488,134484,50960,2.4110522331566995,0.0006282295642379771,0.004477781830767524,0.0008430211699525454,True,1.0,0.03323945449320381,14.783461122205209,2.868070361143945,0.00860407443317772,5.827778402939916,4.0,20260730,12,30000,4096,1536,4000
value,25,21984,26336,135332,50960,2.3180494905385736,0.0005482838361762932,0.0036311200667498156,0.0006819362792751687,True,1.0,0.03323946842942398,14.783459301350344,2.868070361143945,0.008353568980045344,5.827778402939916,4.0,20260730,12,30000,4096,1536,4000
value,26,22832,27184,136180,50960,2.2319551506657325,0.00046590835481766886,0.0022249926801561903,0.0004691755811586538,True,1.0,0.03323919693046046,14.78349477453593,2.868070361143945,0.00676388422061628,5.827778402939916,4.0,20260730,12,30000,4096,1536,4000
value,27,23680,28032,137028,50960,2.152027027027027,0.00038984092773730215,0.0019715156799517963,0.0003361989197108728,True,1.0,0.033238938026026454,14.783528602430502,2.868070361143945,0.005992653634053892,5.827778402939916,4.0,20260730,12,30000,4096,1536,4000
value,28,24528,28880,137876,50960,2.077625570776256,0.00032622904934876394,0.0017957049059963426,0.0002836239814479777,True,1.0,0.03323905215176164,14.783513690975777,2.868070361143945,0.004125653704142878,5.827778402939916,4.0,20260730,12,30000,4096,1536,4000
value,29,25376,29728,138724,50960,2.0081967213114753,0.0002930016835605778,0.001722851821796878,0.0002245967829341775,True,1.0,0.033239030934781325,14.7835164631428,2.868070361143945,0.003974413862678385,5.827778402939916,4.0,20260730,12,30000,4096,1536,4000
value,30,26224,30576,139572,50960,1.9432580841976814,0.00025209752748886027,0.001421175724864776,0.00016665645586725342,True,1.0,0.033239018434186696,14.783518096445615,2.868070361143945,0.0035551943378506175,5.827778402939916,4.0,20260730,12,30000,4096,1536,4000
value,31,27072,31424,140420,50960,1.882387706855792,0.00021929861539789309,0.0012182528119454306,0.00014089883755299935,True,1.0,0.03323909625754148,14.783507928210941,2.868070361143945,0.002895869215205117,5.827778402939916,4.0,20260730,12,30000,4096,1536,4000
value,32,27920,32272,141268,50960,1.825214899713467,0.00019326456381348392,0.0011219720024909785,0.00011882804682301618,True,1.0,0.03323901491636976,14.783518556076686,2.868070361143945,0.0024553154242079787,5.827778402939916,4.0,20260730,12,30000,4096,1536,4000
value,33,28768,33120,142116,50960,1.771412680756396,0.00017299962930898683,0.0010661538404413973,0.00010326745191409635,True,1.0,0.03323900804362603,14.783519454056062,2.868070361143945,0.002328975992389891,5.827778402939916,4.0,20260730,12,30000,4096,1536,4000
value,34,29616,33968,142964,50960,1.7206915180983253,0.00015449490157112928,0.0007703706646899899,8.293146000986043e-05,True,1.0,0.0332390135240972,14.783518737988306,2.868070361143945,0.0020954691834871833,5.827778402939916,4.0,20260730,12,30000,4096,1536,4000
value,35,30464,34816,143812,50960,1.6727941176470589,0.00013639530569875527,0.000595722397044196,7.123508888944857e-05,True,1.0,0.03323900737152617,14.783519541871337,2.868070361143945,0.001974463066879891,5.827778402939916,4.0,20260730,12,30000,4096,1536,4000
value,36,31312,35664,144660,50960,1.627491057741441,0.00011953116097422323,0.0005842206437937092,5.401934430057086e-05,True,1.0,0.03323899119872586,14.783521654978857,2.868070361143945,0.0016534296189842685,5.827778402939916,4.0,20260730,12,30000,4096,1536,4000
value,37,32160,36512,145508,50960,1.5845771144278606,0.00010640259778488431,0.0005034181194015774,3.7366201650923486e-05,True,1.0,0.03323899277523695,14.783521448994852,2.868070361143945,0.0014462744813653757,5.827778402939916,4.0,20260730,12,30000,4096,1536,4000
value,38,33008,37360,146356,50960,1.5438681531749878,9.535751121665015e-05,0.00037717498076739187,3.060661039323007e-05,True,1.0,0.03323895142125422,14.78352685223249,2.868070361143945,0.0013335463271043509,5.827778402939916,4.0,20260730,12,30000,4096,1536,4000
value,39,33856,38208,147204,50960,1.5051984877126654,8.416563317730353e-05,0.0003249770267320651,2.708491741872375e-05,True,1.0,0.0332389655430819,14.783525007098913,2.868070361143945,0.0011719966029173623,5.827778402939916,4.0,20260730,12,30000,4096,1536,4000
value,40,34704,39056,148052,50960,1.4684186260949745,7.706841975557981e-05,0.0003194581738561464,2.218370223472929e-05,True,1.0,0.03323896354562678,14.783525268082895,2.868070361143945,0.00113507866617454,5.827778402939916,4.0,20260730,12,30000,4096,1536,4000
value,41,35552,39904,148900,50960,1.4333933393339333,6.939493788774748e-05,0.0003180726782678889,1.9579206640302173e-05,True,1.0,0.0332389660130736,14.783524945690623,2.868070361143945,0.001118038671972686,5.827778402939916,4.0,20260730,12,30000,4096,1536,4000
value,42,36400,40752,149748,50960,1.4,6.142614311577989e-05,0.0002920113916228262,1.4570814880032754e-05,True,1.0,0.03323897192327221,14.78352417347454,2.868070361143945,0.001059409010589445,5.827778402939916,4.0,20260730,12,30000,4096,1536,4000
value,43,37248,41600,150596,50960,1.368127147766323,5.401958851129915e-05,0.00017480579503326155,1.1203012346971894e-05,True,1.0,0.033238966902580644,14.783524829469199,2.868070361143945,0.0009706042492287059,5.827778402939916,4.0,20260730,12,30000,4096,1536,4000
value,44,38096,42448,151444,50960,1.3376732465350694,4.7598750442536204e-05,0.00016841829358482663,8.874356427396305e-06,True,1.0,0.033238967816413174,14.783524710069454,2.868070361143945,0.0008775155328588412,5.827778402939916,4.0,20260730,12,30000,4096,1536,4000
value,45,38944,43296,152292,50960,1.308545603944125,4.323686920161626e-05,0.0001072269901761791,6.6592296209089206e-06,True,1.0,0.0332389547344436,14.783526419336825,2.868070361143945,0.0008450865172739397,5.827778402939916,4.0,20260730,12,30000,4096,1536,4000
value,46,39792,44144,153140,50960,1.280659429030961,3.9594285924043476e-05,9.079561620706222e-05,5.856359518680012e-06,True,1.0,0.03323895472348812,14.783526420768249,2.868070361143945,0.0008155330407402412,5.827778402939916,4.0,20260730,12,30000,4096,1536,4000
value,47,40640,44992,153988,50960,1.2539370078740157,3.5585052827724954e-05,8.98780163937074e-05,4.665004707504743e-06,True,1.0,0.03323895650386619,14.783526188147109,2.868070361143945,0.0007782882973910512,5.827778402939916,4.0,20260730,12,30000,4096,1536,4000
value,48,41488,45840,154836,50960,1.2283069803316622,3.3204910684943433e-05,7.716129541812666e-05,4.057954747183067e-06,True,1.0,0.03323895436956999,14.783526467010585,2.868070361143945,0.0007616358976593367,5.827778402939916,4.0,20260730,12,30000,4096,1536,4000
value,49,42336,46688,155684,50960,1.2037037037037037,3.032844564692497e-05,5.876378546920691e-05,3.3049430733289586e-06,True,1.0,0.033238950474956105,14.78352697587419,2.868070361143945,0.0007447590786077285,5.827778402939916,4.0,20260730,12,30000,4096,1536,4000
value,50,43184,47536,156532,50960,1.1800666913671731,2.755180716226945e-05,4.851116938620059e-05,2.742157047030954e-06,True,1.0,0.03323895471041018,14.783526422476989,2.868070361143945,0.0007125512273441404,5.827778402939916,4.0,20260730,12,30000,4096,1536,4000
value,51,44032,48384,157380,50960,1.1573401162790697,2.5444444975934692e-05,4.621761292633586e-05,2.4386596674585955e-06,True,1.0,0.03323895745360067,14.78352606405644,2.868070361143945,0.0007042237444647363,5.827778402939916,4.0,20260730,12,30000,4096,1536,4000
value,52,44880,49232,158228,50960,1.1354723707664884,2.3677998960065127e-05,4.4531616592236034e-05,2.096030775217137e-06,True,1.0,0.03323895637066929,14.783526205550388,2.868070361143945,0.0006878309225153641,5.827778402939916,4.0,20260730,12,30000,4096,1536,4000
value,53,45728,50080,159076,50960,1.1144156752974108,2.144819715095228e-05,4.302074546713719e-05,1.7511597394104233e-06,True,1.0,0.03323895580832507,14.783526279025317,2.868070361143945,0.000678225227805534,5.827778402939916,4.0,20260730,12,30000,4096,1536,4000
value,54,46576,50928,159924,50960,1.0941257299896943,1.935817562971284e-05,3.3270264307661e-05,1.4868531523826162e-06,True,1.0,0.03323895235121903,14.783526730724873,2.868070361143945,0.0006656118365313119,5.827778402939916,4.0,20260730,12,30000,4096,1536,4000
value,55,47424,51776,160772,50960,1.0745614035087718,1.7960342685260096e-05,2.8104122204331006e-05,1.111621169014309e-06,True,1.0,0.03323895424237798,14.783526483629274,2.868070361143945,0.0006623002202123912,5.827778402939916,4.0,20260730,12,30000,4096,1536,4000
value,56,48272,52624,161620,50960,1.0556844547563806,1.679115721295203e-05,2.6034119811613188e-05,9.545683128886479e-07,True,1.0,0.033238955437240855,14.783526327510542,2.868070361143945,0.0006547179882142496,5.827778402939916,4.0,20260730,12,30000,4096,1536,4000
value,57,49120,53472,162468,50960,1.0374592833876222,1.5460050627026373e-05,2.5878862998873764e-05,8.408696345718604e-07,True,1.0,0.03323895351024457,14.783526579288573,2.868070361143945,0.0006320095932126682,5.827778402939916,4.0,20260730,12,30000,4096,1536,4000
value,58,49968,54320,163316,50960,1.0198527057316682,1.4425716439084274e-05,1.6594263577474067e-05,7.047857519704157e-07,True,1.0,0.033238950812910624,14.783526931717628,2.868070361143945,0.0006217494439058541,5.827778402939916,4.0,20260730,12,30000,4096,1536,4000
value,59,50816,55168,164164,50960,1.0028337531486147,1.1866602921278536e-05,1.647271400495587e-05,4.4988023919501067e-07,True,1.0,0.03323894909614945,14.78352715602673,2.868070361143945,0.0006151592179949219,5.827778402939916,4.0,20260730,12,30000,4096,1536,4000
value,60,50960,55312,164308,50960,1.0,1.0194429953957156e-05,1.0000254041298007e-05,3.0940472399709657e-07,True,1.0,0.033238949060038145,14.783527160744974,2.868070361143945,0.0006025648992752751,5.827778402939916,4.0,20260730,12,30000,4096,1536,4000
value,61,50960,55312,164308,50960,1.0,9.04765156751684e-06,8.784036617970337e-06,2.5090548256279075e-07,True,1.0,0.03323894837773778,14.783527249893185,2.868070361143945,0.0005725452654315022,5.827778402939916,4.0,20260730,12,30000,4096,1536,4000
value,62,50960,55312,164308,50960,1.0,7.4277709192864914e-06,5.5341307798606465e-06,1.8728191614192363e-07,True,1.0,0.033238946204754864,14.78352753381147,2.868070361143945,0.0005657721205554364,5.827778402939916,4.0,20260730,12,30000,4096,1536,4000
value,63,50960,55312,164308,50960,1.0,5.259885035481865e-06,3.3823117739917308e-06,8.714786662866735e-08,True,1.0,0.03323894683003863,14.783527452112944,2.868070361143945,0.0005575306055624877,5.827778402939916,4.0,20260730,12,30000,4096,1536,4000
value,64,50960,55312,164308,50960,1.0,4.591362706774316e-14,2.9233815368456817e-10,1.1979018332830542e-10,True,1.0,0.0332389454706048,14.783527629734284,2.868070361143945,0.0,5.827778402939916,4.0,20260730,12,30000,4096,1536,4000
geometry,1,1632,5984,114980,50960,31.225490196078432,0.1808339596802389,1.0,1.0,False,0.5843333333333334,0.06861406922278064,11.635868236615751,2.868070361143945,8.265851565686397,5.827778402939916,4.0,20260730,12,30000,4096,1536,4000
geometry,2,2480,6832,115828,50960,20.548387096774192,0.1333476281586205,0.9996359445104284,0.9046966859846792,False,0.651,0.05307271036781139,12.75128732839291,2.868070361143945,6.5088904764156394,5.827778402939916,4.0,20260730,12,30000,4096,1536,4000
geometry,3,3328,7680,116676,50960,15.3125,0.11198447526409673,0.9316686446594455,0.7590168561566688,False,0.7088333333333333,0.0475678336313433,13.226866270828793,2.868070361143945,5.5626781808472385,5.827778402939916,4.0,20260730,12,30000,4096,1536,4000
geometry,4,4176,8528,117524,50960,12.203065134099617,0.09421956290803724,0.747008304292316,0.4989783260156253,False,0.7893333333333333,0.043671595351790535,13.598009427289004,2.868070361143945,5.337297400088359,5.827778402939916,4.0,20260730,12,30000,4096,1536,4000
geometry,5,5024,9376,118372,50960,10.143312101910828,0.07862119784149114,0.6533439827567753,0.4205708952420884,False,0.8301666666666667,0.04041214626834818,13.934880837877937,2.868070361143945,4.594145480807936,5.827778402939916,4.0,20260730,12,30000,4096,1536,4000
geometry,6,5872,10224,119220,50960,8.678474114441418,0.06678303117441702,0.5932739253227977,0.34423669857974204,False,0.8791666666666667,0.038523943575172324,14.142692619090596,2.868070361143945,4.072200099452227,5.827778402939916,4.0,20260730,12,30000,4096,1536,4000
geometry,7,6720,11072,120068,50960,7.583333333333333,0.05840626474532235,0.36982350584260504,0.1980155385131433,False,0.9386666666666666,0.03717584203222733,14.297391859315375,2.868070361143945,2.910745704229965,5.827778402939916,4.0,20260730,12,30000,4096,1536,4000
geometry,8,7568,11920,120916,50960,6.733615221987315,0.05148350643278431,0.36137022322577317,0.15889854956178973,False,0.9543333333333334,0.036128653453299894,14.421482246677737,2.868070361143945,2.83893696809309,5.827778402939916,4.0,20260730,12,30000,4096,1536,4000
geometry,9,8416,12768,121764,50960,6.055133079847908,0.04671375706560271,0.18214416699922187,0.054412458471109676,False,0.99,0.035553460176000695,14.491181259548718,2.868070361143945,1.8105258562693325,5.827778402939916,4.0,20260730,12,30000,4096,1536,4000
geometry,10,9264,13616,122612,50960,5.500863557858376,0.031074721225295376,0.11067819491085007,0.03771399693346961,False,0.9955,0.03436382370996298,14.638985176072572,2.868070361143945,1.409182141163117,5.827778402939916,4.0,20260730,12,30000,4096,1536,4000
geometry,11,10112,14464,123460,50960,5.0395569620253164,0.011325140081636037,0.07654474618009843,0.027942627184862,False,0.9976666666666667,0.03345306480904302,14.755640880999746,2.868070361143945,0.9384992291178214,5.827778402939916,4.0,20260730,12,30000,4096,1536,4000
geometry,12,10960,15312,124308,50960,4.649635036496351,0.0065674504142383995,0.07490111967725988,0.01538800591654593,False,0.999,0.03331390867722485,14.773744091172087,2.868070361143945,0.6307974020013232,5.827778402939916,4.0,20260730,12,30000,4096,1536,4000
geometry,13,11808,16160,125156,50960,4.315718157181572,0.005328037516922597,0.03358805061468417,0.010985082982284605,True,1.0,0.03329262057916641,14.77652018652941,2.868070361143945,0.49804453019650874,5.827778402939916,4.0,20260730,12,30000,4096,1536,4000
geometry,14,12656,17008,126004,50960,4.0265486725663715,0.004632928503486602,0.03331896807214685,0.008804004743385583,True,1.0,0.033282789824777566,14.777802774917268,2.868070361143945,0.4932184692405486,5.827778402939916,4.0,20260730,12,30000,4096,1536,4000
geometry,15,13504,17856,126852,50960,3.773696682464455,0.0037353444206600327,0.018497414116951494,0.0058247555601213296,True,1.0,0.033267264458141245,14.779829093679783,2.868070361143945,0.3521043281570181,5.827778402939916,4.0,20260730,12,30000,4096,1536,4000
geometry,16,14352,18704,127700,50960,3.550724637681159,0.0031773369133870303,0.014773003894196335,0.004838976316630463,True,1.0,0.03326049210860671,14.780713294258403,2.868070361143945,0.3066841495591029,5.827778402939916,4.0,20260730,12,30000,4096,1536,4000
geometry,17,15200,19552,128548,50960,3.3526315789473684,0.0026949302705320363,0.014491224464719288,0.004078676579685229,True,1.0,0.033252431885045536,14.7817658748465,2.868070361143945,0.27888957223160277,5.827778402939916,4.0,20260730,12,30000,4096,1536,4000
geometry,18,16048,20400,129396,50960,3.1754735792622135,0.0020783475932523053,0.014416334549182452,0.00327655736383071,True,1.0,0.03324933174714477,14.782170788253566,2.868070361143945,0.22621188459118804,5.827778402939916,4.0,20260730,12,30000,4096,1536,4000
geometry,19,16896,21248,130244,50960,3.016098484848485,0.0017817242055581841,0.009785724309867794,0.002313520486764379,True,1.0,0.03324640462016201,14.782553139112949,2.868070361143945,0.17966300384313474,5.827778402939916,4.0,20260730,12,30000,4096,1536,4000
geometry,20,17744,22096,131092,50960,2.871956717763751,0.0015432642965338454,0.008483732648063125,0.0017471965025170064,True,1.0,0.033245242048207314,14.782705007388167,2.868070361143945,0.17438841748541933,5.827778402939916,4.0,20260730,12,30000,4096,1536,4000
geometry,21,18592,22944,131940,50960,2.7409638554216866,0.0012540986089994712,0.007123512530586407,0.0012145162544473342,True,1.0,0.03324211409795831,14.78311364193541,2.868070361143945,0.14670527249670295,5.827778402939916,4.0,20260730,12,30000,4096,1536,4000
geometry,22,19440,23792,132788,50960,2.6213991769547325,0.0010408607162056846,0.006995237468979898,0.0009711285608152261,True,1.0,0.03324079962654348,14.783285375588516,2.868070361143945,0.11992810757410301,5.827778402939916,4.0,20260730,12,30000,4096,1536,4000
geometry,23,20288,24640,133636,50960,2.5118296529968456,0.0009164790775493345,0.004250028953446727,0.0008022815489335142,True,1.0,0.03324063733387048,14.783306579345703,2.868070361143945,0.11475051283009353,5.827778402939916,4.0,20260730,12,30000,4096,1536,4000
geometry,24,21136,25488,134484,50960,2.4110522331566995,0.0008093322306793053,0.004144188244557423,0.0005933271258184986,True,1.0,0.0332404463703063,14.783331529126167,2.868070361143945,0.0982721187641576,5.827778402939916,4.0,20260730,12,30000,4096,1536,4000
geometry,25,21984,26336,135332,50960,2.3180494905385736,0.0007099841567873432,0.004143516751695997,0.00044287669316648784,True,1.0,0.033240217386674646,14.783361446495233,2.868070361143945,0.0918578143643073,5.827778402939916,4.0,20260730,12,30000,4096,1536,4000
geometry,26,22832,27184,136180,50960,2.2319551506657325,0.0006004531053404942,0.0021553599799840617,0.00031149272765338955,True,1.0,0.03323955359602584,14.783448173814435,2.868070361143945,0.07932117720544948,5.827778402939916,4.0,20260730,12,30000,4096,1536,4000
geometry,27,23680,28032,137028,50960,2.152027027027027,0.0005051603978236855,0.0019300779236105514,0.0002042399305131114,True,1.0,0.03323923413968257,14.783489912880931,2.868070361143945,0.06537620388644302,5.827778402939916,4.0,20260730,12,30000,4096,1536,4000
geometry,28,24528,28880,137876,50960,2.077625570776256,0.0004335863120836838,0.0018922675248838061,0.00017049813200073442,True,1.0,0.033239177539082246,14.78349730816243,2.868070361143945,0.05113091340689975,5.827778402939916,4.0,20260730,12,30000,4096,1536,4000
geometry,29,25376,29728,138724,50960,2.0081967213114753,0.0003920858639684427,0.001803875815349798,0.0001406971029982606,True,1.0,0.03323922891384746,14.783490595673898,2.868070361143945,0.04847757088732901,5.827778402939916,4.0,20260730,12,30000,4096,1536,4000
geometry,30,26224,30576,139572,50960,1.9432580841976814,0.00032465838113500324,0.001270022486352329,0.000107528875700985,True,1.0,0.033239198316792035,14.78349459340155,2.868070361143945,0.042330994806946444,5.827778402939916,4.0,20260730,12,30000,4096,1536,4000
geometry,31,27072,31424,140420,50960,1.882387706855792,0.00028933846107060036,0.0010879016494035332,9.083203930679293e-05,True,1.0,0.03323926782915845,14.783485511111023,2.868070361143945,0.03456751664768832,5.827778402939916,4.0,20260730,12,30000,4096,1536,4000
geometry,32,27920,32272,141268,50960,1.825214899713467,0.000259017615649882,0.0010268070073984337,7.46017047974778e-05,True,1.0,0.033239206621811214,14.783493508290073,2.868070361143945,0.03213035723011519,5.827778402939916,4.0,20260730,12,30000,4096,1536,4000
geometry,33,28768,33120,142116,50960,1.771412680756396,0.00023779227312782427,0.0009210061775978273,5.969222570216801e-05,True,1.0,0.033239180675549644,14.783496898359745,2.868070361143945,0.030766268478519793,5.827778402939916,4.0,20260730,12,30000,4096,1536,4000
geometry,34,29616,33968,142964,50960,1.7206915180983253,0.00020577510508501987,0.0007608366171631964,4.3543063228923446e-05,True,1.0,0.03323919438775116,14.78349510675956,2.868070361143945,0.026389313699439282,5.827778402939916,4.0,20260730,12,30000,4096,1536,4000
geometry,35,30464,34816,143812,50960,1.6727941176470589,0.0001885644953961732,0.0005459921112880295,3.477924284350785e-05,True,1.0,0.03323912717530921,14.783503888567513,2.868070361143945,0.024814817231235627,5.827778402939916,4.0,20260730,12,30000,4096,1536,4000
geometry,36,31312,35664,144660,50960,1.627491057741441,0.00016110168522069743,0.0003569659626921906,2.6379585600527772e-05,True,1.0,0.03323916640716823,14.783498762629716,2.868070361143945,0.022147073756683962,5.827778402939916,4.0,20260730,12,30000,4096,1536,4000
geometry,37,32160,36512,145508,50960,1.5845771144278606,0.00013816645441202876,0.00032328224697553143,2.063884286648831e-05,True,1.0,0.0332391412750457,14.783502046330073,2.868070361143945,0.017564121290261227,5.827778402939916,4.0,20260730,12,30000,4096,1536,4000
geometry,38,33008,37360,146356,50960,1.5438681531749878,0.00012344955832540458,0.00024777910276763127,1.7883766683840493e-05,True,1.0,0.03323910001351435,14.783507437464085,2.868070361143945,0.015978164486900086,5.827778402939916,4.0,20260730,12,30000,4096,1536,4000
geometry,39,33856,38208,147204,50960,1.5051984877126654,0.00010997210117774092,0.00024538832310450065,1.5878150423254134e-05,True,1.0,0.033239102135210204,14.783507160248163,2.868070361143945,0.01492159301618961,5.827778402939916,4.0,20260730,12,30000,4096,1536,4000
geometry,40,34704,39056,148052,50960,1.4684186260949745,9.828521143300539e-05,0.0002070561242388802,1.1593806361864798e-05,True,1.0,0.03323906765640627,14.783511665171911,2.868070361143945,0.014492816999532651,5.827778402939916,4.0,20260730,12,30000,4096,1536,4000
geometry,41,35552,39904,148900,50960,1.4333933393339333,8.851147450787335e-05,0.00020366284721429206,8.262504667394532e-06,True,1.0,0.03323902435675656,14.783517322614346,2.868070361143945,0.012586272683237747,5.827778402939916,4.0,20260730,12,30000,4096,1536,4000
geometry,42,36400,40752,149748,50960,1.4,8.04733415812806e-05,0.00013972031129361184,7.037087906852595e-06,True,1.0,0.033239009802765986,14.783519224210227,2.868070361143945,0.012064667457972958,5.827778402939916,4.0,20260730,12,30000,4096,1536,4000
geometry,43,37248,41600,150596,50960,1.368127147766323,7.266885360076986e-05,0.0001394986817780941,5.54040594356042e-06,True,1.0,0.03323900532133247,14.783519809745712,2.868070361143945,0.011204522793094163,5.827778402939916,4.0,20260730,12,30000,4096,1536,4000
geometry,44,38096,42448,151444,50960,1.3376732465350694,6.418407560718517e-05,0.00011910669735892832,4.339759488214411e-06,True,1.0,0.03323900253168055,14.783520174236312,2.868070361143945,0.008781833719877874,5.827778402939916,4.0,20260730,12,30000,4096,1536,4000
geometry,45,38944,43296,152292,50960,1.308545603944125,5.501829256546307e-05,8.580531758872745e-05,3.4104075194274436e-06,True,1.0,0.033238977648051136,14.783523425485194,2.868070361143945,0.007834176712215438,5.827778402939916,4.0,20260730,12,30000,4096,1536,4000
geometry,46,39792,44144,153140,50960,1.280659429030961,5.015345352162849e-05,8.307723374278986e-05,2.9865064846756823e-06,True,1.0,0.03323897414625921,14.783523883023031,2.868070361143945,0.007307532424411776,5.827778402939916,4.0,20260730,12,30000,4096,1536,4000
geometry,47,40640,44992,153988,50960,1.2539370078740157,4.576591324481078e-05,7.790545673325155e-05,2.337840925592521e-06,True,1.0,0.033238973379063286,14.783523983263475,2.868070361143945,0.006390673841468615,5.827778402939916,4.0,20260730,12,30000,4096,1536,4000
geometry,48,41488,45840,154836,50960,1.2283069803316622,4.0953235155877415e-05,4.129605731306718e-05,1.8978183083440095e-06,True,1.0,0.033238964403631645,14.783525155977483,2.868070361143945,0.006102529909218003,5.827778402939916,4.0,20260730,12,30000,4096,1536,4000
geometry,49,42336,46688,155684,50960,1.2037037037037037,3.596286625207598e-05,3.402732698543076e-05,1.4822978780359977e-06,True,1.0,0.033238961963322176,14.783525474824051,2.868070361143945,0.00582890688927667,5.827778402939916,4.0,20260730,12,30000,4096,1536,4000
geometry,50,43184,47536,156532,50960,1.1800666913671731,3.021361293153378e-05,2.921367038788425e-05,1.2795710048141266e-06,True,1.0,0.033238969014948654,14.783524553470928,2.868070361143945,0.005107928768309711,5.827778402939916,4.0,20260730,12,30000,4096,1536,4000
geometry,51,44032,48384,157380,50960,1.1573401162790697,2.672837849657948e-05,2.572366723319064e-05,9.284887553473448e-07,True,1.0,0.0332389664384424,14.783524890112684,2.868070361143945,0.004577802075498382,5.827778402939916,4.0,20260730,12,30000,4096,1536,4000
geometry,52,44880,49232,158228,50960,1.1354723707664884,2.2491002970342168e-05,2.517551404379592e-05,6.334134690033632e-07,True,1.0,0.03323896527393571,14.78352504226508,2.868070361143945,0.003941680462392595,5.827778402939916,4.0,20260730,12,30000,4096,1536,4000
geometry,53,45728,50080,159076,50960,1.1144156752974108,2.0124258268192896e-05,1.756945021003098e-05,5.298038726619933e-07,True,1.0,0.03323896439563918,14.783525157021764,2.868070361143945,0.003805061928206383,5.827778402939916,4.0,20260730,12,30000,4096,1536,4000
geometry,54,46576,50928,159924,50960,1.0941257299896943,1.7511946377368994e-05,1.5279767094700247e-05,3.9039278639796386e-07,True,1.0,0.033238962159108675,14.78352544924293,2.868070361143945,0.0030536009589076183,5.827778402939916,4.0,20260730,12,30000,4096,1536,4000
geometry,55,47424,51776,160772,50960,1.0745614035087718,1.5097302889587182e-05,1.5127927008529163e-05,3.2728901080414256e-07,True,1.0,0.03323895243780388,14.783526719411844,2.868070361143945,0.002839493496770382,5.827778402939916,4.0,20260730,12,30000,4096,1536,4000
geometry,56,48272,52624,161620,50960,1.0556844547563806,1.3381457161666441e-05,1.0249597147793388e-05,2.361457934751953e-07,True,1.0,0.03323894775883389,14.783527330758123,2.868070361143945,0.0025625907046785165,5.827778402939916,4.0,20260730,12,30000,4096,1536,4000
geometry,57,49120,53472,162468,50960,1.0374592833876222,1.0647946724246491e-05,9.734845318409846e-06,1.9164487918277285e-07,True,1.0,0.03323894605095617,14.783527553906548,2.868070361143945,0.002343990469599163,5.827778402939916,4.0,20260730,12,30000,4096,1536,4000
geometry,58,49968,54320,163316,50960,1.0198527057316682,9.270041822562162e-06,6.355676040459279e-06,1.532861781561312e-07,True,1.0,0.03323894441279255,14.783527767946259,2.868070361143945,0.0021410989744153923,5.827778402939916,4.0,20260730,12,30000,4096,1536,4000
geometry,59,50816,55168,164164,50960,1.0028337531486147,7.633574864370714e-06,5.4231510472346756e-06,9.410931375297676e-08,True,1.0,0.03323894425421139,14.783527788666206,2.868070361143945,0.0020093128455046546,5.827778402939916,4.0,20260730,12,30000,4096,1536,4000
geometry,60,50960,55312,164308,50960,1.0,5.810405226667013e-06,1.0529270323411666e-06,5.223090086547973e-08,True,1.0,0.03323894474134334,14.783527725018361,2.868070361143945,0.001673887875535891,5.827778402939916,4.0,20260730,12,30000,4096,1536,4000
geometry,61,50960,55312,164308,50960,1.0,4.252571168739996e-06,9.760689353432994e-07,2.6304128936116533e-08,True,1.0,0.033238946057421594,14.783527553061786,2.868070361143945,0.0012082240071347222,5.827778402939916,4.0,20260730,12,30000,4096,1536,4000
geometry,62,50960,55312,164308,50960,1.0,2.895508740350064e-06,9.299226705339336e-07,1.5073764308981526e-08,True,1.0,0.03323894680466758,14.783527455427883,2.868070361143945,0.001102255319366247,5.827778402939916,4.0,20260730,12,30000,4096,1536,4000
geometry,63,50960,55312,164308,50960,1.0,2.019794267531875e-06,7.904819644410921e-07,7.17205912992291e-09,True,1.0,0.033238946195603074,14.783527535007225,2.868070361143945,0.000988711791956804,5.827778402939916,4.0,20260730,12,30000,4096,1536,4000
geometry,64,50960,55312,164308,50960,1.0,2.2249386710223732e-14,2.92389001899096e-10,1.1973417257671308e-10,True,1.0,0.03323894547060476,14.783527629734287,2.868070361143945,0.0,5.827778402939916,4.0,20260730,12,30000,4096,1536,4000
