method,rank,head_parameters,decoder_parameters,vae_parameters,teacher_head_parameters,head_compression,teacher_output_rmse,worst_local_length_distortion,p95_local_length_distortion,pass_5_percent,teacher_triplet_agreement,reconstruction_mse,reconstruction_psnr,minimum_teacher_metric_eigenvalue,weighted_svd_next_singular_value,geometry_covariance_multiplier,geometry_trace_weight,seed,teacher_epochs,teacher_train_examples,covariance_sample_count,metric_sample_count,reconstruction_sample_count
raw,1,1632,5984,114980,50960,31.225490196078432,0.17042071084750612,1.0,1.0,False,0.5796666666666667,0.08156632947896648,10.88489080697586,3.188252029393138,4.051647840712909,4.978490794716959,4.0,20260730,12,30000,4096,1536,4000
raw,2,2480,6832,115828,50960,20.548387096774192,0.13102288178362365,0.9995967714296395,0.957930000991882,False,0.6076666666666667,0.06891068890789562,11.617134083729026,3.188252029393138,3.678274655620708,4.978490794716959,4.0,20260730,12,30000,4096,1536,4000
raw,3,3328,7680,116676,50960,15.3125,0.12495548110574814,0.9818107474719816,0.8625702281468478,False,0.6186666666666667,0.06678381976205308,11.753287446985434,3.188252029393138,3.4684531920059607,4.978490794716959,4.0,20260730,12,30000,4096,1536,4000
raw,4,4176,8528,117524,50960,12.203065134099617,0.11399942874022387,0.9788623668007105,0.7685669741748424,False,0.6615,0.06339941207515506,11.979147694636902,3.188252029393138,3.4095258846646153,4.978490794716959,4.0,20260730,12,30000,4096,1536,4000
raw,5,5024,9376,118372,50960,10.143312101910828,0.1078082640721071,0.9102821932947522,0.6490964303785187,False,0.701,0.06201772115875957,12.074841959567813,3.188252029393138,3.1268586241226326,4.978490794716959,4.0,20260730,12,30000,4096,1536,4000
raw,6,5872,10224,119220,50960,8.678474114441418,0.0989584739080717,0.569738758774488,0.4627254206892954,False,0.777,0.0597311614478481,12.23799040493387,3.188252029393138,2.998035203157109,4.978490794716959,4.0,20260730,12,30000,4096,1536,4000
raw,7,6720,11072,120068,50960,7.583333333333333,0.08979342567753314,0.4402026785785832,0.3778207236306645,False,0.7935,0.05766332481936732,12.391003201671094,3.188252029393138,2.756953747670981,4.978490794716959,4.0,20260730,12,30000,4096,1536,4000
raw,8,7568,11920,120916,50960,6.733615221987315,0.08139328444966468,0.3621948733477711,0.2964498384301292,False,0.8643333333333333,0.056019582812477486,12.51660129766531,3.188252029393138,2.596991856834802,4.978490794716959,4.0,20260730,12,30000,4096,1536,4000
raw,9,8416,12768,121764,50960,6.055133079847908,0.07058078241239783,0.2629923342363921,0.18186725664401615,False,0.9255,0.054175283253466947,12.661988093095548,3.188252029393138,2.48027762693959,4.978490794716959,4.0,20260730,12,30000,4096,1536,4000
raw,10,9264,13616,122612,50960,5.500863557858376,0.06700540237186049,0.2383306092834926,0.1777198984156372,False,0.9366666666666666,0.05353830562435353,12.713353774456419,3.188252029393138,2.427168750462865,4.978490794716959,4.0,20260730,12,30000,4096,1536,4000
raw,11,10112,14464,123460,50960,5.0395569620253164,0.0661927257273907,0.23819609994394186,0.1757971723673922,False,0.9385,0.0533731189330981,12.726774178474136,3.188252029393138,2.3704796702222968,4.978490794716959,4.0,20260730,12,30000,4096,1536,4000
raw,12,10960,15312,124308,50960,4.649635036496351,0.06551768572752553,0.23817465834172658,0.17555786773208695,False,0.9416666666666667,0.053248195284361366,12.736951069751443,3.188252029393138,2.3439813848737545,4.978490794716959,4.0,20260730,12,30000,4096,1536,4000
raw,13,11808,16160,125156,50960,4.315718157181572,0.06475455929096101,0.23624935142678227,0.1736222959876737,False,0.9405,0.05314500212372642,12.745375712563076,3.188252029393138,2.332271584802697,4.978490794716959,4.0,20260730,12,30000,4096,1536,4000
raw,14,12656,17008,126004,50960,4.0265486725663715,0.06319097920395889,0.19973479683486695,0.15836916409397883,False,0.9496666666666667,0.0528873741396791,12.766479951847877,3.188252029393138,2.296304511085141,4.978490794716959,4.0,20260730,12,30000,4096,1536,4000
raw,15,13504,17856,126852,50960,3.773696682464455,0.06232965575191201,0.19522063961103542,0.15024550813309182,False,0.9526666666666667,0.05274297373976176,12.778353875808747,3.188252029393138,2.2943469325136716,4.978490794716959,4.0,20260730,12,30000,4096,1536,4000
raw,16,14352,18704,127700,50960,3.550724637681159,0.06216415406220491,0.19485585183412524,0.15011528707489386,False,0.9523333333333334,0.05271934298367619,12.78030010787756,3.188252029393138,2.2671010388495714,4.978490794716959,4.0,20260730,12,30000,4096,1536,4000
raw,17,15200,19552,128548,50960,3.3526315789473684,0.0615843646475369,0.19460400333776928,0.15003232016108065,False,0.9511666666666667,0.0526477759483112,12.786199704191825,3.188252029393138,2.236665039876251,4.978490794716959,4.0,20260730,12,30000,4096,1536,4000
raw,18,16048,20400,129396,50960,3.1754735792622135,0.060007481049087895,0.19162013218837415,0.14631887380531522,False,0.9518333333333333,0.05244997119289326,12.802547459979913,3.188252029393138,2.2133483043006863,4.978490794716959,4.0,20260730,12,30000,4096,1536,4000
raw,19,16896,21248,130244,50960,3.016098484848485,0.0593126890026129,0.18928709974622349,0.1404886103737404,False,0.9565,0.052322209162904504,12.813139273939543,3.188252029393138,2.181341274707291,4.978490794716959,4.0,20260730,12,30000,4096,1536,4000
raw,20,17744,22096,131092,50960,2.871956717763751,0.05871792108736358,0.18915133657980654,0.1381148728604801,False,0.9581666666666667,0.05222213895874042,12.821453439463642,3.188252029393138,2.1650745725586193,4.978490794716959,4.0,20260730,12,30000,4096,1536,4000
raw,21,18592,22944,131940,50960,2.7409638554216866,0.05844437561046757,0.18422292028785814,0.13732347213662244,False,0.9591666666666666,0.052181401600135666,12.824842598653554,3.188252029393138,2.1321999689314173,4.978490794716959,4.0,20260730,12,30000,4096,1536,4000
raw,22,19440,23792,132788,50960,2.6213991769547325,0.058106587690412326,0.1828563496706872,0.1353331816087514,False,0.9596666666666667,0.052120297327740595,12.829931154569827,3.188252029393138,2.1191769886244667,4.978490794716959,4.0,20260730,12,30000,4096,1536,4000
raw,23,20288,24640,133636,50960,2.5118296529968456,0.0578322086657233,0.1822922304260347,0.13315128111815053,False,0.9615,0.05207181148275455,12.833973137535379,3.188252029393138,2.1053314867687116,4.978490794716959,4.0,20260730,12,30000,4096,1536,4000
raw,24,21136,25488,134484,50960,2.4110522331566995,0.0575642141965655,0.18165230719468117,0.13212179238157887,False,0.9606666666666667,0.052039647749692046,12.836656517892129,3.188252029393138,2.089099798787115,4.978490794716959,4.0,20260730,12,30000,4096,1536,4000
raw,25,21984,26336,135332,50960,2.3180494905385736,0.0568321593663418,0.18137950304597072,0.132018404983763,False,0.9593333333333334,0.05192536204281588,12.846204667206628,3.188252029393138,2.0722333164220217,4.978490794716959,4.0,20260730,12,30000,4096,1536,4000
raw,26,22832,27184,136180,50960,2.2319551506657325,0.05664278811364025,0.18040874234330662,0.1315525872865457,False,0.9601666666666666,0.05189102815509934,12.849077242238911,3.188252029393138,2.066790173993952,4.978490794716959,4.0,20260730,12,30000,4096,1536,4000
raw,27,23680,28032,137028,50960,2.152027027027027,0.05575765482997755,0.1801039405707331,0.13122824466402333,False,0.9593333333333334,0.05176560972961317,12.859586662148537,3.188252029393138,2.046814419715792,4.978490794716959,4.0,20260730,12,30000,4096,1536,4000
raw,28,24528,28880,137876,50960,2.077625570776256,0.055130898513360393,0.17488215670949903,0.12532575696346568,False,0.9626666666666667,0.05169197801743517,12.86576849035227,3.188252029393138,2.014543806536431,4.978490794716959,4.0,20260730,12,30000,4096,1536,4000
raw,29,25376,29728,138724,50960,2.0081967213114753,0.054909586946433615,0.174827643105678,0.12502580106775765,False,0.9625,0.05166025656506487,12.868434412808735,3.188252029393138,2.0054794733338794,4.978490794716959,4.0,20260730,12,30000,4096,1536,4000
raw,30,26224,30576,139572,50960,1.9432580841976814,0.05474461487363649,0.17469057312620273,0.12488494158259753,False,0.9628333333333333,0.05164570162780032,12.869658181329129,3.188252029393138,1.9946438730218172,4.978490794716959,4.0,20260730,12,30000,4096,1536,4000
raw,31,27072,31424,140420,50960,1.882387706855792,0.05396247284602585,0.16142243883444884,0.11808480362880029,False,0.9661666666666666,0.051535525709912634,12.87893289390955,3.188252029393138,1.9740106069819368,4.978490794716959,4.0,20260730,12,30000,4096,1536,4000
raw,32,27920,32272,141268,50960,1.825214899713467,0.05365937609568451,0.16113099354158866,0.11751777045313179,False,0.9645,0.05149070794468357,12.882711370258251,3.188252029393138,1.955796835015479,4.978490794716959,4.0,20260730,12,30000,4096,1536,4000
raw,33,28768,33120,142116,50960,1.771412680756396,0.05349045691680117,0.15731786012975169,0.11721842938695727,False,0.9656666666666667,0.05146988274014582,12.884468211682417,3.188252029393138,1.9479706223604214,4.978490794716959,4.0,20260730,12,30000,4096,1536,4000
raw,34,29616,33968,142964,50960,1.7206915180983253,0.05227018504297524,0.13962685561708132,0.10640313547621581,False,0.9718333333333333,0.051316839512205205,12.897400986859566,3.188252029393138,1.921552326493752,4.978490794716959,4.0,20260730,12,30000,4096,1536,4000
raw,35,30464,34816,143812,50960,1.6727941176470589,0.05138068304307756,0.13684498329934058,0.10315029372103122,False,0.9718333333333333,0.05119021024920051,12.908130867052714,3.188252029393138,1.9133244323899121,4.978490794716959,4.0,20260730,12,30000,4096,1536,4000
raw,36,31312,35664,144660,50960,1.627491057741441,0.05131340719404532,0.1365423955695514,0.10299999802231899,False,0.9718333333333333,0.05118442803698971,12.908621453959991,3.188252029393138,1.8919679507838312,4.978490794716959,4.0,20260730,12,30000,4096,1536,4000
raw,37,32160,36512,145508,50960,1.5845771144278606,0.0505912932988481,0.13248539984106733,0.09937790048489413,False,0.973,0.05108839047556367,12.916777794197543,3.188252029393138,1.8723268389172376,4.978490794716959,4.0,20260730,12,30000,4096,1536,4000
raw,38,33008,37360,146356,50960,1.5438681531749878,0.05016430400152099,0.13110468210686044,0.0985865075359814,False,0.9741666666666666,0.05103757550588964,12.921099645655527,3.188252029393138,1.8579690614772897,4.978490794716959,4.0,20260730,12,30000,4096,1536,4000
raw,39,33856,38208,147204,50960,1.5051984877126654,0.048939650534714337,0.11796000292784847,0.09035729836542782,False,0.978,0.05087387084742351,12.93505216885647,3.188252029393138,1.832439069759287,4.978490794716959,4.0,20260730,12,30000,4096,1536,4000
raw,40,34704,39056,148052,50960,1.4684186260949745,0.04787887731951343,0.11729733899038375,0.08877884038809802,False,0.9785,0.05075471317679047,12.945236221511117,3.188252029393138,1.8201628189553876,4.978490794716959,4.0,20260730,12,30000,4096,1536,4000
raw,41,35552,39904,148900,50960,1.4333933393339333,0.04764917820047404,0.11541817373786967,0.08832991294286548,False,0.9781666666666666,0.050725060956706695,12.94777422399191,3.188252029393138,1.8047477532673823,4.978490794716959,4.0,20260730,12,30000,4096,1536,4000
raw,42,36400,40752,149748,50960,1.4,0.04719400070989471,0.11494710740050174,0.08817943115021065,False,0.9775,0.05067691181806217,12.951898582960693,3.188252029393138,1.8017024440462337,4.978490794716959,4.0,20260730,12,30000,4096,1536,4000
raw,43,37248,41600,150596,50960,1.368127147766323,0.046995961775949315,0.11399413740025832,0.08683868079904591,False,0.9783333333333334,0.05065639670929973,12.953657056809496,3.188252029393138,1.7798181514238112,4.978490794716959,4.0,20260730,12,30000,4096,1536,4000
raw,44,38096,42448,151444,50960,1.3376732465350694,0.04661618806758412,0.10813841488731069,0.08563635845968484,False,0.9786666666666667,0.05061777512699705,12.956969479036292,3.188252029393138,1.7756869847992032,4.978490794716959,4.0,20260730,12,30000,4096,1536,4000
raw,45,38944,43296,152292,50960,1.308545603944125,0.04569781143957629,0.10719211368070725,0.08553614110994764,False,0.9783333333333334,0.05052464307321219,12.964967458360512,3.188252029393138,1.727353094175957,4.978490794716959,4.0,20260730,12,30000,4096,1536,4000
raw,46,39792,44144,153140,50960,1.280659429030961,0.045288591943656496,0.10715063573987837,0.08165758691438955,False,0.9795,0.05047157335314696,12.969531567693961,3.188252029393138,1.7205636835077232,4.978490794716959,4.0,20260730,12,30000,4096,1536,4000
raw,47,40640,44992,153988,50960,1.2539370078740157,0.043193899798916566,0.10053121717913194,0.07601729577870156,False,0.9811666666666666,0.05025000105840461,12.98863924760025,3.188252029393138,1.694566720487393,4.978490794716959,4.0,20260730,12,30000,4096,1536,4000
raw,48,41488,45840,154836,50960,1.2283069803316622,0.04232887075080741,0.10018407209318192,0.07326136226053272,False,0.9808333333333333,0.05016451048581774,12.996034213194154,3.188252029393138,1.6705253957545316,4.978490794716959,4.0,20260730,12,30000,4096,1536,4000
raw,49,42336,46688,155684,50960,1.2037037037037037,0.04203520880403902,0.0978547257157848,0.07296877601785345,False,0.9815,0.050133809225048086,12.998692959341566,3.188252029393138,1.6657802928705403,4.978490794716959,4.0,20260730,12,30000,4096,1536,4000
raw,50,43184,47536,156532,50960,1.1800666913671731,0.04071909192554557,0.08920208411610919,0.06904565541357355,False,0.9831666666666666,0.049978518763053315,13.012166194093492,3.188252029393138,1.6536204323704413,4.978490794716959,4.0,20260730,12,30000,4096,1536,4000
raw,51,44032,48384,157380,50960,1.1573401162790697,0.04033403370219719,0.085976064156156,0.06727752678156024,False,0.9841666666666666,0.04993530158483474,13.015923228531559,3.188252029393138,1.6480290068944292,4.978490794716959,4.0,20260730,12,30000,4096,1536,4000
raw,52,44880,49232,158228,50960,1.1354723707664884,0.03972533187416217,0.08583992881042268,0.06522199882431771,False,0.9846666666666667,0.0498764301471921,13.021046382499769,3.188252029393138,1.601673381494706,4.978490794716959,4.0,20260730,12,30000,4096,1536,4000
raw,53,45728,50080,159076,50960,1.1144156752974108,0.03889954822172326,0.08583478204250117,0.06500464445118659,False,0.9831666666666666,0.049791579869547235,13.028440934927456,3.188252029393138,1.584788420347565,4.978490794716959,4.0,20260730,12,30000,4096,1536,4000
raw,54,46576,50928,159924,50960,1.0941257299896943,0.038299118654466544,0.08547388775525677,0.06493376542655561,False,0.9828333333333333,0.04974227240712844,13.032743784682996,3.188252029393138,1.5755339475821948,4.978490794716959,4.0,20260730,12,30000,4096,1536,4000
raw,55,47424,51776,160772,50960,1.0745614035087718,0.03790742345657577,0.08543661238607525,0.06468067429742222,False,0.9828333333333333,0.04970563520898729,13.035943718012184,3.188252029393138,1.5535048897672044,4.978490794716959,4.0,20260730,12,30000,4096,1536,4000
raw,56,48272,52624,161620,50960,1.0556844547563806,0.03711669452963338,0.08541691424531817,0.06244180209035266,False,0.9836666666666667,0.049614519828120984,13.043912074125403,3.188252029393138,1.5286525612261763,4.978490794716959,4.0,20260730,12,30000,4096,1536,4000
raw,57,49120,53472,162468,50960,1.0374592833876222,0.03460827741292941,0.07452060466096166,0.05717556175451269,False,0.9855,0.0494034279362832,13.062429158099196,3.188252029393138,1.4967745752576964,4.978490794716959,4.0,20260730,12,30000,4096,1536,4000
raw,58,49968,54320,163316,50960,1.0198527057316682,0.03376883979484424,0.07016048906159034,0.05469878499056567,False,0.9875,0.049321331741108476,13.069652053932906,3.188252029393138,1.4619772179901684,4.978490794716959,4.0,20260730,12,30000,4096,1536,4000
raw,59,50816,55168,164164,50960,1.0028337531486147,0.03271849479441055,0.06794284723617339,0.05461142123490274,False,0.986,0.04922514153759626,13.078130264563011,3.188252029393138,1.4004651169047524,4.978490794716959,4.0,20260730,12,30000,4096,1536,4000
raw,60,50960,55312,164308,50960,1.0,0.02832932095655189,0.04944187565214886,0.03366581394321337,True,0.9931666666666666,0.04891890890546922,13.10523238095654,3.188252029393138,1.385643169372398,4.978490794716959,4.0,20260730,12,30000,4096,1536,4000
raw,61,50960,55312,164308,50960,1.0,0.027347207333996336,0.044631002238811,0.033165283919459804,True,0.9931666666666666,0.048857590508137226,13.110679547760686,3.188252029393138,1.3301768941591694,4.978490794716959,4.0,20260730,12,30000,4096,1536,4000
raw,62,50960,55312,164308,50960,1.0,0.026992303605550196,0.04343291032917629,0.03267939076944605,True,0.9921666666666666,0.04882673175051569,13.113423445305216,3.188252029393138,1.2761076936737725,4.978490794716959,4.0,20260730,12,30000,4096,1536,4000
raw,63,50960,55312,164308,50960,1.0,0.016803751539695665,0.022367640561083757,0.018908764249746583,True,0.9988333333333334,0.048255512857426276,13.164530643555468,3.188252029393138,1.259952550989461,4.978490794716959,4.0,20260730,12,30000,4096,1536,4000
raw,64,50960,55312,164308,50960,1.0,3.4445833508774533e-16,1.3691636713275557e-10,8.549235763766202e-11,True,1.0,0.04793010174497432,13.193916490963822,3.188252029393138,0.0,4.978490794716959,4.0,20260730,12,30000,4096,1536,4000
value,1,1632,5984,114980,50960,31.225490196078432,0.1199617492961759,1.0,1.0,False,0.5481666666666667,0.06679949225980945,11.75226838566386,3.188252029393138,1.8195439265366529,4.978490794716959,4.0,20260730,12,30000,4096,1536,4000
value,2,2480,6832,115828,50960,20.548387096774192,0.10103742904439926,0.9996247194040242,0.9677413364215292,False,0.6008333333333333,0.061787012700149656,12.091028016975933,3.188252029393138,1.577359546571338,4.978490794716959,4.0,20260730,12,30000,4096,1536,4000
value,3,3328,7680,116676,50960,15.3125,0.08292749522101585,0.986865986511347,0.8454694548885437,False,0.6343333333333333,0.057735713982147344,12.385554591631516,3.188252029393138,1.29383815388633,4.978490794716959,4.0,20260730,12,30000,4096,1536,4000
value,4,4176,8528,117524,50960,12.203065134099617,0.06904758567277455,0.9312874118326031,0.7187578558419822,False,0.6751666666666667,0.05487370054124271,12.606357511133726,3.188252029393138,1.1862099092271452,4.978490794716959,4.0,20260730,12,30000,4096,1536,4000
value,5,5024,9376,118372,50960,10.143312101910828,0.05448767041133355,0.7701657534868889,0.5894019351085353,False,0.7741666666666667,0.05252709339078833,12.796166304031862,3.188252029393138,0.9126345587683803,4.978490794716959,4.0,20260730,12,30000,4096,1536,4000
value,6,5872,10224,119220,50960,8.678474114441418,0.044055347639161975,0.695824417293995,0.5484726617280913,False,0.8353333333333334,0.05110533931495932,12.915337238596571,3.188252029393138,0.8030071536758142,4.978490794716959,4.0,20260730,12,30000,4096,1536,4000
value,7,6720,11072,120068,50960,7.583333333333333,0.03288929708142164,0.6107682609964924,0.3096521427878666,False,0.8813333333333333,0.0499079327621297,13.018304186851354,3.188252029393138,0.6264219445832656,4.978490794716959,4.0,20260730,12,30000,4096,1536,4000
value,8,7568,11920,120916,50960,6.733615221987315,0.024524776304983873,0.5763681331664025,0.24525773904905424,False,0.9191666666666667,0.04924467403496608,13.07640732928839,3.188252029393138,0.5503787430841821,4.978490794716959,4.0,20260730,12,30000,4096,1536,4000
value,9,8416,12768,121764,50960,6.055133079847908,0.014479417645567852,0.1985003253471136,0.09529367154381158,False,0.9773333333333334,0.04854015533825678,13.138988381721969,3.188252029393138,0.3762741551768232,4.978490794716959,4.0,20260730,12,30000,4096,1536,4000
value,10,9264,13616,122612,50960,5.500863557858376,0.006296357000272911,0.10210224924209399,0.03183740410652306,False,0.9961666666666666,0.04816493438037544,13.172690270576723,3.188252029393138,0.12208006773242248,4.978490794716959,4.0,20260730,12,30000,4096,1536,4000
value,11,10112,14464,123460,50960,5.0395569620253164,0.004469769164416661,0.051228950878429935,0.016822961651507047,False,0.9995,0.048066947523467456,13.18153456731486,3.188252029393138,0.08623746867660949,4.978490794716959,4.0,20260730,12,30000,4096,1536,4000
value,12,10960,15312,124308,50960,4.649635036496351,0.0033287372609292084,0.04195955321483824,0.012174881590918793,True,0.9996666666666667,0.04801685323663694,13.18606304644338,3.188252029393138,0.05450704864495759,4.978490794716959,4.0,20260730,12,30000,4096,1536,4000
value,13,11808,16160,125156,50960,4.315718157181572,0.0027558694653879107,0.020215110447806217,0.008690629889111574,True,1.0,0.047983533993887814,13.189077693418383,3.188252029393138,0.039061965193308394,4.978490794716959,4.0,20260730,12,30000,4096,1536,4000
value,14,12656,17008,126004,50960,4.0265486725663715,0.0023842923747190944,0.016077026435731945,0.006944598617447443,True,1.0,0.047968099943627836,13.190474839593819,3.188252029393138,0.0358886954726712,4.978490794716959,4.0,20260730,12,30000,4096,1536,4000
value,15,13504,17856,126852,50960,3.773696682464455,0.0020131231442977672,0.016048019010202808,0.005298631257584799,True,1.0,0.04795622183234025,13.191550395431689,3.188252029393138,0.0321373897458459,4.978490794716959,4.0,20260730,12,30000,4096,1536,4000
value,16,14352,18704,127700,50960,3.550724637681159,0.0016281856183442958,0.013162035066196065,0.003958774511708846,True,1.0,0.04794730008172354,13.192358429796977,3.188252029393138,0.02334546708679485,4.978490794716959,4.0,20260730,12,30000,4096,1536,4000
value,17,15200,19552,128548,50960,3.3526315789473684,0.0014084156062602543,0.009015652047425049,0.0034114138261777025,True,1.0,0.04794004012084382,13.193016068427532,3.188252029393138,0.021525324762976732,4.978490794716959,4.0,20260730,12,30000,4096,1536,4000
value,18,16048,20400,129396,50960,3.1754735792622135,0.0011512393320797132,0.008744715915886436,0.0025023328981332287,True,1.0,0.047934323131377535,13.193534008134671,3.188252029393138,0.017458328046940242,4.978490794716959,4.0,20260730,12,30000,4096,1536,4000
value,19,16896,21248,130244,50960,3.016098484848485,0.0009623249275866859,0.006830161835699733,0.0021305870647860318,True,1.0,0.047933344362661064,13.193622687428483,3.188252029393138,0.014644360838354816,4.978490794716959,4.0,20260730,12,30000,4096,1536,4000
value,20,17744,22096,131092,50960,2.871956717763751,0.0008075052083069974,0.006244729161607232,0.0016463018813401603,True,1.0,0.04793192747043808,13.193751065194942,3.188252029393138,0.012118981049293586,4.978490794716959,4.0,20260730,12,30000,4096,1536,4000
value,21,18592,22944,131940,50960,2.7409638554216866,0.0006783729739830476,0.005346885388239464,0.0013011183408012932,True,1.0,0.04793125356540514,13.193812125809448,3.188252029393138,0.011720146973796985,4.978490794716959,4.0,20260730,12,30000,4096,1536,4000
value,22,19440,23792,132788,50960,2.6213991769547325,0.000529839682989768,0.0053385017435882975,0.0011368378341758904,True,1.0,0.0479305010090156,13.193880313813883,3.188252029393138,0.007329124805071756,4.978490794716959,4.0,20260730,12,30000,4096,1536,4000
value,23,20288,24640,133636,50960,2.5118296529968456,0.0004597578612313548,0.0033788265594872913,0.0009198042534195609,True,1.0,0.0479306031315522,13.193871060581404,3.188252029393138,0.006601290254476879,4.978490794716959,4.0,20260730,12,30000,4096,1536,4000
value,24,21136,25488,134484,50960,2.4110522331566995,0.00038956515723210215,0.003367347516748276,0.0005272577843383966,True,1.0,0.04793044370246642,13.193885506318122,3.188252029393138,0.005319304771224765,4.978490794716959,4.0,20260730,12,30000,4096,1536,4000
value,25,21984,26336,135332,50960,2.3180494905385736,0.0003383990765626982,0.0015928375339792078,0.0004053125576617739,True,1.0,0.047930458262971154,13.193884187000917,3.188252029393138,0.004419356188159777,4.978490794716959,4.0,20260730,12,30000,4096,1536,4000
value,26,22832,27184,136180,50960,2.2319551506657325,0.0003002028508889894,0.00148317744775317,0.00027807257504056636,True,1.0,0.047930435175626826,13.193886278929313,3.188252029393138,0.0037584461580785398,4.978490794716959,4.0,20260730,12,30000,4096,1536,4000
value,27,23680,28032,137028,50960,2.152027027027027,0.0002663473601446767,0.0013236788959104517,0.00023774016412495547,True,1.0,0.047930369238605,13.193892253443067,3.188252029393138,0.0034263842534586935,4.978490794716959,4.0,20260730,12,30000,4096,1536,4000
value,28,24528,28880,137876,50960,2.077625570776256,0.00023680067651417848,0.0012827476102900137,0.00021570428941630184,True,1.0,0.04793038833473384,13.193890523153513,3.188252029393138,0.0032291775302346597,4.978490794716959,4.0,20260730,12,30000,4096,1536,4000
value,29,25376,29728,138724,50960,2.0081967213114753,0.00020859212127893339,0.0010870123045597646,0.0001744489375117897,True,1.0,0.04793038562902842,13.193890768315926,3.188252029393138,0.002615277833446242,4.978490794716959,4.0,20260730,12,30000,4096,1536,4000
value,30,26224,30576,139572,50960,1.9432580841976814,0.00018694714195448956,0.0010141421945439877,0.00014929559848831373,True,1.0,0.04793026357410624,13.193901827656674,3.188252029393138,0.002470622132901857,4.978490794716959,4.0,20260730,12,30000,4096,1536,4000
value,31,27072,31424,140420,50960,1.882387706855792,0.00016061494625152506,0.0005257391261944688,0.00011473067789353187,True,1.0,0.04793021015595104,13.193906667860176,3.188252029393138,0.0022416918570007547,4.978490794716959,4.0,20260730,12,30000,4096,1536,4000
value,32,27920,32272,141268,50960,1.825214899713467,0.00014043052892470133,0.0004925118883508661,0.00010189655180392035,True,1.0,0.04793015704790985,13.193911479969687,3.188252029393138,0.0018347485654139262,4.978490794716959,4.0,20260730,12,30000,4096,1536,4000
value,33,28768,33120,142116,50960,1.771412680756396,0.00012359377215368335,0.0004722702585753247,7.85495892493101e-05,True,1.0,0.04793012692730309,13.193914209194503,3.188252029393138,0.0017061293036537085,4.978490794716959,4.0,20260730,12,30000,4096,1536,4000
value,34,29616,33968,142964,50960,1.7206915180983253,0.00010657058342286954,0.000329318643181975,6.449568835756311e-05,True,1.0,0.04793011716615376,13.193915093651524,3.188252029393138,0.0015610221142433928,4.978490794716959,4.0,20260730,12,30000,4096,1536,4000
value,35,30464,34816,143812,50960,1.6727941176470589,9.326780721544934e-05,0.0003202297474172999,4.634917942179515e-05,True,1.0,0.047930111402989556,13.193915615851493,3.188252029393138,0.0011607969613585693,4.978490794716959,4.0,20260730,12,30000,4096,1536,4000
value,36,31312,35664,144660,50960,1.627491057741441,8.566096989448263e-05,0.00032014134368618663,4.017927286648071e-05,True,1.0,0.0479300950316752,13.193917099255659,3.188252029393138,0.0011484859899232546,4.978490794716959,4.0,20260730,12,30000,4096,1536,4000
value,37,32160,36512,145508,50960,1.5845771144278606,7.632473039869762e-05,0.00023455143150363789,3.372410146349473e-05,True,1.0,0.04793007893883232,13.19391855742803,3.188252029393138,0.0010107580717955377,4.978490794716959,4.0,20260730,12,30000,4096,1536,4000
value,38,33008,37360,146356,50960,1.5438681531749878,6.904647303443342e-05,0.0002333943330401489,3.137851692390775e-05,True,1.0,0.04793008224171409,13.193918258153898,3.188252029393138,0.0009685215538314968,4.978490794716959,4.0,20260730,12,30000,4096,1536,4000
value,39,33856,38208,147204,50960,1.5051984877126654,6.020630579756852e-05,0.0001991808614523194,2.4769466096113948e-05,True,1.0,0.047930085187410904,13.193917991244316,3.188252029393138,0.0008633836428145216,4.978490794716959,4.0,20260730,12,30000,4096,1536,4000
value,40,34704,39056,148052,50960,1.4684186260949745,5.4548392874552064e-05,0.0001410377864971002,2.0235934545920185e-05,True,1.0,0.04793008879643543,13.19391766423063,3.188252029393138,0.0008456322914258565,4.978490794716959,4.0,20260730,12,30000,4096,1536,4000
value,41,35552,39904,148900,50960,1.4333933393339333,4.863645402621396e-05,0.00013701295278656378,1.4000098166616618e-05,True,1.0,0.04793008388893035,13.193918108899634,3.188252029393138,0.0008067809509193226,4.978490794716959,4.0,20260730,12,30000,4096,1536,4000
value,42,36400,40752,149748,50960,1.4,4.297455893440756e-05,0.00012565942781250783,1.1589547657725461e-05,True,1.0,0.04793008519405006,13.19391799064274,3.188252029393138,0.0007251647870436863,4.978490794716959,4.0,20260730,12,30000,4096,1536,4000
value,43,37248,41600,150596,50960,1.368127147766323,3.7058982550049416e-05,5.202973129503352e-05,8.04755581322313e-06,True,1.0,0.04793009022519757,13.19391753477051,3.188252029393138,0.0006628820589615984,4.978490794716959,4.0,20260730,12,30000,4096,1536,4000
value,44,38096,42448,151444,50960,1.3376732465350694,3.217861351943406e-05,4.500093929749038e-05,6.240678818375507e-06,True,1.0,0.04793009718263775,13.193916904356996,3.188252029393138,0.0006502677993932665,4.978490794716959,4.0,20260730,12,30000,4096,1536,4000
value,45,38944,43296,152292,50960,1.308545603944125,2.794228163373635e-05,3.820950279476154e-05,4.957288260565289e-06,True,1.0,0.047930106191157555,13.193916088095335,3.188252029393138,0.0006015648424610127,4.978490794716959,4.0,20260730,12,30000,4096,1536,4000
value,46,39792,44144,153140,50960,1.280659429030961,2.4435086766845654e-05,1.949040773763233e-05,4.04061633031971e-06,True,1.0,0.047930106007965274,13.193916104694381,3.188252029393138,0.0005616002873975591,4.978490794716959,4.0,20260730,12,30000,4096,1536,4000
value,47,40640,44992,153988,50960,1.2539370078740157,2.2055380802010257e-05,1.685575390941718e-05,3.3491406126351377e-06,True,1.0,0.04793010403485755,13.19391628347759,3.188252029393138,0.0005597149970946577,4.978490794716959,4.0,20260730,12,30000,4096,1536,4000
value,48,41488,45840,154836,50960,1.2283069803316622,2.0161870923865255e-05,1.6755366232024116e-05,2.6355951609102716e-06,True,1.0,0.04793010814962581,13.193915910638616,3.188252029393138,0.0005434422196138817,4.978490794716959,4.0,20260730,12,30000,4096,1536,4000
value,49,42336,46688,155684,50960,1.2037037037037037,1.8271698971423992e-05,1.5365255929600252e-05,2.4326061035806432e-06,True,1.0,0.047930107254304376,13.19391599176365,3.188252029393138,0.000537739577121829,4.978490794716959,4.0,20260730,12,30000,4096,1536,4000
value,50,43184,47536,156532,50960,1.1800666913671731,1.6844673311850837e-05,1.189138468116191e-05,2.0379299509820636e-06,True,1.0,0.04793010621173658,13.19391608623067,3.188252029393138,0.0005066139193738902,4.978490794716959,4.0,20260730,12,30000,4096,1536,4000
value,51,44032,48384,157380,50960,1.1573401162790697,1.6190743465179597e-05,1.0851254047761216e-05,1.9158586541834206e-06,True,1.0,0.04793010527475607,13.193916171130436,3.188252029393138,0.0005008566642373811,4.978490794716959,4.0,20260730,12,30000,4096,1536,4000
value,52,44880,49232,158228,50960,1.1354723707664884,1.540579263126841e-05,1.0827626968468174e-05,1.6390738508509307e-06,True,1.0,0.047930100292469975,13.193916622575191,3.188252029393138,0.0004978516543543505,4.978490794716959,4.0,20260730,12,30000,4096,1536,4000
value,53,45728,50080,159076,50960,1.1144156752974108,1.4552599462055979e-05,1.0159035349177614e-05,1.4783638851434407e-06,True,1.0,0.047930102299347806,13.19391644073206,3.188252029393138,0.0004797647917319505,4.978490794716959,4.0,20260730,12,30000,4096,1536,4000
value,54,46576,50928,159924,50960,1.0941257299896943,1.283370385151518e-05,9.617735168165886e-06,1.235149412304181e-06,True,1.0,0.04793010559993002,13.193916141666438,3.188252029393138,0.0004750156701285196,4.978490794716959,4.0,20260730,12,30000,4096,1536,4000
value,55,47424,51776,160772,50960,1.0745614035087718,1.1628948853168008e-05,9.464004624981648e-06,9.80945826850596e-07,True,1.0,0.04793010438116221,13.193916252098939,3.188252029393138,0.00046679124326909837,4.978490794716959,4.0,20260730,12,30000,4096,1536,4000
value,56,48272,52624,161620,50960,1.0556844547563806,1.0839943038438483e-05,9.030750543370658e-06,7.13167753207955e-07,True,1.0,0.047930104242511394,13.193916264662082,3.188252029393138,0.0004632570378386834,4.978490794716959,4.0,20260730,12,30000,4096,1536,4000
value,57,49120,53472,162468,50960,1.0374592833876222,1.0093403139007121e-05,7.3291724059787455e-06,6.238510567468926e-07,True,1.0,0.047930102956435384,13.19391638119338,3.188252029393138,0.00046097818470902457,4.978490794716959,4.0,20260730,12,30000,4096,1536,4000
value,58,49968,54320,163316,50960,1.0198527057316682,9.329092489061716e-06,6.411238054893076e-06,5.787277583824129e-07,True,1.0,0.04793010316338236,13.193916362441922,3.188252029393138,0.0004449628290971244,4.978490794716959,4.0,20260730,12,30000,4096,1536,4000
value,59,50816,55168,164164,50960,1.0028337531486147,8.546686160787757e-06,6.20023732633701e-06,4.899782701017762e-07,True,1.0,0.047930104781798176,13.19391621579733,3.188252029393138,0.0004383189656834364,4.978490794716959,4.0,20260730,12,30000,4096,1536,4000
value,60,50960,55312,164308,50960,1.0,7.807079833656018e-06,5.839985350641896e-06,3.860370930530703e-07,True,1.0,0.04793010285535091,13.19391639035264,3.188252029393138,0.0004322801089008574,4.978490794716959,4.0,20260730,12,30000,4096,1536,4000
value,61,50960,55312,164308,50960,1.0,6.598311839738839e-06,2.217112387681297e-06,2.9758328375928345e-07,True,1.0,0.04793010398522973,13.193916287974364,3.188252029393138,0.000416404305420846,4.978490794716959,4.0,20260730,12,30000,4096,1536,4000
value,62,50960,55312,164308,50960,1.0,4.99888175990926e-06,2.2081574964083472e-06,1.8232505944459903e-07,True,1.0,0.047930101824401744,13.193916483766905,3.188252029393138,0.00040143353784084497,4.978490794716959,4.0,20260730,12,30000,4096,1536,4000
value,63,50960,55312,164308,50960,1.0,3.410720860199153e-06,1.8873559436416443e-06,6.82464564472073e-08,True,1.0,0.047930103164151174,13.19391636237226,3.188252029393138,0.0003769920966646407,4.978490794716959,4.0,20260730,12,30000,4096,1536,4000
value,64,50960,55312,164308,50960,1.0,3.3691006727899244e-14,1.3700351964018864e-10,8.555586794578571e-11,True,1.0,0.04793010174497427,13.193916490963826,3.188252029393138,0.0,4.978490794716959,4.0,20260730,12,30000,4096,1536,4000
geometry,1,1632,5984,114980,50960,31.225490196078432,0.13366386855819504,1.0,1.0,False,0.5561666666666667,0.0701948795910359,11.536945665947416,3.188252029393138,5.094965002665194,4.978490794716959,4.0,20260730,12,30000,4096,1536,4000
geometry,2,2480,6832,115828,50960,20.548387096774192,0.12264013879739948,0.9998589513154735,0.9379281544453679,False,0.6015,0.06677383741104535,11.753936646748128,3.188252029393138,4.896718211042388,4.978490794716959,4.0,20260730,12,30000,4096,1536,4000
geometry,3,3328,7680,116676,50960,15.3125,0.11008631621061295,0.9961193330047852,0.8245474443715416,False,0.6628333333333334,0.06323302915205906,11.990560129912529,3.188252029393138,4.623166901389214,4.978490794716959,4.0,20260730,12,30000,4096,1536,4000
geometry,4,4176,8528,117524,50960,12.203065134099617,0.09474509225317916,0.8573336970966465,0.6628895838389302,False,0.7435,0.059337966102712636,12.26667343855154,3.188252029393138,4.012763447547151,4.978490794716959,4.0,20260730,12,30000,4096,1536,4000
geometry,5,5024,9376,118372,50960,10.143312101910828,0.06914820966971953,0.7892302087047903,0.5898315013018667,False,0.7973333333333333,0.054300160354882304,12.651988878855969,3.188252029393138,3.2256565787794966,4.978490794716959,4.0,20260730,12,30000,4096,1536,4000
geometry,6,5872,10224,119220,50960,8.678474114441418,0.05794628354592413,0.5008167414323141,0.3610802374333482,False,0.885,0.05268020016194017,12.783525835762187,3.188252029393138,2.925355406860908,4.978490794716959,4.0,20260730,12,30000,4096,1536,4000
geometry,7,6720,11072,120068,50960,7.583333333333333,0.04424724294043012,0.49058637032438157,0.31597340032563287,False,0.9096666666666666,0.050876344762822795,12.934840983494283,3.188252029393138,2.4310769359963573,4.978490794716959,4.0,20260730,12,30000,4096,1536,4000
geometry,8,7568,11920,120916,50960,6.733615221987315,0.03458862051743012,0.26237661858591377,0.19370285545331675,False,0.9423333333333334,0.04987679527855502,13.021014589134607,3.188252029393138,2.197287665765221,4.978490794716959,4.0,20260730,12,30000,4096,1536,4000
geometry,9,8416,12768,121764,50960,6.055133079847908,0.017536721460375493,0.18072330108640078,0.10321113817625208,False,0.9786666666666667,0.048684617937508494,13.12608233859031,3.188252029393138,1.6392369715062365,4.978490794716959,4.0,20260730,12,30000,4096,1536,4000
geometry,10,9264,13616,122612,50960,5.500863557858376,0.0076176319706529605,0.08936073948894141,0.02753245339950657,False,0.9971666666666666,0.0481712372340102,13.172121990872048,3.188252029393138,0.7715717842957417,4.978490794716959,4.0,20260730,12,30000,4096,1536,4000
geometry,11,10112,14464,123460,50960,5.0395569620253164,0.005147912472175959,0.05204814996648521,0.016203462256697755,False,0.9995,0.048070399208435734,13.181222711873327,3.188252029393138,0.5766067331484341,4.978490794716959,4.0,20260730,12,30000,4096,1536,4000
geometry,12,10960,15312,124308,50960,4.649635036496351,0.0038649323499809984,0.041733829883282,0.010572784094438096,True,0.9995,0.0480204362502006,13.18573898835546,3.188252029393138,0.36032004441578036,4.978490794716959,4.0,20260730,12,30000,4096,1536,4000
geometry,13,11808,16160,125156,50960,4.315718157181572,0.0033103690144155725,0.020031786813119346,0.007402563386526172,True,1.0,0.04798852713094098,13.188625792761854,3.188252029393138,0.2994814338820111,4.978490794716959,4.0,20260730,12,30000,4096,1536,4000
geometry,14,12656,17008,126004,50960,4.0265486725663715,0.00280215414103616,0.016478400936025928,0.0062346651683184975,True,1.0,0.047972117841874676,13.190111081603948,3.188252029393138,0.2604319129080099,4.978490794716959,4.0,20260730,12,30000,4096,1536,4000
geometry,15,13504,17856,126852,50960,3.773696682464455,0.0024291080317993528,0.014589351242539461,0.0042200133161756515,True,1.0,0.04796130979980295,13.191089650423427,3.188252029393138,0.2247319450350621,4.978490794716959,4.0,20260730,12,30000,4096,1536,4000
geometry,16,14352,18704,127700,50960,3.550724637681159,0.001966377777600997,0.011526850588092885,0.0035181952239771146,True,1.0,0.047950446916604,13.1920734068288,3.188252029393138,0.2042181885116884,4.978490794716959,4.0,20260730,12,30000,4096,1536,4000
geometry,17,15200,19552,128548,50960,3.3526315789473684,0.001733625929769089,0.010717596226503145,0.0024369435395044507,True,1.0,0.047942805935281343,13.192765517260575,3.188252029393138,0.1780264399345497,4.978490794716959,4.0,20260730,12,30000,4096,1536,4000
geometry,18,16048,20400,129396,50960,3.1754735792622135,0.001411809690771376,0.007808707941840631,0.0019197538905945924,True,1.0,0.047937898877898726,13.193210050485414,3.188252029393138,0.145761540123434,4.978490794716959,4.0,20260730,12,30000,4096,1536,4000
geometry,19,16896,21248,130244,50960,3.016098484848485,0.0012235504150353213,0.007292184413840497,0.0015660736018164754,True,1.0,0.047935261534620584,13.193448987770456,3.188252029393138,0.12468344909405973,4.978490794716959,4.0,20260730,12,30000,4096,1536,4000
geometry,20,17744,22096,131092,50960,2.871956717763751,0.001045863044997279,0.0048676404443067645,0.00110223223484937,True,1.0,0.04793393026396747,13.19356960284768,3.188252029393138,0.10777476415474413,4.978490794716959,4.0,20260730,12,30000,4096,1536,4000
geometry,21,18592,22944,131940,50960,2.7409638554216866,0.000892308296990012,0.004218592749539396,0.0009058224549910855,True,1.0,0.04793223146713016,13.193723521201992,3.188252029393138,0.09191599555754124,4.978490794716959,4.0,20260730,12,30000,4096,1536,4000
geometry,22,19440,23792,132788,50960,2.6213991769547325,0.0007069338082293886,0.003907103745858342,0.0006902660985915354,True,1.0,0.0479310966315102,13.19382634526567,3.188252029393138,0.07527353913533695,4.978490794716959,4.0,20260730,12,30000,4096,1536,4000
geometry,23,20288,24640,133636,50960,2.5118296529968456,0.0006120849799265034,0.0037569425326335892,0.0004299803951966274,True,1.0,0.04793089075547047,13.193844999339186,3.188252029393138,0.0723311312203456,4.978490794716959,4.0,20260730,12,30000,4096,1536,4000
geometry,24,21136,25488,134484,50960,2.4110522331566995,0.0005400111994380212,0.0024328388823779967,0.00028413718316636,True,1.0,0.04793096667798181,13.19383812012182,3.188252029393138,0.059748220381908364,4.978490794716959,4.0,20260730,12,30000,4096,1536,4000
geometry,25,21984,26336,135332,50960,2.3180494905385736,0.00046248557821622913,0.001652155220337015,0.00021035396619327142,True,1.0,0.04793098296551298,13.19383664433608,3.188252029393138,0.04565467368969478,4.978490794716959,4.0,20260730,12,30000,4096,1536,4000
geometry,26,22832,27184,136180,50960,2.2319551506657325,0.0003976858836519451,0.0015707231116622866,0.00017670625569118852,True,1.0,0.04793080916858082,13.193852391808964,3.188252029393138,0.0389718685196614,4.978490794716959,4.0,20260730,12,30000,4096,1536,4000
geometry,27,23680,28032,137028,50960,2.152027027027027,0.00035992879847004185,0.0011071658804970852,0.00013805481115243803,True,1.0,0.047930502354932264,13.19388019186144,3.188252029393138,0.0363777434185033,4.978490794716959,4.0,20260730,12,30000,4096,1536,4000
geometry,28,24528,28880,137876,50960,2.077625570776256,0.00033450434579222543,0.000917707355977182,0.00010814599663844772,True,1.0,0.047930431545875646,13.193886607818662,3.188252029393138,0.03437766043168922,4.978490794716959,4.0,20260730,12,30000,4096,1536,4000
geometry,29,25376,29728,138724,50960,2.0081967213114753,0.00030416891018713053,0.0006030506040347605,8.126019536898727e-05,True,1.0,0.04793045965295134,13.193884061055801,3.188252029393138,0.03147549751903091,4.978490794716959,4.0,20260730,12,30000,4096,1536,4000
geometry,30,26224,30576,139572,50960,1.9432580841976814,0.00026820411292254655,0.00043833971207440925,6.262887068521063e-05,True,1.0,0.04793038602574464,13.193890732369695,3.188252029393138,0.026427791227747584,4.978490794716959,4.0,20260730,12,30000,4096,1536,4000
geometry,31,27072,31424,140420,50960,1.882387706855792,0.00023847821008542053,0.0004054910183433069,4.83208467248308e-05,True,1.0,0.04793026849561059,13.193901381720867,3.188252029393138,0.023639689277359984,4.978490794716959,4.0,20260730,12,30000,4096,1536,4000
geometry,32,27920,32272,141268,50960,1.825214899713467,0.00021356649384443957,0.00034427096694122916,3.813815712316313e-05,True,1.0,0.04793021677677863,13.19390606794862,3.188252029393138,0.020994416838236732,4.978490794716959,4.0,20260730,12,30000,4096,1536,4000
geometry,33,28768,33120,142116,50960,1.771412680756396,0.00017272359328221945,0.00033927982812842483,3.40965622171063e-05,True,1.0,0.04793022606565825,13.193905226285668,3.188252029393138,0.0193090741255814,4.978490794716959,4.0,20260730,12,30000,4096,1536,4000
geometry,34,29616,33968,142964,50960,1.7206915180983253,0.00014979189810343562,0.00027749911406738104,2.838620774139874e-05,True,1.0,0.047930193419894844,13.19390818431047,3.188252029393138,0.01787109224730808,4.978490794716959,4.0,20260730,12,30000,4096,1536,4000
geometry,35,30464,34816,143812,50960,1.6727941176470589,0.00013223376094985282,0.0002499263741370106,2.156959560577487e-05,True,1.0,0.04793013236667631,13.193913716333377,3.188252029393138,0.013577223772830787,4.978490794716959,4.0,20260730,12,30000,4096,1536,4000
geometry,36,31312,35664,144660,50960,1.627491057741441,0.00011327714648329483,0.00022523825338305326,1.907103342168036e-05,True,1.0,0.04793008555385398,13.19391795804091,3.188252029393138,0.013129785169731118,4.978490794716959,4.0,20260730,12,30000,4096,1536,4000
geometry,37,32160,36512,145508,50960,1.5845771144278606,9.97769080466686e-05,0.0001548895211598289,1.6432973072966203e-05,True,1.0,0.04793004735340883,13.193921419384438,3.188252029393138,0.011829438121109037,4.978490794716959,4.0,20260730,12,30000,4096,1536,4000
geometry,38,33008,37360,146356,50960,1.5438681531749878,8.972345511602006e-05,0.0001298129992833852,1.390134329267156e-05,True,1.0,0.04793005993847511,13.193920279050886,3.188252029393138,0.010960732941634119,4.978490794716959,4.0,20260730,12,30000,4096,1536,4000
geometry,39,33856,38208,147204,50960,1.5051984877126654,8.091930508886249e-05,0.000124894573458878,8.533656807030443e-06,True,1.0,0.04793007908992684,13.193918543737356,3.188252029393138,0.009913432253862393,4.978490794716959,4.0,20260730,12,30000,4096,1536,4000
geometry,40,34704,39056,148052,50960,1.4684186260949745,7.278406794599724e-05,9.675571584166764e-05,7.19018195543541e-06,True,1.0,0.04793008817170255,13.19391772083767,3.188252029393138,0.009333084097754078,4.978490794716959,4.0,20260730,12,30000,4096,1536,4000
geometry,41,35552,39904,148900,50960,1.4333933393339333,6.556563035343933e-05,9.664417289245719e-05,5.796409068520299e-06,True,1.0,0.047930091881171755,13.193917384722715,3.188252029393138,0.008168393507061025,4.978490794716959,4.0,20260730,12,30000,4096,1536,4000
geometry,42,36400,40752,149748,50960,1.4,5.8122109067459955e-05,7.944028026718453e-05,4.83558793030192e-06,True,1.0,0.047930087559881575,13.193917776274763,3.188252029393138,0.007934454829924666,4.978490794716959,4.0,20260730,12,30000,4096,1536,4000
geometry,43,37248,41600,150596,50960,1.368127147766323,5.205305486234206e-05,3.7505503416634944e-05,3.493575563429107e-06,True,1.0,0.04793009137653871,13.193917430447506,3.188252029393138,0.0069280768457220905,4.978490794716959,4.0,20260730,12,30000,4096,1536,4000
geometry,44,38096,42448,151444,50960,1.3376732465350694,4.7443150569980407e-05,3.2445205367381824e-05,2.507855306665971e-06,True,1.0,0.0479301003065633,13.193916621298197,3.188252029393138,0.006095039305445739,4.978490794716959,4.0,20260730,12,30000,4096,1536,4000
geometry,45,38944,43296,152292,50960,1.308545603944125,4.071446275340522e-05,2.209098300087753e-05,2.049756413508019e-06,True,1.0,0.04793009762342027,13.193916864417703,3.188252029393138,0.005055303666228005,4.978490794716959,4.0,20260730,12,30000,4096,1536,4000
geometry,46,39792,44144,153140,50960,1.280659429030961,3.493747766159697e-05,1.992805357864391e-05,1.7160957793804768e-06,True,1.0,0.047930106558053874,13.193916054850876,3.188252029393138,0.004480917179206618,4.978490794716959,4.0,20260730,12,30000,4096,1536,4000
geometry,47,40640,44992,153988,50960,1.2539370078740157,2.8720591991209694e-05,1.721673259014178e-05,1.397545092013396e-06,True,1.0,0.047930114116247646,13.193915370003328,3.188252029393138,0.004010073887947568,4.978490794716959,4.0,20260730,12,30000,4096,1536,4000
geometry,48,41488,45840,154836,50960,1.2283069803316622,2.605488286544103e-05,1.6921322063989663e-05,9.67687928471459e-07,True,1.0,0.047930114509511054,13.193915334369755,3.188252029393138,0.0031790513118104043,4.978490794716959,4.0,20260730,12,30000,4096,1536,4000
geometry,49,42336,46688,155684,50960,1.2037037037037037,2.3967295288701286e-05,1.5403459785567897e-05,8.276667310125323e-07,True,1.0,0.04793010772312761,13.193915949283596,3.188252029393138,0.003080671923669048,4.978490794716959,4.0,20260730,12,30000,4096,1536,4000
geometry,50,43184,47536,156532,50960,1.1800666913671731,2.1903137010276754e-05,7.887980275733675e-06,6.579154312791316e-07,True,1.0,0.047930105024771526,13.193916193781522,3.188252029393138,0.002649101999396646,4.978490794716959,4.0,20260730,12,30000,4096,1536,4000
geometry,51,44032,48384,157380,50960,1.1573401162790697,1.817901431745163e-05,7.485641054461034e-06,5.410908205938361e-07,True,1.0,0.04793010825156955,13.193915901401498,3.188252029393138,0.0025853551474993713,4.978490794716959,4.0,20260730,12,30000,4096,1536,4000
geometry,52,44880,49232,158228,50960,1.1354723707664884,1.3935253899532388e-05,6.505625275043947e-06,3.4810764805159855e-07,True,1.0,0.04793010458252567,13.193916233853402,3.188252029393138,0.0022024140983444894,4.978490794716959,4.0,20260730,12,30000,4096,1536,4000
geometry,53,45728,50080,159076,50960,1.1144156752974108,1.2376498832319852e-05,4.373540283708621e-06,2.527769777882492e-07,True,1.0,0.04793010325122724,13.193916354482301,3.188252029393138,0.0019074381887672636,4.978490794716959,4.0,20260730,12,30000,4096,1536,4000
geometry,54,46576,50928,159924,50960,1.0941257299896943,1.1305287450608747e-05,3.833131740571538e-06,1.9845536337603774e-07,True,1.0,0.0479301060973767,13.193916096592815,3.188252029393138,0.0017032432179035922,4.978490794716959,4.0,20260730,12,30000,4096,1536,4000
geometry,55,47424,51776,160772,50960,1.0745614035087718,9.437929857540471e-06,3.133790110854129e-06,1.5878257281776154e-07,True,1.0,0.04793010592412296,13.193916112291328,3.188252029393138,0.0016675562220942284,4.978490794716959,4.0,20260730,12,30000,4096,1536,4000
geometry,56,48272,52624,161620,50960,1.0556844547563806,7.797041619457482e-06,2.2028371432503135e-06,1.16797439386751e-07,True,1.0,0.04793010375123078,13.193916309176998,3.188252029393138,0.0014237106696008291,4.978490794716959,4.0,20260730,12,30000,4096,1536,4000
geometry,57,49120,53472,162468,50960,1.0374592833876222,6.307451363984867e-06,1.4696320643770022e-06,8.765015032663468e-08,True,1.0,0.04793010511359065,13.193916185733627,3.188252029393138,0.0012489927384522924,4.978490794716959,4.0,20260730,12,30000,4096,1536,4000
geometry,58,49968,54320,163316,50960,1.0198527057316682,5.2694963210801215e-06,1.2205780157703572e-06,5.8723090995416144e-08,True,1.0,0.0479301037811838,13.193916306462956,3.188252029393138,0.0010424314584871605,4.978490794716959,4.0,20260730,12,30000,4096,1536,4000
geometry,59,50816,55168,164164,50960,1.0028337531486147,4.39791789549304e-06,9.427061795630465e-07,4.3064478011389736e-08,True,1.0,0.047930103183944375,13.193916360578797,3.188252029393138,0.0009634622827466981,4.978490794716959,4.0,20260730,12,30000,4096,1536,4000
geometry,60,50960,55312,164308,50960,1.0,3.5334588060145973e-06,6.446556978234597e-07,2.3979981123023457e-08,True,1.0,0.04793010199030876,13.193916468734077,3.188252029393138,0.0009068181855176353,4.978490794716959,4.0,20260730,12,30000,4096,1536,4000
geometry,61,50960,55312,164308,50960,1.0,2.746860618191894e-06,4.945834968239637e-07,1.6270395120088198e-08,True,1.0,0.04793010110035451,13.1939165493728,3.188252029393138,0.0008023101848424079,4.978490794716959,4.0,20260730,12,30000,4096,1536,4000
geometry,62,50960,55312,164308,50960,1.0,2.187307597707312e-06,2.6311742085116663e-07,8.849832755508658e-09,True,1.0,0.047930100558258346,13.193916598492116,3.188252029393138,0.0006958896509993662,4.978490794716959,4.0,20260730,12,30000,4096,1536,4000
geometry,63,50960,55312,164308,50960,1.0,1.4890569554695373e-06,1.5247224460779307e-07,3.616619387303275e-09,True,1.0,0.04793010115202168,13.19391654469124,3.188252029393138,0.0005880958284098739,4.978490794716959,4.0,20260730,12,30000,4096,1536,4000
geometry,64,50960,55312,164308,50960,1.0,2.8895265553060065e-14,1.369503399573091e-10,8.553717179005103e-11,True,1.0,0.04793010174497452,13.193916490963804,3.188252029393138,0.0,4.978490794716959,4.0,20260730,12,30000,4096,1536,4000
