quantile,target,width_4,width_16,width_64
0.000244140625,-0.3825062736,-1.011881004,-0.9317065931,-0.87052207
0.008056640625,-0.3768298047,-0.5697390909,-0.5486880466,-0.4836627804
0.01586914062,-0.3711391483,-0.490763594,-0.4784716428,-0.4203745292
0.02368164062,-0.3654345188,-0.4445484873,-0.4368081839,-0.3843707631
0.03149414062,-0.3597161308,-0.4116031723,-0.4068037589,-0.3591869019
0.03930664062,-0.3539841997,-0.3858585213,-0.3831639909,-0.3397853739
0.04711914062,-0.3482389413,-0.3646319197,-0.3635365735,-0.3239663238
0.05493164062,-0.342480572,-0.3465022426,-0.3466698632,-0.310575393
0.06274414062,-0.3367093084,-0.3306262743,-0.3318183354,-0.2989330389
0.07055664062,-0.3309253679,-0.3164629262,-0.3185019396,-0.2886061411
0.07836914062,-0.3251289682,-0.303644389,-0.3063933397,-0.2793020091
0.08618164062,-0.3193203277,-0.2919093265,-0.2952592916,-0.2708137448
0.09399414062,-0.3134996649,-0.281065417,-0.2849276938,-0.2629897647
0.1018066406,-0.307667199,-0.2709670261,-0.2752679021,-0.255715717
0.1096191406,-0.3018231496,-0.2615012261,-0.2661783778,-0.2489032063
0.1174316406,-0.2959677368,-0.2525786805,-0.2575786182,-0.24248247
0.1252441406,-0.2901011809,-0.2441274949,-0.2494037026,-0.2363974538
0.1330566406,-0.2842237029,-0.2360889471,-0.2416004986,-0.2306024033
0.1408691406,-0.278335524,-0.2284144473,-0.2341249567,-0.2250594437
0.1486816406,-0.272436866,-0.2210633263,-0.2269401395,-0.2197368219
0.1564941406,-0.2665279508,-0.2140011961,-0.2200147575,-0.2146076056
0.1643066406,-0.2606090011,-0.2071987123,-0.2133220636,-0.2096487022
0.1721191406,-0.2546802395,-0.2006306275,-0.2068390052,-0.2048401071
0.1799316406,-0.2487418894,-0.1942750557,-0.2005455654,-0.2001643196
0.1877441406,-0.2427941743,-0.1881128953,-0.1944242451,-0.1956058818
0.1955566406,-0.2368373181,-0.1821273693,-0.1884596506,-0.1911510101
0.2033691406,-0.2308715451,-0.1763036578,-0.1826381622,-0.186787296
0.2111816406,-0.22489708,-0.1706285988,-0.1769476665,-0.1825034616
0.2189941406,-0.2189141476,-0.165090445,-0.1713773357,-0.1782891541
0.2268066406,-0.2129229732,-0.1596786623,-0.1659174475,-0.1741347733
0.2346191406,-0.2069237824,-0.1543837635,-0.1605592347,-0.1700313228
0.2424316406,-0.200916801,-0.1491971691,-0.1552947592,-0.1659702794
0.2502441406,-0.1949022552,-0.14411109,-0.1501168072,-0.1619434772
0.2580566406,-0.1888803715,-0.1391184287,-0.1450187991,-0.1579430015
0.2658691406,-0.1828513765,-0.1342126952,-0.1399947143,-0.15396109
0.2736816406,-0.1768154972,-0.1293879346,-0.1350390261,-0.1499900386
0.2814941406,-0.170772961,-0.1246386658,-0.1301466456,-0.1460221095
0.2893066406,-0.1647239953,-0.1199598276,-0.1253128744,-0.1420494393
0.2971191406,-0.1586688277,-0.1153467327,-0.1205333622,-0.138063946
0.3049316406,-0.1526076864,-0.1107950272,-0.1158040713,-0.1340572321
0.3127441406,-0.1465407995,-0.1063006555,-0.1111212444,-0.1300204834
0.3205566406,-0.1404683955,-0.1018598289,-0.1064813775,-0.1259443622
0.3283691406,-0.1343907028,-0.09746899893,-0.1018811951,-0.1218188935
0.3361816406,-0.1283079505,-0.09312483247,-0.09731762884,-0.117633345
0.3439941406,-0.1222203674,-0.0888241908,-0.09278779879,-0.1133761017
0.3518066406,-0.1161281828,-0.08456411023,-0.08828899612,-0.109034538
0.3596191406,-0.110031626,-0.080341785,-0.08381866831,-0.104594892
0.3674316406,-0.1039309266,-0.07615455196,-0.07937440561,-0.1000421526
0.3752441406,-0.09782631425,-0.07199987662,-0.07495392896,-0.09535997317
0.3830566406,-0.0917180188,-0.06787534067,-0.07055507903,-0.09053063479
0.3908691406,-0.08560627022,-0.06377863057,-0.06617580644,-0.0855350943
0.3986816406,-0.07949129861,-0.05970752719,-0.06181416268,-0.08035316437
0.4064941406,-0.0733733342,-0.05565989627,-0.05746829199,-0.074963892
0.4143066406,-0.06725260732,-0.05163367971,-0.05313642373,-0.06934621937
0.4221191406,-0.06112934842,-0.04762688749,-0.04881686548,-0.06348002466
0.4299316406,-0.05500378804,-0.0436375902,-0.04450799649,-0.05734763981
0.4377441406,-0.0488761568,-0.03966391205,-0.04020826162,-0.05093591079
0.4455566406,-0.04274668539,-0.03570402435,-0.03591616557,-0.04423878185
0.4533691406,-0.0366156046,-0.03175613936,-0.03163026746,-0.03726023096
0.4611816406,-0.03048314525,-0.02781850443,-0.02734917548,-0.03001715963
0.4689941406,-0.02434953823,-0.02388939647,-0.02307154191,-0.02254159511
0.4768066406,-0.01821501446,-0.01996711663,-0.01879605808,-0.01488140631
0.4846191406,-0.0120798049,-0.01604998511,-0.0145214495,-0.007098819129
0.4924316406,-0.005944140549,-0.01213633619,-0.010246471,0.0007335550276
0.5002441406,0.0001917475973,-0.008224513347,-0.005969901872,0.00853875545
0.5075683594,0.005944140549,-0.004557368619,-0.001958105331,0.01576523174
0.5153808594,0.0120798049,-0.0006443818728,0.002324950701,0.02331419803
0.5231933594,0.01821501446,0.003271637564,0.006613088747,0.03064745774
0.5310058594,0.02434953823,0.007192356814,0.01090748169,0.03772812184
0.5388183594,0.03048314525,0.01111945765,0.01520930315,0.0445349591
0.5466308594,0.0366156046,0.01505464149,0.01951973307,0.05106058444
0.5544433594,0.04274668539,0.01899963457,0.02383996347,0.05730870105
0.5622558594,0.0488761568,0.02295619324,0.02817120448,0.06329110798
0.5700683594,0.05500378804,0.02692610956,0.03251469067,0.06902495437
0.5778808594,0.06112934842,0.0309112171,0.03687168762,0.07453048207
0.5856933594,0.06725260732,0.03491339713,0.04124349898,0.07982931899
0.5935058594,0.0733733342,0.03893458516,0.04563147372,0.08494327882
0.6013183594,0.07949129861,0.04297677789,0.05003701399,0.08989357645
0.6091308594,0.08560627022,0.0470420407,0.05446158334,0.09470035874
0.6169433594,0.0917180188,0.05113251574,0.05890671548,0.09938246097
0.6247558594,0.09782631425,0.05525043066,0.06337402375,0.1039573163
0.6325683594,0.1039309266,0.0593981081,0.06786521106,0.1084409645
0.6403808594,0.110031626,0.06357797608,0.07238208079,0.1128481199
0.6481933594,0.1161281828,0.06779257936,0.07692654843,0.1171922739
0.6560058594,0.1222203674,0.072044592,0.08150065419,0.1214858126
0.6638183594,0.1283079505,0.07633683118,0.08610657684,0.1257401404
0.6716308594,0.1343907028,0.08067227257,0.09074664874,0.129965801
0.6794433594,0.1404683955,0.08505406741,0.09542337243,0.134172595
0.6872558594,0.1465407995,0.08948556159,0.1001394389,0.1383696891
0.6950683594,0.1526076864,0.09397031709,0.1048977478,0.14256572
0.7028808594,0.1586688277,0.09851213605,0.1097014304,0.1467688906
0.7106933594,0.1647239953,0.103115088,0.1145538746,0.1509870611
0.7185058594,0.170772961,0.1077835407,0.1194587537,0.1552278352
0.7263183594,0.1768154972,0.1125221952,0.124420059,0.1594986434
0.7341308594,0.1828513765,0.1173361261,0.1294421364,0.1638068243
0.7419433594,0.1888803715,0.1222308275,0.1345297288,0.1681597054
0.7497558594,0.1949022552,0.127212266,0.1396880247,0.1725646854
0.7575683594,0.200916801,0.1322869422,0.1449227143,0.1770293197
0.7653808594,0.2069237824,0.1374619621,0.1502400551,0.1815614102
0.7731933594,0.2129229732,0.1427451206,0.1556469477,0.1861691029
0.7810058594,0.2189141476,0.1481449995,0.1611510262,0.1908609951
0.7888183594,0.22489708,0.1536710836,0.1667607639,0.1956462545
0.7966308594,0.2308715451,0.159333898,0.1724856002,0.2005347567
0.8044433594,0.2368373181,0.1651451734,0.1783360913,0.2055372413
0.8122558594,0.2427941743,0.1711180442,0.1843240931,0.2106654979
0.8200683594,0.2487418894,0.1772672893,0.1904629829,0.215932584
0.8278808594,0.2546802395,0.1836096262,0.1967679311,0.2213530899
0.8356933594,0.2606090011,0.1901640743,0.2032562365,0.2269434591
0.8435058594,0.2665279508,0.196952406,0.2099477445,0.2327223855
0.8513183594,0.272436866,0.2039997154,0.2168653743,0.2387113084
0.8591308594,0.278335524,0.2113351395,0.2240357891,0.2449350395
0.8669433594,0.2842237029,0.2189927878,0.2314902614,0.2514225678
0.8747558594,0.2901011809,0.2270129542,0.2392658027,0.2582081076
0.8825683594,0.2959677368,0.2354437224,0.2474066626,0.2653324862
0.8903808594,0.3018231496,0.2443431265,0.2559663509,0.2728450125
0.8981933594,0.307667199,0.253782119,0.2650104181,0.2808060442
0.9060058594,0.3134996649,0.2638487313,0.2746203624,0.2892905933
0.9138183594,0.3193203277,0.2746540581,0.2848992579,0.2983935188
0.9216308594,0.3251289682,0.2863411126,0.295980099,0.3082372279
0.9294433594,0.3309253679,0.2990983839,0.3080386003,0.3189834919
0.9372558594,0.3367093084,0.313181448,0.3213136388,0.3308523315
0.9450683594,0.342480572,0.3289491494,0.3361415485,0.3441537289
0.9528808594,0.3482389413,0.3469279876,0.3530172712,0.3593442449
0.9606933594,0.3539841997,0.3679359926,0.3727122546,0.3771363598
0.9685058594,0.3597161308,0.3933471528,0.3965266516,0.3987328897
0.9763183594,0.3654345188,0.4257448681,0.4269138778,0.4264092919
0.9841308594,0.3711391483,0.4709462379,0.4694193838,0.4653294217
0.9919433594,0.3768298047,0.5475208755,0.5418137509,0.5321646466
0.9997558594,0.3825062736,0.9675952019,0.9425598548,0.9183056396
