x,y,z
0.05244348891,0,1.047200467
-0.02600404012,-0.05073337479,1.076318958
0.03110541557,0.09995455572,1.055120825
0.08848072505,-0.09551254912,1.033824011
-0.09411240499,0.02394108005,1.101599713
0.1387423471,0.08190945684,1.015167687
-0.01166350603,-0.1606600221,1.070995977
-0.04550675979,0.1588866854,1.083558061
0.1853030121,-0.06546753247,0.9978850995
-0.2269229281,-0.1139332322,1.055495798
0.1083311056,0.1924081773,1.026455862
0.08842335768,-0.2122151909,1.033845305
-0.145727926,0.1162943362,1.120758584
0.2383021853,0.05176141147,0.978212639
-0.1742181914,-0.232351261,1.025987274
0.003645267439,0.2561593586,1.065313601
0.2126299011,-0.1717280969,0.9877417876
-0.3155774188,-0.04928751184,1.039923735
0.2107147095,0.1989570409,0.9884526767
-0.05750381266,-0.3296267316,1.0405903
-0.1306652843,0.227844426,1.115167568
0.3018099369,-0.04051278781,0.9546395593
-0.275759615,-0.1964313794,0.9896751025
0.0998503551,0.3096755498,1.029603783
0.1809154365,-0.2810989456,0.9995136987
-0.373814607,0.0463260437,1.055452916
0.3094174134,0.1412101513,0.9518157835
-0.1561291442,-0.3380316031,0.9843385567
-0.1100904484,0.4192133679,1.023605485
0.3189807555,-0.1650502521,0.9482660211
-0.3727733692,-0.1139935283,0.9783036248
0.2185241253,0.3080789867,0.9855539442
0.1005025937,-0.366492479,1.029361683
-0.3887578702,0.1482444699,1.096942684
0.3818678658,0.03160372653,0.9249233137
-0.2745991118,-0.2950111072,0.9425116189
0.007204703187,0.4535548551,0.9766389332
0.2840834365,-0.295138837,0.9612193577
-0.4441926779,-0.00155855443,0.9950113701
0.3362531964,0.2469995996,0.9418547624
-0.1033250569,-0.4336694726,0.9659231808
-0.2143353319,0.4506924119,1.000108981
0.4110685773,-0.1118410079,0.9140844683
-0.3914427011,-0.2052236702,0.9242110974
0.1552562525,0.4614095109,0.9547022555
0.1994279335,-0.4048690716,0.9926421506
-0.4739012677,0.1206465948,1.038521586
0.4307460202,0.1314500986,0.9067805106
-0.2379897114,-0.3980572674,0.9119378705
-0.09094683819,0.4969474404,0.9400440283
0.3872867208,-0.265980638,0.9229119198
-0.4856922745,-0.0808624348,0.934620528
0.3261318813,0.3562165536,0.9456116356
-0.0280857736,-0.51313166,0.9672169382
-0.3232956259,0.4630356791,0.9971830414
0.4832925249,-0.02451937497,0.8872760735
-0.3763680935,-0.3112518824,0.8807989771
0.07037603104,0.5167480711,0.9043119717
0.3093052643,-0.4053540411,0.9518574115
-0.5395326783,0.05984171955,0.9743293707
0.447743448,0.2464378325,0.9004713324
-0.1737682389,-0.4959588254,0.8984658081
-0.2051090711,0.5246864789,0.9213986652
0.4813189074,-0.1996945409,0.8880086493
-0.4971450539,-0.182636568,0.8792357262
0.2477103661,0.5053235564,0.8999571765
0.1924320806,-0.586289829,0.9217843265
-0.611470234,0.3167667331,0.9347325892
0.5303116418,0.08714402474,0.869823316
-0.3310572087,-0.4222487294,0.8509754313
-0.03944024993,0.5606548511,0.8682531995
0.4202810972,-0.3686801021,0.9106649256
-0.5806544037,-0.02874126556,0.909641251
0.4324755845,0.3654965065,0.9061385235
-0.08910999018,-0.580377775,0.9023403847
-0.3244250884,0.5355399095,0.9209966664
0.5582602279,-0.1023669802,0.8594492399
-0.4782269122,-0.2984453732,0.8331168054
0.1535010722,0.5643515989,0.846546225
0.2945260529,-0.5553666788,0.8665508798
-0.6545445423,0.222167701,0.8814199164
0.5482171616,0.2135378595,0.8631770683
-0.2597918597,-0.5291831888,0.8368521012
-0.1649182752,0.5901969074,0.8487556152
0.5233784777,-0.2970439566,0.8723967976
-0.5937750309,-0.1389688221,0.8492770462
0.3481683351,0.533661313,0.8608627229
0.1335282706,-0.6700702614,0.8767347558
-0.6176962973,0.4172352892,0.8861630845
0.6116458976,0.01887227293,0.8396333179
-0.4301610091,-0.4197838678,0.7997386543
0.03464235318,0.6127334197,0.8066137325
0.4100413435,-0.5033503131,0.8239193526
-0.6965597598,0.1036700901,0.838806611
0.534928148,0.3448684727,0.8681097414
-0.1680187146,-0.623802545,0.8395471428
-0.2964558275,0.603415344,0.8469936987
0.6105714538,-0.1944942489,0.8400321346
-0.5771923173,-0.2638003471,0.7975496215
0.2495426781,0.5987771621,0.8014538656
0.2417694276,-0.6392914997,0.8158353256
-0.6639083783,0.3184670229,0.8279923678
0.6366988327,0.1557914528,0.830334062
-0.3558631268,-0.5381773032,0.7816660177
-0.1009135129,0.6472117951,0.7828526741
0.5314394635,-0.4338781481,0.7963885883
-0.6798706735,-0.08015554467,0.8322320149
0.4514830397,0.5488954185,0.8352924372
-0.06227236106,-0.6988810599,0.8591054096
-0.424368929,0.5994222698,0.8630074431
0.6750542179,-0.06688593004,0.8160971455
-0.5311045064,-0.3954736565,0.7581160996
0.1250414265,0.6537938092,0.7550611109
0.3646611584,-0.5868398206,0.7671146783
-0.7094713569,0.1944653925,0.780169089
0.6305297862,0.2993365499,0.8326239151
-0.2598549798,-0.6454978884,0.7804458572
-0.2442935154,0.665468566,0.7768828936
0.6509286311,-0.3516390128,0.7854574998
-0.6702639652,-0.2120807834,0.7733758723
0.3530833815,0.621181207,0.7683183294
0.1777282626,-0.7223599174,0.7762107531
-0.6673419114,0.4221949304,0.7839079014
0.7115372868,0.07837837323,0.8025552035
-0.4575965624,-0.5258521418,0.7338168915
-0.0181968238,0.6952495827,0.7246676982
0.4951685663,-0.515734834,0.7333419454
-0.7519733577,0.05234583612,0.7450273624
0.6368857834,0.4995866043,0.7514375802
-0.1480379639,-0.7343489191,0.7965408803
-0.3861374888,0.6662290175,0.7891813118
0.7201722668,-0.1649996432,0.7993500345
-0.630227269,-0.3528671383,0.7263242656
0.2267064398,0.6840431566,0.7138437714
0.3057223208,-0.6724914448,0.7199137193
-0.7164128127,0.2963750409,0.7296357551
0.7165014406,0.2327383854,0.8007125875
-0.3605156328,-0.646843969,0.7265384156
-0.1717978539,0.7205299955,0.7122513356
0.6257269568,-0.4302053447,0.7163495613
-0.789180886,-0.09957135907,0.7241089288
0.4594431175,0.6324110828,0.746680196
0.1063152399,-0.8019248917,0.7472656969
-0.6658233429,0.5287561102,0.748831849
0.7711335383,-0.01431728518,0.7804340111
-0.5611599111,-0.4945974448,0.6941739909
0.07885346998,0.7338166144,0.6751244399
0.4436481686,-0.6023878173,0.6783384504
-0.7630069885,0.149665858,0.6878548377
0.7031887198,0.4301082334,0.6947390015
-0.2452467343,-0.7508426833,0.7371182293
-0.3266197051,0.7280038492,0.7186841946
0.7486609287,-0.3354479084,0.716940103
-0.724272915,-0.2951237669,0.7045547043
0.3351290273,0.7036769466,0.6831723457
0.236701682,-0.7574646883,0.6825204473
-0.7180765769,0.4049849261,0.6873854125
0.8442025038,0.2117904458,0.6892557848
-0.4662967273,-0.6291621181,0.6791440164
-0.08252361119,0.7675894498,0.6544902279
0.5841133421,-0.5158632034,0.653647018
-0.8048234979,-0.01001362924,0.6603870629
0.6227505014,0.5744041235,0.6656259847
-0.0858331833,-0.9000609785,0.6630705276
-0.4732712183,0.7171107353,0.7436887238
0.8141881072,-0.1182150202,0.7644528315
-0.6630865002,-0.4467466728,0.6634404473
0.186146711,0.7625649203,0.6349667933
0.3797864477,-0.6910113376,0.632073462
-0.7685980642,0.2571172564,0.6380706085
0.773771921,0.3504857139,0.6436127258
-0.3505197869,-0.7487205666,0.6824514627
-0.2484777017,0.7833661526,0.6532146384
0.7194122102,-0.4178158234,0.6470170375
-0.8398029045,-0.1737827086,0.6482212528
0.4461210587,0.7130222324,0.6630894533
0.160905,-0.8391881628,0.6549779353
-0.7151711925,0.5161800711,0.653457201
0.9141768243,0.1257832866,0.650107779
-0.5737424013,-0.593954851,0.6393627957
0.0200172869,0.8058538078,0.6047584201
0.5283524284,-0.6059515437,0.5984286189
-0.8150166656,0.09265707756,0.6030000052
0.6919902867,0.5004230748,0.6087411665
-0.1849363632,-0.8841253954,0.6089103995
-0.4095777597,0.7801835252,0.6714402614
0.8419671003,-0.3139490592,0.6585724805
-0.7602231052,-0.3847463737,0.6420987517
0.2997327998,0.7813572944,0.6047039017
0.306491608,-0.7789687534,0.5950217102
-0.7692336392,0.3708240144,0.5960765453
0.8464626458,0.2639487093,0.5983621517
-0.460581901,-0.7286789548,0.6339358444
-0.1545399233,0.8311689604,0.5942407022
0.6746829996,-0.5068553382,0.5831561914
-0.855146014,-0.07972848058,0.5834957877
0.603373011,0.6538954633,0.5856341796
-0.01493513321,-0.9349653515,0.5829060007
-0.7084497522,0.626090519,0.6277123759
0.8942354522,-0.05857665614,0.7347405145
-0.6796071169,-0.54299346,0.6080533518
0.1322731759,0.8347760673,0.5639594596
0.4608598914,-0.6978979446,0.5515346604
-0.8200256064,0.2049593186,0.55265735
0.7653007205,0.4167835705,0.55717386
-0.2938049382,-0.8649122897,0.5580507556
-0.3280992406,0.8371232191,0.6040028268
0.8110004296,-0.3992218834,0.5867972873
-0.8871107223,-0.2506974975,0.5800091583
0.4157712815,0.7902944058,0.5845844857
0.2267050786,-0.8638067574,0.5674143556
-0.7654855703,0.4870084117,0.5620676921
0.9191740078,0.1736879221,0.5591340433
-0.5722465095,-0.6917939376,0.592735709
-0.04783730759,0.8705143739,0.5429870683
0.6163319355,-0.6001655167,0.5264959972
-0.8652398113,0.02696710953,0.5248689171
0.6749944464,0.5767530079,0.5277987925
-0.1178449977,-0.9181248514,0.5281468759
-0.5574924872,0.8027822412,0.5202420862
0.9299080689,-0.2891739588,0.6088247648
-0.7808663067,-0.4783366442,0.5858180829
0.2506498407,0.8540699468,0.5327264863
0.3842094776,-0.7892250143,0.5135532237
-0.8202300677,0.323360827,0.5098550851
0.8406787174,0.3264058325,0.511297189
-0.4090148148,-0.8432965109,0.5107223841
-0.2312554931,0.8867434673,0.5428481848
0.7649806002,-0.4910070373,0.5208879262
-0.9028286111,-0.1538818305,0.5135365517
0.5804683143,0.7357364095,0.5108555211
0.05983153661,-0.9702724876,0.505965166
-0.7580096282,0.6020155758,0.5360252762
0.9899202331,0.08283416721,0.52591354
-0.682439173,-0.6395231194,0.5597711656
0.06841401777,0.9007653756,0.500421015
0.5464827219,-0.6953477429,0.4779351277
-0.8702682603,0.1431463009,0.4730988071
0.7506414728,0.4901084492,0.4751413895
-0.2303835309,-0.8980604472,0.4766029199
-0.4576679961,0.8580625886,0.4715590775
0.8990732213,-0.3764196565,0.5346303551
-0.9311218167,-0.3279396106,0.5185866085
0.3715471356,0.8637148425,0.5114136356
0.3011066685,-0.8775773013,0.4848123349
-0.8161207383,0.4443169409,0.4748690973
0.916149781,0.2322669863,0.4713181143
-0.5271144,-0.8201806881,0.4670529316
-0.121776424,0.9281005582,0.4892214245
0.7055203628,-0.5870760099,0.4620016013
-0.9133904892,-0.04453636023,0.4530136421
0.6538298022,0.6567413528,0.4515797989
-0.04550484471,-0.9529574985,0.4503064803
-0.6297808031,0.7706660924,0.4433244897
1.036146216,-0.1612885113,0.425463069
-0.7882393924,-0.5736833687,0.5357067597
0.1908591067,0.92155311,0.4672404734
0.4674918774,-0.7900399801,0.4381213752
-0.8705454218,0.2655085622,0.4287314284
0.8284277072,0.3966756685,0.4280724243
-0.3493513733,-0.875582043,0.4285278504
-0.3517789027,0.9164097165,0.4240514984
0.8533202301,-0.4702063789,0.4661475584
-0.9477174673,-0.2299816411,0.4499285161
0.5554849647,0.8179153416,0.440856751
0.2143437381,-0.9607575139,0.4653779089
-0.8082898752,0.5643282097,0.4477535198
0.9897999968,0.1373514921,0.43727625
-0.6446822073,-0.7964798818,0.4270662072
-0.002651852698,0.9605057871,0.4441233122
0.6345501189,-0.6851517856,0.4110680152
-0.918928641,0.07440036666,0.3992247115
0.7312992621,0.5681709207,0.397390315
-0.1605820467,-0.9323995997,0.3978065891
-0.5276969637,0.8271428332,0.3943159109
0.9935000025,-0.2700376628,0.3814958147
-0.8869303545,-0.496412231,0.5209438574
0.3160671899,0.9327789657,0.4438660193
0.3819017593,-0.8819591671,0.4074442093
-0.8665073911,0.3906737183,0.3920942741
0.9064588891,0.2992819557,0.3868375276
-0.4714575317,-0.8515443852,0.3840731435
-0.2428392015,0.9762546724,0.3777703396
0.7940940306,-0.5684263449,0.4045428303
-0.9591941259,-0.1193616847,0.3870978746
0.6299049776,0.7383273108,0.3798335748
0.02967340261,-0.9880056471,0.3752356441
-0.7044950824,0.7372239292,0.3673430713
1.059800007,-0.08290884871,0.3509092341
-0.7840506053,-0.6688317816,0.4918084202
0.1229327518,0.9835340424,0.4082953227
0.5542732114,-0.7829551,0.3687753958
-0.9197111564,0.1997924517,0.3527498331
0.8110735464,0.472592418,0.3487231824
-0.2823608117,-0.9093625182,0.348735087
-0.4192957776,0.8868185764,0.3464692138
0.9483682745,-0.3853805082,0.3363659546
-0.9896606359,-0.3058125247,0.3921860897
0.5297069464,0.8986366755,0.3752742314
0.2923840501,-0.9689469116,0.3860320171
-0.8587007021,0.5152539718,0.3632940462
0.982872662,0.2008065323,0.3515157758
-0.5933904105,-0.8268281782,0.3432869681
-0.07846106633,1.013951638,0.3948869198
0.7231844024,-0.6688903075,0.3507692536
-0.9656460816,0.001141031672,0.3308988288
0.7086112683,0.648930741,0.323819728
-0.08675316941,-0.9673094447,0.321600305
-0.6012534158,0.7943292221,0.3179487374
1.016732143,-0.1928832156,0.3073289148
-0.927221246,-0.5641990571,0.2844165937
0.2516696672,0.9970275721,0.3822088979
0.4671121291,-0.8782542656,0.3355604872
-0.9161332344,0.3283794677,0.3139564014
0.891316455,0.3727234472,0.3058540755
-0.4076674265,-0.8846657961,0.3032620518
-0.3074835881,0.9481798357,0.2998416771
0.9018714665,-0.5042386337,0.2900165346
-1.002403841,-0.1952612019,0.3268166084
0.6044921511,0.8196509551,0.3123317368
0.1055118433,-1.022711628,0.302793744
-0.7796453354,0.7034926124,0.2922505604
1.055879889,0.1041146082,0.322021313
-0.7118930657,-0.8023196539,0.306115204
0.04920960848,1.039774598,0.355925637
0.6426783158,-0.7693789456,0.3055492083
-0.9673053221,0.1285138707,0.2819403921
0.7898625232,0.5521823231,0.2732732009
-0.2102914677,-0.9440305016,0.2713594467
-0.4913158125,0.8548309476,0.2697048791
0.9710316061,-0.3098562994,0.2625973187
-0.9681305219,-0.4451471293,0.2445459827
0.380207802,1.001094345,0.3660598877
0.3756480602,-0.9689159436,0.3116033827
-0.9087055127,0.4568546166,0.2829947716
0.9702021154,0.2713657246,0.2688949471
-0.5332703597,-0.8591645906,0.2614560129
-0.195225175,1.009685201,0.254456196
0.8106727793,-0.648027423,0.2968627651
-1.010100039,-0.07440744665,0.2679736211
0.6838115133,0.7305155815,0.2543193432
-0.01106171595,-1.002221434,0.2479162753
-0.6763551775,0.7606528273,0.2424348063
1.040510652,-0.1140771038,0.2323097794
-0.8831172726,-0.6349120746,0.2121936539
0.1805381684,1.056065459,0.3266564682
0.5549048017,-0.8676962016,0.2693614579
-0.9645334742,0.2595868527,0.2406255265
0.8718655332,0.4507156154,0.2284965233
-0.3378568326,-0.9189611247,0.2246998208
-0.3775066624,0.9172577841,0.2226744265
0.9237871906,-0.4308352917,0.2166518362
-1.010033296,-0.3218946332,0.2010898815
0.5787687495,0.8990060502,0.2488381718
0.1800053706,-1.056565263,0.232834893
-0.898039719,0.5819453523,0.2597984359
1.045958936,0.1713358945,0.2377941747
-0.6559594869,-0.8337283573,0.2232840495
-0.08547087857,1.069803187,0.2103013183
0.730968479,-0.7506543189,0.2484314231
-1.012950148,0.05383339555,0.2162941912
0.7659717293,0.6335987522,0.2017162834
-0.1352550099,-0.9790190296,0.1963974054
-0.5659016778,0.8214530824,0.1937574064
0.994637302,-0.2316026609,0.1880124102
-0.9244672031,-0.5154350336,0.1736071247
0.3542827073,1.049067411,0.1447367755
0.4623739101,-0.9617227756,0.2424333398
-0.9578108442,0.3911130321,0.2071445483
0.9528201124,0.3472734734,0.1896317996
-0.4662773437,-0.8929367491,0.1817086628
-0.2627356031,0.9800965135,0.1768866102
0.8761220761,-0.5527393818,0.1694635514
-1.051663648,-0.1974660988,0.1539638425
0.6580640972,0.8111796406,0.18875178
0.06446472485,-1.036607292,0.1766695995
-0.7511459805,0.7270797451,0.1677454734
1.064120239,-0.03558317458,0.1564669447
-0.8387291695,-0.7050980368,0.1375413228
0.01891651787,1.127050148,0.1673320343
0.64354849,-0.8514969715,0.2089816743
-1.011286195,0.186362496,0.1722157157
0.8492123731,0.5314665334,0.1548511193
-0.2640539152,-0.9538745602,0.1484400669
-0.4510441027,0.8844554916,0.1462867812
0.9470137913,-0.3537001779,0.1425077445
-0.9670447427,-0.3911999498,0.1314544425
0.4678283919,0.9823088547,0.1072275505
0.2512912177,-1.089097612,0.1651981601
-0.9477227731,0.5198509696,0.1814732183
1.030964378,0.2446377422,0.1566592818
-0.5923746571,-0.8668143802,0.1423728161
-0.1499232502,1.041830615,0.1323366682
0.8291651199,-0.6724784149,0.1210375326
-1.056311158,-0.02218596783,0.1557496185
0.7405344094,0.7150885575,0.1340061724
-0.0592666028,-1.013792029,0.1238204024
-0.641205063,0.7876456025,0.1186171678
1.018472111,-0.1525743944,0.1126208133
-0.8800871776,-0.5862684363,0.1002880624
0.2700364522,1.063463551,0.07583092544
0.5508643202,-0.9484417718,0.1787865735
-1.005561355,0.3199781939,0.1359672145
0.9317512951,0.4268155129,0.1138951825
-0.3943320859,-0.9276076227,0.1041496434
-0.3346497301,0.9481684028,0.1000583129
0.8987468344,-0.4773328067,0.09576071019
-1.009598449,-0.2651871773,0.0856329691
0.5820036198,0.9131075501,0.06380405811
0.1379097735,-1.069973197,0.1077523129
-0.8238722781,0.694523278,0.09384422219
1.086885409,0.04074225048,0.07983687922
-0.7130450584,-0.8414505285,0.1065801322
-0.04192662291,1.100978963,0.08898632309
0.7840220035,-0.787031814,0.07141235073
-1.056010251,0.1107195946,0.1087776493
0.8244450686,0.6132422325,0.08495611756
-0.1882327006,-0.9888707507,0.07450652931
-0.5262820672,0.8507144315,0.07068678204
0.9708503302,-0.2747511609,0.06757621911
-0.9229270856,-0.462077774,0.0594946687
0.3839279172,0.997339455,0.04051398917
0.4049458939,-1.040459323,0.003876097651
-0.9963372107,0.4514589872,0.1075653916
1.011830507,0.3224024783,0.07885961897
-0.5229321472,-0.9010657971,0.06353214579
-0.2196193188,1.01108515,0.05507373097
0.8509574854,-0.5994305745,0.04776988365
-1.050880887,-0.1404170589,0.03613940481
0.7146531854,0.7949748009,0.07005081452
0.01573435701,-1.047839434,0.05357135119
-0.7154481446,0.7543332057,0.04426483655
1.041850215,-0.07465295592,0.03644184813
-0.835764078,-0.6558016908,0.02464582296
0.1864012159,1.076214638,0.003183148718
0.6019827111,-0.9591207886,-0.03443650802
-1.05153743,0.2453888755,0.06961795034
0.9080264645,0.5082996937,0.04180206534
-0.3193429533,-0.9626498735,0.02885144876
-0.4092108722,0.9148114935,0.02399582994
0.9223485769,-0.3991111971,0.02129195182
-0.9660081603,-0.3354713842,0.01504036172
0.4990772425,0.9284831493,-0.0007046465771
0.2722442511,-1.063422797,-0.03271857263
-0.8928716367,0.6638500408,0.02068556423
1.08776145,0.2209727805,0.04959616144
-0.6467475118,-0.8751025558,0.02649470326
-0.1088118897,1.071723107,0.01130128288
0.8047520536,-0.7169699948,-0.001432684049
-1.089680878,-0.01987153806,-0.01693073677
0.798643277,0.6943533655,0.01879860978
-0.1123287882,-1.023430961,0.002891143261
-0.6014431211,0.8169579301,-0.004128321983
0.9946102015,-0.1958688359,-0.008139968911
-0.8784453123,-0.5326789969,-0.01478119694
0.2996379865,1.011196802,-0.02993153285
0.4740374382,-0.9860694472,-0.06028983396
-1.043432214,0.3786119742,0.03832773228
0.9895200648,0.4029998457,0.00458573349
-0.4494528827,-0.9359697606,-0.0131198564
-0.2928797508,0.9784361538,-0.02144753197
0.8740829322,-0.5225969733,-0.02623984029
-1.00808455,-0.2094562767,-0.03309714157
0.6125315505,0.8582639399,-0.04785944708
0.08787377008,-1.080674753,-0.01443729647
-0.7869142379,0.7224095663,-0.02932925514
1.064109715,0.0003437912953,-0.04049480067
-0.7922512619,-0.7222536122,-0.05323189548
0.1051476483,1.086543452,-0.07306511758
0.7611933998,-0.8270524884,-0.05178242788
-1.095354065,0.1692858946,0.008181159263
0.8826894706,0.5900461085,-0.02658402231
-0.243217407,-0.9975429647,-0.04414660396
-0.4846644083,0.8809361321,-0.05128755583
0.9462485895,-0.3199306144,-0.05395597258
-0.9216397857,-0.4064895326,-0.05785299781
0.4147755607,0.9431552914,-0.06892202005
0.3421186479,-1.010292957,-0.09393182691
-0.9752812365,0.5373760258,-0.14142664
1.067224177,0.3000899371,-0.02681055711
-0.5754461773,-0.9096827493,-0.05148128953
-0.1801560064,1.040101031,-0.06566863584
0.8271627537,-0.6421754848,-0.07499352308
-1.047937755,-0.08702265711,-0.08484126305
0.7213842682,0.7880873348,-0.100825548
-0.03824742862,-1.057051103,-0.06644698419
-0.6747789928,0.7840949527,-0.07817241196
1.017618395,-0.1189040818,-0.08462690703
-0.8343582839,-0.6011858246,-0.09133198319
0.2167517444,1.023065937,-0.1040425044
0.540378456,-0.9300661321,-0.1293119025
-1.062144898,0.3413729645,-0.1754127962
0.9650289838,0.4847798836,-0.06602480352
-0.3737932693,-0.9710103797,-0.08749794188
-0.3679938813,0.9447700461,-0.09719828327
0.8978788339,-0.4437867821,-0.1010204414
-0.9641006303,-0.2802332749,-0.1046108427
0.5288619296,0.8734478908,-0.1138533769
0.209314801,-1.030779597,-0.1354468022
-0.8539427546,0.6927399766,-0.1022054359
1.08461071,0.07065628615,-0.1181487722
-0.7502840914,-0.7839024035,-0.1332258285
0.02799806368,1.0937139,-0.1527214881
0.7826617175,-0.7549174217,-0.1249106427
-1.084408442,0.02893413119,-0.1400185424
0.8568008848,0.6703817288,-0.09125366265
-0.1678682082,-1.031771571,-0.1148387732
-0.5592521776,0.8474553055,-0.1257899342
0.9697671291,-0.2416520147,-0.1299849391
-0.8772483692,-0.4764097584,-0.1330525478
0.3308921227,0.9562815455,-0.1408566658
0.4102623212,-0.9551938248,-0.1600717839
-0.9821761901,0.4471970737,-0.1991199212
1.043943539,0.3813094168,-0.09961107248
-0.5009240128,-0.9446861394,-0.1272179594
-0.2543129482,1.006964516,-0.1418794676
0.8506155934,-0.564388656,-0.1493141068
-1.004599549,-0.1569147671,-0.1549969377
0.6389705068,0.8034784832,-0.1646309983
0.07874125031,-1.046617117,-0.1847074544
-0.7445660259,0.7530224748,-0.1514706236
1.039209752,-0.04568285604,-0.1618594231
-0.7914207308,-0.6658071089,-0.1700832598
0.1370466063,1.032158739,-0.1816987865
0.6021370574,-0.8731052732,-0.2030306599
-1.060972729,0.2529641674,-0.2420607628
0.9393891344,0.5660685326,-0.132887279
-0.2978501535,-1.005667369,-0.1595496296
-0.4432151872,0.9109926523,-0.172160774
0.9216690347,-0.3648482403,-0.1765896433
-0.919671056,-0.3509245404,-0.1784539551
0.4446115332,0.8875393297,-0.1836034637
0.2786007246,-0.9767972515,-0.1986939377
-0.8965403785,0.5501890934,-0.2321213836
1.102733689,0.1345788195,-0.1964689228
-0.7105818036,-0.8390812722,-0.2151848466
-0.14642736,1.066066022,-0.1853832526
0.8055456525,-0.6787699363,-0.1987845213
-1.041958939,-0.03946475032,-0.208855532
0.7422765838,0.73466062,-0.2210024018
-0.0952183002,-1.064824247,-0.1832527866
-0.6312079748,0.8152869786,-0.1995207253
0.9922216735,-0.1661460309,-0.2067854986
-0.8335989165,-0.5433927842,-0.2105303051
0.249238188,0.967030748,-0.2164633471
0.4747817946,-0.8987499668,-0.2310783174
-0.9841380171,0.3577242363,-0.262566455
1.018909274,0.462977048,-0.1686450616
-0.4250378891,-0.9795939027,-0.2006158554
-0.3295699669,0.9732007223,-0.2172975349
0.8744465725,-0.4854215513,-0.2244281079
-0.9603854577,-0.2277558277,-0.2274971712
0.5549567063,0.8182446817,-0.2322185157
0.1485273278,-0.9939380058,-0.2450910921
-0.8069397578,0.6475547151,-0.2743117107
1.058726953,0.02198830277,-0.2398011341
-0.750385489,-0.7247728499,-0.2509274976
0.06228966491,1.037711294,-0.2627268956
0.6575097207,-0.8158699131,-0.2812159689
-1.07508286,0.06933656904,-0.2659363222
0.8361314865,0.6683808198,-0.2825627326
-0.2235661242,-1.0394145,-0.2292545793
-0.5167563287,0.8780317634,-0.2463281244
0.9447619022,-0.2876739478,-0.2529543174
-0.8755615667,-0.4196648799,-0.2546467449
0.3616031457,0.8996734165,-0.2571423404
0.3452624421,-0.9210765657,-0.2669644547
-0.9013263409,0.4602245239,-0.2923387552
1.014271768,0.2779742911,-0.3451457708
-0.5463408543,-0.9544087568,-0.2381729227
-0.2211638651,1.03260397,-0.2612464113
0.8292024997,-0.6003608264,-0.2734538267
-0.9981925279,-0.1098775453,-0.2800439626
0.6590549664,0.7498233589,-0.2864775337
0.02314468434,-1.005795509,-0.2989640327
-0.7151912667,0.7366418024,-0.3253348514
1.012924285,-0.09530014993,-0.2843371084
-0.7914692369,-0.6055846826,-0.2902255694
0.1716497229,0.9745793044,-0.2956441568
0.5337747394,-0.8416242779,-0.3068215831
-0.9802467412,0.2707534028,-0.3316126428
0.9371173717,0.4692244902,-0.3813648854
-0.3497247351,-1.013871454,-0.2716046652
-0.4041417864,0.9397351714,-0.2918989989
0.897963902,-0.4071640976,-0.3003593919
-0.9160515719,-0.2976788672,-0.3024125097
0.4711528608,0.8314975786,-0.303701944
0.2167400667,-0.9391174203,-0.3106422924
-0.814229615,0.5576236955,-0.3313200507
1.011887436,0.1465447368,-0.3774139167
-0.7120074658,-0.7763242932,-0.3337246594
-0.005752603538,1.038978995,-0.3469009846
0.7047105338,-0.7590729335,-0.3635683401
-1.031966383,-0.0001347576493,-0.3358593836
0.7541890423,0.6836850137,-0.3460003497
-0.09455591376,-1.011689422,-0.3598069589
-0.5867803449,0.846841675,-0.3197038463
0.9664468391,-0.2142103264,-0.3301109712
-0.8325653698,-0.4845378243,-0.3331789614
0.2817195559,0.9089750474,-0.3344535897
0.4073200362,-0.8642495815,-0.3402367435
-0.9005777035,0.3717835082,-0.3584718452
0.9466340804,0.3409894787,-0.400631016
-0.4705467561,-0.9890644816,-0.3104208768
-0.2962634956,0.9988943339,-0.336273575
0.8529503877,-0.5215496208,-0.348960178
-0.9538439482,-0.1804627088,-0.3537069505
0.5749559181,0.7639461952,-0.3559461833
0.09237010797,-0.9520162501,-0.3618501013
-0.7246697094,0.64720104,-0.3791985579
0.9994814799,0.01860884082,-0.4192283198
-0.7516553953,-0.6611029766,-0.3720463073
0.1000008555,0.9781040648,-0.378250796
0.585314745,-0.7845211825,-0.3871051033
-0.9696103716,0.1881388068,-0.4060262959
0.8634250908,0.5206237383,-0.4457307508
-0.2017719813,-1.011098854,-0.4269175044
-0.4761592766,0.9075375705,-0.3656690019
0.9204435047,-0.3315962633,-0.377122891
-0.8723954438,-0.3647295931,-0.3797872677
0.3894630657,0.842320057,-0.3791530843
0.2813466043,-0.8827442075,-0.3814567242
-0.8163454806,0.4681704286,-0.3945562638
0.9466166054,0.212463784,-0.4297988386
-0.5763508849,-0.827184195,-0.5074204609
-0.06529553378,1.03522713,-0.4339445346
0.8108048569,-0.627877169,-0.3986825867
-0.9877771823,-0.07094016328,-0.4083103588
0.6702127587,0.6984585264,-0.4135193939
-0.02477705526,-0.9590513872,-0.420114481
-0.6345546935,0.7264266898,-0.4354122196
0.9859874301,-0.1464762245,-0.4080466315
-0.7915103735,-0.5435567761,-0.4140124973
0.2069215619,0.9145488401,-0.4154761188
0.4627254035,-0.8069997642,-0.4184302877
-0.893266065,0.2867690267,-0.430426017
0.8745656274,0.3965901929,-0.4623687914
-0.3956839348,-0.9094052602,-0.5337128468
-0.3698535071,0.96590729,-0.4104299605
0.8760627724,-0.4443193919,-0.4253385115
-0.9097018523,-0.2492578414,-0.4299481102
0.491874168,0.7760815398,-0.429576116
0.159079361,-0.8962101802,-0.4302588285
-0.7293847125,0.5571088012,-0.4396002637
0.9366119949,0.08697622631,-0.4685806519
-0.714982312,-0.708009784,-0.4558715043
0.03622995688,0.976768714,-0.4640884442
0.6274220052,-0.7281931604,-0.4716710026
-0.9513459088,0.1118172301,-0.4855029531
0.7867050763,0.5618281376,-0.5155323266
-0.1317929974,-0.9596559016,-0.4847581903
-0.5458336173,0.7930270732,-0.4991579705
0.9411201152,-0.2608121472,-0.4547261682
-0.8302652261,-0.426841897,-0.4596442374
0.3119085177,0.8497526618,-0.458609433
0.3402010017,-0.8254655996,-0.4575851119
-0.8121255209,0.3811166781,-0.4640815622
0.8762316124,0.2718437712,-0.4889427595
-0.4812787156,-0.8189017521,-0.5515133909
-0.2707520349,1.020455223,-0.4540551019
0.8344249701,-0.5493245311,-0.4746891256
-0.9432785656,-0.1411462277,-0.4834576598
0.5860497642,0.7117379176,-0.4853925984
0.04369008419,-0.9038767523,-0.4862035337
-0.6416363227,0.635957756,-0.4930818142
0.9164410346,-0.03217559691,-0.5164134395
-0.7532732387,-0.5946286529,-0.4970860132
0.1392828279,0.9154600604,-0.5001117636
0.5093222532,-0.7500693073,-0.5014159467
-0.8783349636,0.2072096473,-0.5080497622
0.7987073687,0.4425724539,-0.5301977275
-0.3038018808,-0.884855755,-0.5860373634
-0.4604513245,0.8450437493,-0.5694058443
0.8977574959,-0.3708062354,-0.5026197175
-0.8666196044,-0.3141495618,-0.5088594901
0.4118570399,0.7852169403,-0.507517078
0.2210602868,-0.838969019,-0.5043905406
-0.7280461754,0.4682668499,-0.5067790428
0.8678955267,0.1498069034,-0.5252206489
-0.5555408789,-0.7206844188,-0.5785179863
-0.01761077624,0.9696982092,-0.5529222532
0.6580078941,-0.6734536449,-0.5602088049
-0.9245441242,0.04385435385,-0.5696765108
0.6692585779,0.6507451021,-0.5461130469
-0.06177635069,-0.905120724,-0.5486400169
-0.5551054197,0.7023046844,-0.5542290284
0.8862080886,-0.1418010596,-0.572465898
-0.79057748,-0.4817905092,-0.541993093
0.2406721685,0.8527676824,-0.5420880046
0.3909916047,-0.7679941932,-0.5390519281
-0.8003353046,0.298550129,-0.5399271988
0.8012211907,0.3223024825,-0.5548817755
-0.3873808857,-0.7987934643,-0.6020629352
-0.3803050676,0.8808837001,-0.6449170813
0.8570687846,-0.4732683173,-0.5516647757
-0.8993088708,-0.2086362211,-0.5614727946
0.5037270485,0.7224734131,-0.5618986621
0.1086107384,-0.846676581,-0.5584465288
-0.6430165241,0.5454330534,-0.5580432495
0.8492990019,0.03391486611,-0.5706898755
-0.6160697606,-0.617273497,-0.6142380086
0.08105662037,0.9106984907,-0.5882387856
0.5447698647,-0.694273726,-0.5890342338
-0.8546475206,0.1353199085,-0.5911567814
0.7197776268,0.4765398227,-0.6039202958
-0.2165323614,-0.8475249666,-0.6439605196
-0.4718203229,0.7540209468,-0.6220312171
0.8463048333,-0.2388857604,-0.6356502915
-0.8255365277,-0.3728147389,-0.5905361544
0.3371586003,0.7902410286,-0.5899247856
0.2758782662,-0.7809494649,-0.5844549749
-0.7192389141,0.3827752418,-0.5809869016
0.793621849,0.2045704048,-0.5894232846
-0.4596205993,-0.7047691057,-0.6274410188
-0.1404929262,0.856356941,-0.7447344563
0.6747693907,-0.6212022144,-0.6523709735
-0.8882031714,-0.01346623001,-0.6581380512
0.5846047285,0.66305432,-0.6212897345
0.006083073817,-0.8478897977,-0.6191355867
-0.5591196823,0.6100143446,-0.6171418948
0.8204630258,-0.07245086123,-0.6245618636
-0.6607661659,-0.5114234104,-0.6579229757
0.1781855115,0.8502192204,-0.6296109913
0.4311390783,-0.7111222071,-0.6258901539
-0.7795912391,0.2227995069,-0.6221364748
0.7221218313,0.3611738268,-0.6276670985
-0.2968478941,-0.765228741,-0.6591222631
-0.3937955343,0.7893061341,-0.6952533567
0.7974080389,-0.3206497147,-0.7046379384
-0.8568044364,-0.2710421444,-0.6425549661
0.4255116892,0.7294860125,-0.6433627436
0.1674785774,-0.7880144638,-0.6372799136
-0.6371004422,0.4568955066,-0.6308191336
0.7755399913,0.09300347667,-0.633380624
-0.5178908876,-0.6053484398,-0.6617509603
-0.03036801767,0.8205750568,-0.7631590843
0.5663942723,-0.6405309174,-0.6811298678
-0.8208848014,0.07361892502,-0.6795678304
0.6385631412,0.4957411605,-0.6833488328
-0.1363631662,-0.7959593497,-0.7073088906
-0.4785009964,0.6596394526,-0.6830942801
0.7816908435,-0.1660169447,-0.6857813795
-0.6878685787,-0.4060821769,-0.7085694316
0.2703473805,0.7898761886,-0.6770075193
0.3207445295,-0.7228822924,-0.6707344448
-0.701312168,0.3030193396,-0.662565168
0.7140679285,0.2483546772,-0.6615632887
-0.3655338188,-0.6746934867,-0.6839188804
-0.1889457456,0.7672899571,-0.7752093348
0.7404718038,-0.3845876817,-0.7778763689
-0.8410969705,-0.05746556987,-0.7504724431
0.5025534941,0.6721436227,-0.7019783146
0.06929104529,-0.7883786983,-0.6969641832
-0.5561110689,0.5180341677,-0.68875745
0.7468666172,-0.008741642464,-0.6860369067
-0.5597913393,-0.5033800995,-0.7043112783
0.06983695305,0.7680750631,-0.7872645643
0.4575903957,-0.6557505743,-0.7182109511
-0.7482059031,0.1565869055,-0.7108491701
0.639477711,0.3852804153,-0.7074579746
-0.2122014182,-0.7161621356,-0.7228513838
-0.4033453734,0.6921897423,-0.7546832035
0.7335625412,-0.2436500362,-0.7530393407
-0.6959667899,-0.3043610731,-0.7649331285
0.3540343852,0.7313795831,-0.7302393255
0.2173545032,-0.7284997311,-0.7233166434
-0.6219501616,0.3726884761,-0.7121469362
0.6950656378,0.1419848934,-0.7052914567
-0.4196087631,-0.5785277062,-0.7180495686
-0.08414485456,0.7310811766,-0.7935371444
0.5708790805,-0.5899213851,-0.777623853
-0.7753338825,0.02517722811,-0.7731983231
0.5558998362,0.496731791,-0.7684022297
-0.06627105975,-0.7281811454,-0.7760149642
-0.4785836551,0.5634375752,-0.7538899308
0.7077447743,-0.09699565233,-0.7464123583
-0.5831519936,-0.4019745573,-0.7541917083
0.1563542065,0.7001105311,-0.8164097211
0.3522375341,-0.6655908969,-0.7637188611
-0.6721442665,0.2318535776,-0.7521083398
0.6293916649,0.2775532447,-0.7422957204
-0.2756974046,-0.6276716542,-0.7485894453
-0.2222435175,0.664779702,-0.8113556816
0.6769192114,-0.30234711,-0.8247869594
-0.683978475,-0.2095281805,-0.8255424802
0.3634209193,0.5991833588,-0.8634389871
0.1248767582,-0.7269756631,-0.7831918626
-0.5438402469,0.4284889352,-0.7703575814
0.6647625482,0.04613967725,-0.7582908996
-0.4561676411,-0.4796765606,-0.7609844427
0.009999437986,0.6770018264,-0.8179348944
0.4663642777,-0.60295149,-0.8163606108
-0.7038434805,0.1033632106,-0.8064925353
0.5537472534,0.3904278866,-0.7947327659
-0.1365257591,-0.6486193218,-0.7937233476
-0.3368754907,0.5743016223,-0.8391931719
0.658539963,-0.1680350377,-0.813285419
-0.5859751681,-0.3045098484,-0.8102338489
0.2253410808,0.6183497239,-0.849797157
0.2545048527,-0.6687682303,-0.817606435
-0.5949245876,0.2956476952,-0.8032955104
0.607404642,0.1768615233,-0.7878152403
-0.3232724497,-0.5330682745,-0.7844852624
-0.1231995134,0.624397239,-0.8309452406
0.6128313625,-0.3391435915,-0.899247496
-0.6510566572,-0.1250543244,-0.888709783
0.4726196647,0.4745766613,-0.8593414942
-0.01018054001,-0.6409723051,-0.8503481372
-0.4695336431,0.4669856561,-0.8364842532
0.6229428874,-0.0348505156,-0.8198020622
-0.4722650575,-0.3814287669,-0.8120086006
0.08902717965,0.6058002973,-0.8479143525
0.3656371646,-0.6100295723,-0.8644402211
-0.6285699173,0.1730359767,-0.8508721878
0.5393597462,0.2871091349,-0.8330081996
-0.1930666719,-0.5593171178,-0.8228078626
-0.2351018511,0.5469007819,-0.8541343183
0.599769121,-0.2179138596,-0.8852278554
-0.5662532653,-0.2147003949,-0.8710859472
0.2726922343,0.5247832339,-0.8864982924
0.09607203363,-0.6061647543,-0.9146236312
-0.5190367139,0.3438607225,-0.8642722314
0.5726026293,0.08795198963,-0.8438828925
-0.351038753,-0.4352759283,-0.830426928
-0.03611423095,0.5635936855,-0.8574814905
0.4513771851,-0.5541205646,-0.9213443334
-0.6426124394,0.06816933235,-0.9103004407
0.465034339,0.3700805733,-0.8908666042
-0.0740535579,-0.5573172745,-0.8730924383
-0.3188593204,0.4507706754,-0.8855251055
0.5693710879,-0.09612881182,-0.888966418
-0.4645796936,-0.2874826901,-0.8703218209
0.1478960824,0.5182922236,-0.8829347555
0.176150553,-0.5474080002,-0.9821554385
-0.551689315,0.2295913248,-0.9069631131
0.5109917129,0.1916162922,-0.8839314588
-0.2311369148,-0.4624300458,-0.8639662548
-0.141192101,0.495745313,-0.8774445807
0.5319277999,-0.2419798956,-0.9606733107
-0.5214758983,-0.1368255599,-0.9352721327
0.2935009504,0.4215161783,-0.9255041641
0.0257365144,-0.5277419035,-0.9316301416
-0.3692140229,0.3436488728,-0.9225553577
0.5237279503,0.01640015093,-0.9105316034
-0.3542144995,-0.3375409589,-0.8864822098
0.03324168907,0.4814224546,-0.8910376099
0.2253915978,-0.4695514875,-1.048172806
-0.4694586985,0.1175906935,-1.000987051
0.4424390897,0.2682061514,-0.9372818276
-0.1217210475,-0.4607683604,-0.9100920439
-0.2181316727,0.408052646,-0.9060547134
0.5033618705,-0.1315112606,-0.9650883944
-0.4284503506,-0.2021732325,-0.9353031672
0.1800902707,0.4147174907,-0.9225969853
0.09896001285,-0.4729619583,-0.9939990277
-0.3825756925,0.2342999676,-0.9621700309
0.4659627933,0.1097780648,-0.9489457292
-0.2443908998,-0.3599451458,-0.9186507334
-0.06112745213,0.4171785762,-0.9101846812
0.4549854503,-0.2334069758,-1.038105116
-0.4471398446,-0.07644670705,-1.001386406
0.2803966267,0.310157438,-0.9658709463
-0.03215236836,-0.4295364805,-0.9653841807
-0.2596333201,0.3078555334,-0.9409582432
0.4581377945,-0.03015786867,-0.9887558967
-0.3252445436,-0.2433772612,-0.9537062504
0.07683126144,0.3746444524,-0.9324225568
0.1387598032,-0.3967570353,-1.055151058
-0.3566201891,0.1325107629,-1.000877404
0.3232435862,0.1877218107,-1.012984143
-0.1453670244,-0.3503146325,-0.9651655878
-0.1246383056,0.3299462625,-0.9392659201
0.4222473524,-0.1306723056,-1.048578414
-0.354407397,-0.1312532996,-1.007483603
0.1743876835,0.2923404984,-0.9673727287
0.02743987405,-0.3686061487,-1.025738112
-0.2581119738,0.203765075,-0.979347185
0.3071905244,0.07013949741,-1.055501204
-0.2211120679,-0.2521582478,-0.9915224988
-0.003625903595,0.3006811258,-0.9558110371
0.1920203011,-0.1493104711,-1.130788407
-0.2883141252,0.04967314254,-1.034628746
0.2163202106,0.18893057,-1.007438823
-0.06935089888,-0.3027180628,-1.024470554
-0.1438485757,0.2239867085,-0.9773539662
0.2401823617,-0.01952966991,-1.085312639
-0.2445900161,-0.1559327253,-1.038314104
0.07769300669,0.2281722258,-0.9863810383
0.0423996173,-0.2749310668,-1.086894044
-0.199686766,0.1052289021,-1.018405938
0.1934889358,0.08816776233,-1.043441187
-0.1263012397,-0.2134457283,-1.053368586
-0.0424042035,0.1848321395,-0.9966060298
0.1368908054,-0.05721780418,-1.09425876
-0.1608472793,0.00361389405,-1.057663769
0.09017705006,0.1247433889,-1.025049366
0.001684917523,-0.08865581828,-1.09938182
-0.08018347044,0.09017234615,-1.029648798
0.08434722432,0.02150770526,-1.062773001
-0.04659947461,-0.01113949846,-1.06854434
