target_x,target_y,target_z,width_4_x,width_4_y,width_4_z,width_16_x,width_16_y,width_16_z,width_64_x,width_64_y,width_64_z
0.8408996914,-0.3104918059,0.4432635193,1,-1.086738809,0.6486606741,1,-1.123316511,0.6527323694,1,-0.7651805252,0.495818505
0.8464397954,0.5321133546,-0.01987588121,1,-0.3280688495,-0.1147165143,1,-0.3001631418,-0.1224115971,1,-0.3186570502,-0.3282025374
0.8848006538,-0.2348562685,0.4024553841,1,0.01178175465,0.3536778398,1,0.03722704125,0.3422511393,1,-0.01249283653,0.4618846679
0.8390441603,0.5436004827,0.02243685145,1,0.2473582472,0.5344481162,1,0.2583639957,0.5161933666,1,0.2829900361,0.4321988817
0.8754026182,-0.2189274077,-0.4309768512,1,-0.4624644712,-0.5942487847,1,-0.4160720749,-0.5595487856,1,-0.3054378181,-0.6018484741
0.8544964468,-0.2497686243,0.4554683926,1,0.6008371849,0.1436822848,1,0.5955112471,0.1677068813,1,0.5931331324,0.1211485396
0.8290138043,-0.2912964797,0.4773703732,1,0.300199845,0.1468451835,1,0.2765634095,0.1636883381,1,0.4992259742,0.1173590931
0.866249698,-0.3392613557,-0.3667604031,1,0.2737261306,-0.5148579056,1,0.26703988,-0.5333774131,1,0.1952978804,-0.4653900791
0.8467298742,-0.2612247941,0.4634761344,1,0.4304834184,0.8526847862,1,0.4325476579,0.8051315276,1,0.3490757442,0.6610638739
0.8595755214,-0.2250200365,-0.4587983285,1,0.1497712287,0.5979395697,1,0.1712690365,0.5780331198,1,0.1166505839,0.5464405826
0.8599454684,0.5096908666,-0.02662727716,1,-0.4219766826,-0.4850937348,1,-0.3849800497,-0.4605548644,1,-0.2867090895,-0.5643371056
0.8202282784,-0.2545785215,0.5122649195,1,0.2192464534,0.3018623729,1,0.2159365529,0.3015293584,1,0.4568279472,0.178562908
0.8315109354,-0.2448063908,0.4986575933,1,-0.04629010034,-0.2236375735,1,-0.05714436583,-0.2081031714,1,-0.1822927175,-0.4736677582
0.8020864948,-0.3250688914,0.5009864976,1,-0.8451664418,-0.4077519231,1,-0.8602629758,-0.3532340416,1,-0.7562031639,-0.2215373574
0.8480822438,0.5297667368,-0.01018392378,1,-0.7823223409,0.1403929714,1,-0.8370725557,0.1480123436,1,-0.6291380634,0.2165682939
0.8140432238,-0.2682436069,-0.5151494901,1,0.05847087445,0.3638825874,1,0.07971104435,0.352552473,1,0.05966772313,0.4432309873
0.8504542683,-0.2314577058,0.4723927053,1,0.3958078163,0.6969083793,1,0.3991164023,0.664670857,1,0.3647060897,0.5153838501
0.8406797686,-0.2896442016,0.4575628516,1,0.01840539848,-0.1644593419,1,0.001174003623,-0.1485708588,1,-0.1427673628,-0.4367462767
0.840780308,0.5411146769,0.01683390096,1,0.06566916824,0.1289304448,1,0.06595617637,0.1303637509,1,0.3699806217,0.1353165181
0.8258975512,-0.2766036034,0.4913081329,1,0.2093481028,0.0201389915,1,0.182269425,0.03855755206,1,0.468609398,0.08965590114
0.8553752074,0.49536889,-0.151469196,1,0.1705699095,0.04739582395,1,0.1491276522,0.06205630163,1,0.4558660984,0.09485300069
0.8555734571,-0.2552811168,-0.4503616445,1,0.4039953729,0.3947314609,1,0.3918578024,0.3955246495,1,0.5365663454,0.1842001088
0.8123090802,-0.3239294293,-0.4849986424,1,-0.4779413179,-0.6941412954,1,-0.4228086418,-0.651213986,1,-0.3199446978,-0.6378546646
0.8319768525,-0.1963893855,0.5188889344,1,-0.0477424643,0.4704411845,1,-0.01656858894,0.4619951792,1,-0.09054685979,0.5278863715
0.8386960104,-0.3064470959,-0.4501990444,1,0.3895503033,0.1918935562,1,0.3669085011,0.2100077778,1,0.5245273279,0.1288765348
0.8400307408,-0.3075441195,0.4469507457,1,0.09064498531,-0.02324727673,1,0.0730139458,-0.01021215311,1,0.3900588744,0.06549188918
0.8679075587,0.4794362805,0.12991275,1,0.2359136193,-0.09122364081,1,0.2022799852,-0.06947796356,1,0.4722497007,0.0617305105
0.872532169,-0.3306817563,0.3596348011,1,0.2642699966,0.09398614258,1,0.2387290766,0.1119083976,1,0.4878567113,0.1058017315
0.8388707065,-0.3251665849,0.4365347979,1,-0.07309492409,0.3257207346,1,-0.04176692782,0.3151217404,1,-0.1068520432,0.4628548087
0.8320886502,0.5538647086,0.02936601462,1,-0.2029027148,0.2261222284,1,-0.1683037823,0.2153412341,1,-0.2824875938,0.3830312585
0.8898601954,-0.2406501598,-0.3876033193,1,-0.1835972937,0.5127529411,1,-0.1552955102,0.520699634,1,-0.1738832741,0.5525895347
0.8059072765,-0.332675364,0.4897351978,1,-0.6995321871,-0.4428636423,1,-0.6734818803,-0.4050186343,1,-0.5487441195,-0.3546526771
0.8371412075,-0.1957427969,0.5107635031,1,0.232147716,-0.08034369096,1,0.1989004794,-0.05865331884,1,0.471610296,0.06515392218
0.8398437593,-0.2891405245,-0.4594129049,1,0.4266456637,0.7068726313,1,0.4274565577,0.6733769815,1,0.3910388066,0.5114862676
0.8389708576,-0.1481445838,0.5236230346,1,-0.450753328,-1.120225627,1,-0.3380518776,-1.066906259,1,-0.361354639,-0.8541118859
0.8650626131,-0.2218721123,-0.4499327075,1,-0.6175723055,-0.2823275363,1,-0.5992742322,-0.266151675,1,-0.5641905344,-0.2244198313
0.8484902214,0.5290961221,0.01102895109,1,0.08848594899,-0.6381334672,1,0.1013574201,-0.6446718253,1,-0.1205371943,-0.5911368322
0.8561944953,0.5165544238,-0.01012489218,1,0.201991897,0.04381256482,1,0.17721729,0.06069435307,1,0.4672071709,0.09464698615
0.8418248927,-0.2652513018,-0.4700772244,1,-0.4409146468,-0.06805393946,1,-0.4160226037,-0.076733832,1,-0.4817610986,-0.04553027373
0.828088067,-0.2246880096,-0.5136004787,1,-0.04581503369,0.186721895,1,-0.02463605443,0.1780513098,1,-0.0851977397,0.3786065122
0.8705851356,-0.3316411275,0.3634496998,1,-0.6213402452,0.1444778108,1,-0.6383908205,0.1469269318,1,-0.5157659671,0.2915773526
0.832802746,0.5527807974,0.02954617067,1,-0.4779608054,0.1449267895,1,-0.4656204869,0.1399919187,1,-0.4426921095,0.3143894786
0.8936911513,0.4475160881,-0.03233383643,1,0.4622030544,-0.5301163162,1,0.4539249345,-0.5688486751,1,0.4662394894,-0.4025826664
0.8698517667,-0.3183049058,-0.3768817996,1,0.1993093089,-0.04689775863,1,0.1689665298,-0.02664854896,1,0.4609932194,0.07347366355
0.8094137579,-0.2865542226,0.5125778438,1,-0.3634957163,0.237734928,1,-0.3369512969,0.2340062279,1,-0.3796524755,0.3643028741
0.792937124,-0.3285450385,0.5131363123,1,0.4404646017,-0.7867908808,1,0.4533707725,-0.8557108129,1,0.4040812435,-0.6101508211
0.9225323466,-0.1718342295,0.3455532766,1,-0.4315869062,0.2096025244,1,-0.4134233006,0.2069090242,1,-0.4150003018,0.3463391472
0.8376418834,0.5399458713,0.08255017424,1,0.05045735577,-0.2042566201,1,0.02780583469,-0.1853342491,1,-0.1350382699,-0.4497673893
0.8577534625,-0.2793562394,-0.4315310987,1,-0.5521433485,-0.207574931,1,-0.53153842,-0.2023974978,1,-0.5269330167,-0.1959810052
0.8421402334,-0.2330361408,0.4863064717,1,1.527649784,-0.1457724683,1,1.522016555,-0.0404864329,1,1.349075881,0.0314007788
0.8385413468,-0.3047744731,0.4516203385,1,-0.07653689074,-0.07705273782,1,-0.07371396845,-0.07356488387,1,-0.1567215651,-0.3775301211
0.8187803138,-0.2478258026,-0.5178621142,1,0.1813023343,0.01771992227,1,0.1564385263,0.03463129097,1,0.4582629166,0.08844868579
0.8352701604,-0.3101663591,0.4540050537,1,-0.6045115382,-0.185040445,1,-0.5942760348,-0.1770536143,1,-0.5836159815,-0.1383903833
0.813837966,0.5810910244,0.0009932251217,1,0.3594722124,-0.003134402252,1,0.3290428059,0.02067453579,1,0.5127159577,0.08383728414
0.8447801825,0.5350127006,-0.01038525515,1,-0.07128156529,0.3151502665,1,-0.0404004058,0.3044154163,1,-0.1057367814,0.4575255341
0.8767294141,0.4800446464,-0.03004449728,1,0.4891946197,-0.03517260966,1,0.4695427587,-0.01181221024,1,0.5528832386,0.07086717421
0.9039830413,-0.1306171228,0.4071287613,1,-0.2845958708,0.1366283217,1,-0.2518861124,0.1238981213,1,-0.3531128338,0.3291470703
0.8449579517,-0.2419417086,0.4769803659,1,-0.7806673445,0.01400782617,1,-0.8308771975,0.02536489067,1,-0.706740436,-0.01682095807
0.855130008,-0.2743324379,-0.4398799642,1,-0.4039869263,0.5405745256,1,-0.3928821907,0.5776575211,1,-0.3270582304,0.5313554322
0.8616898959,0.5074079,0.005267470912,1,0.4427094513,-0.6454014792,1,0.4436790529,-0.6991065751,1,0.4515778908,-0.4856207685
0.8790671837,-0.1934249163,0.4356921945,1,-0.4208875628,0.2032117373,1,-0.4009830508,0.1994344859,1,-0.4105486111,0.3448172239
0.8503703595,-0.3598588525,-0.3838904244,1,0.3537583712,0.3824585124,1,0.3439929773,0.3822566655,1,0.5170128212,0.1838506492
0.9030518132,-0.1704276423,-0.3942738154,1,-0.1252514619,0.4635057776,1,-0.09304205105,0.4612893568,1,-0.1424640354,0.5281976797
0.8382026663,-0.2087587784,-0.5038214591,1,0.1838908358,-0.1384504341,1,0.1513508073,-0.1175060913,1,0.4302484361,0.02757739073
0.8551191422,-0.1758225648,-0.4877065494,1,0.5198446679,0.07760384616,1,0.504152175,0.1026964872,1,0.5621771751,0.101336211
0.8615331508,-0.2664792608,0.4321451535,1,-0.2762754754,0.3257763484,1,-0.2441304641,0.3251466463,1,-0.3097273173,0.4198188694
0.8226517934,-0.4073022596,0.396672278,1,0.2989255123,-0.6515017717,1,0.3094124481,-0.6917664916,1,0.1993183671,-0.5559531102
0.8844021707,-0.2937999216,0.3626491508,1,0.03991205936,0.0156443578,1,0.03297510302,0.0223515956,1,0.328084397,0.07078026687
0.8404820915,-0.2115677304,0.4988275748,1,-0.2077829041,-0.7580050559,1,-0.1692265503,-0.7305602772,1,-0.2586593414,-0.641430034
0.8794711037,-0.262421297,-0.3970713295,1,0.3281843802,-0.3281126015,1,0.3036365168,-0.3267641473,1,0.4185751582,-0.1939309751
0.8166356982,-0.254330203,-0.5180948603,1,-0.161765287,-0.4044005817,1,-0.1587324022,-0.3828893257,1,-0.2265471284,-0.5256911316
0.8520988628,0.5211166804,0.04863058178,1,0.4169255075,0.3408570731,1,0.4013980421,0.3476753634,1,0.5394095707,0.1672142899
0.9066888605,0.4214106479,-0.01812114902,1,-0.7267153714,-0.01924111917,1,-0.7607790778,-0.009640773332,1,-0.6713216799,-0.02296990307
0.857269415,0.5147441391,-0.01129696251,1,-0.2399798918,-0.1358198101,1,-0.2192621454,-0.1390035258,1,-0.2387665624,-0.4382441936
0.8613504627,-0.3162554744,0.3975649071,1,0.186616242,-0.1770719083,1,0.1536668634,-0.1565095457,1,0.3939750559,-0.02382847331
0.8735348955,-0.2627671189,0.4097441,1,0.3344202978,-0.2799085772,1,0.3070239039,-0.2730603192,1,0.4522356295,-0.1180962956
0.8555709633,-0.2686110013,0.4425454289,1,-0.1707870698,-0.1714352168,1,-0.1606539731,-0.1676411376,1,-0.2135813224,-0.4654256475
0.8256746744,0.5628596091,-0.03808401828,1,0.2337300602,-0.1125140581,1,0.1997488456,-0.09094951079,1,0.4691801551,0.05347873238
0.9057145088,0.423734146,-0.01142812761,1,-0.3966280108,0.5723487778,1,-0.3867207355,0.6129062817,1,-0.3026044571,0.562539262
0.8866966005,0.4583917558,0.0603832491,1,0.3441627218,0.1688293948,1,0.3205358229,0.1865076864,1,0.5115431583,0.122726235
0.8184449916,-0.3709454001,0.4388021261,1,-0.2577511653,0.4828979685,1,-0.2313535412,0.4967970987,1,-0.2244869779,0.5304517277
0.8366083414,-0.3529511458,-0.4189414897,1,0.2721666845,-0.4409219403,1,0.2566851094,-0.4490616378,1,0.2441654397,-0.3907735647
0.7888064498,-0.2173710823,0.5749210357,1,0.3484256841,-0.2132805809,1,0.3186705499,-0.2000331847,1,0.4939347302,-0.01763952373
0.8627709497,-0.1751648699,-0.4742821488,1,0.3491209095,-0.6886916125,1,0.3612921666,-0.7394813092,1,0.2849905097,-0.5621291079
0.840983104,-0.2205658083,-0.4940628938,1,-0.1876830667,-0.0238520407,1,-0.165928456,-0.03174120146,1,-0.2899758042,0.05471105407
0.8327180515,0.5532853299,-0.02135393201,1,0.4226733085,0.8052854832,1,0.4254350158,0.7621745893,1,0.3511118483,0.6183583262
0.8820699514,0.4708113464,0.01700814399,1,0.05330238415,-0.3287979943,1,0.03128396,-0.3088079211,1,-0.1516922632,-0.4943148625
0.8103122253,-0.3864206444,0.44053738,1,-0.1013916443,0.2705738852,1,-0.06995353416,0.2596886945,1,-0.1469936193,0.4334346471
0.8118642515,0.5812799917,-0.05468096968,1,0.07077226564,0.499162413,1,0.09619706219,0.4844410373,1,0.03373778969,0.5193526045
0.8456876868,0.5128927194,0.1474903208,1,-0.5452529235,-0.3792762239,1,-0.5102023718,-0.3607099331,1,-0.3437979027,-0.4958246143
0.8890917732,-0.2062378594,-0.4086340224,1,0.1523780131,-0.2254701469,1,0.1213670101,-0.2055347659,1,0.0588044384,-0.3352207453
0.829730395,-0.3084930659,0.4651660993,1,-0.1483448248,0.06838565152,1,-0.124314637,0.05847462096,1,-0.2764951951,0.2947437339
0.8489678748,-0.2627119199,-0.4585149885,1,-0.1317849087,-0.01245758146,1,-0.1158000348,-0.01747261998,1,-0.2101902078,0.06091769271
0.8826403987,-0.2175312865,-0.4166846122,1,-0.1481321362,-0.4301966846,1,-0.1462374511,-0.4072796042,1,-0.2249909267,-0.5313757724
0.8219028373,-0.2693211435,-0.5019380915,1,0.2835071956,0.4414202483,1,0.2846531949,0.4321073843,1,0.4262267615,0.2775328138
0.8291002937,-0.3411475157,-0.4429571939,1,-0.3231857418,-0.4939024222,1,-0.2968381749,-0.4685794915,1,-0.2667873031,-0.5585830599
0.851586716,0.5240936999,-0.0112186835,1,0.03415577653,0.7890602546,1,0.04868134733,0.7850150715,1,-0.07199382959,0.66854414
0.8506780441,-0.3108931057,-0.4239013354,1,-0.3142850936,-0.2873497544,1,-0.2905800317,-0.2802674433,1,-0.2534661455,-0.5025554056
0.8564817175,-0.2120004039,0.470632443,1,0.1637107791,-0.2664910108,1,0.13341801,-0.2482397465,1,0.02995473901,-0.3861948656
0.8340095141,-0.316931147,-0.4516445266,1,0.3129283293,0.1728985485,1,0.2905389237,0.1887336548,1,0.5034757681,0.1232221774
0.8204340592,0.5713603651,-0.02086355011,1,0.3624029727,0.1734072908,1,0.3388060865,0.1916106915,1,0.5165316322,0.1240579645
0.838889346,-0.3421226043,-0.4233400392,1,-0.2170757927,0.1819321616,1,-0.1832269535,0.1698562925,1,-0.3060324729,0.357707411
0.8611898461,-0.2264106681,-0.4550717068,1,-0.1503520157,-0.2836878622,1,-0.1481453142,-0.2696660614,1,-0.215698918,-0.4964657243
0.8849467468,-0.2084718155,0.4164237714,1,-0.1247202439,0.2104180265,1,-0.09416635303,0.1990492716,1,-0.2034702023,0.3932737976
0.8112724675,-0.3415119683,-0.4745593314,1,-0.2575487034,-0.0167690151,1,-0.2297385071,-0.02809344054,1,-0.366047901,0.1350526878
0.8858818039,-0.1766539698,0.4289601432,1,0.1635525374,0.7724951054,1,0.1808227136,0.7500594403,1,0.1009142824,0.6478201923
0.8063871084,0.5900765876,0.03936308185,1,0.1577103849,0.2995051474,1,0.1618003202,0.2956295051,1,0.3770437671,0.2276128699
0.887861169,0.4595647024,0.02242384664,1,-0.9929979528,0.1830117148,1,-1.091332751,0.1855119321,1,-0.8103149547,0.10917503
0.8314580253,-0.2585092676,0.4917829915,1,-0.05247756823,0.07303519269,1,-0.04005808694,0.06889532526,1,-0.08181566245,0.2515252432
0.8238747498,0.5667445124,0.005572650006,1,-0.6424486813,-0.2883669676,1,-0.6276906834,-0.269283305,1,-0.5899211964,-0.2104986995
0.8729758685,-0.2305057366,-0.4298607197,1,-0.01681301559,-0.2007184303,1,-0.03087771006,-0.1848811025,1,-0.168835345,-0.4626045419
0.8888068514,-0.1892584302,0.4173770807,1,0.246412355,-0.0420724639,1,0.2139926708,-0.0203263903,1,0.4785480788,0.07595276674
0.8541959066,-0.3521984236,0.3824991812,1,-0.4709525098,-0.1414222536,1,-0.4458317066,-0.1453120466,1,-0.4744640542,-0.1787548822
0.8166036446,-0.2866832178,-0.5009702788,1,0.2497807172,0.1603571028,1,0.2304515336,0.1732640387,1,0.4858546856,0.1201871087
0.8161541261,-0.2234983282,0.5328610886,1,0.06214721812,-0.4352495701,1,0.0470224497,-0.419705126,1,-0.1503247036,-0.523791338
0.8514366133,0.5224822243,-0.04547547503,1,-0.4691347883,0.2809800704,1,-0.4586241411,0.2873477714,1,-0.4268575882,0.3710360783
0.840718628,-0.3041472226,0.4479806418,1,-0.2783467739,0.3779812706,1,-0.2480051852,0.3827274082,1,-0.2904107251,0.4516711403
0.8535438858,-0.26580794,-0.4481171432,1,-0.1054632637,0.101194832,1,-0.08373098413,0.09239316102,1,-0.2211567808,0.3198960948
0.8568058912,-0.3474624726,-0.3809901506,1,0.8762733845,-0.6072232103,1,0.8403043438,-0.6350814878,1,0.6640552629,-0.5203228367
0.8530416857,-0.2304055526,0.4682234123,1,0.01515448567,0.3793643301,1,0.04142614108,0.3675060855,1,-0.01358749075,0.4747077471
0.8664290839,-0.275378809,0.4164938825,1,0.0856277572,-0.05282150448,1,0.06636737278,-0.03850578001,1,0.360695184,0.04307080646
0.8821942282,-0.2557345259,-0.3953899291,1,0.1870923959,-0.2650367928,1,0.156180696,-0.2477202465,1,0.15015666,-0.3015473096
0.8366138354,0.5430692639,0.07178485191,1,0.04226633676,-0.5830293684,1,0.04639923825,-0.5768014808,1,-0.1595832422,-0.5713418885
0.861639029,-0.2174750792,-0.4585659971,1,0.5334693556,-0.2681867316,1,0.5187509769,-0.2677131702,1,0.542768247,-0.1103783159
0.8245504289,0.5634122538,0.05179983153,1,-0.2512235334,-0.2366245784,1,-0.2334631058,-0.2317939243,1,-0.236987847,-0.4874917026
0.8808667925,0.4730022921,0.01850744751,1,-0.227786037,-0.3146389311,1,-0.2152594821,-0.301805852,1,-0.2350469773,-0.5077620145
0.8693071157,-0.2913035597,0.3993086208,1,0.2334950832,-0.3916886054,1,0.212249323,-0.3892360581,1,0.1616342842,-0.3950863974
0.8899855788,0.455585232,0.01917722409,1,-0.001372932853,0.1865110756,1,0.0140420276,0.1801153219,1,0.0311078197,0.3425554386
-0.8309680734,0.4177878989,0.3673490608,-1,0.2204360251,-0.4878412287,-1,0.2132746507,-0.4587418542,-1,0.1866932299,-0.5655903929
-0.8833474144,0.2785774709,0.3769508432,-1,0.1118676678,0.6622382949,-1,0.1218589673,0.6548474123,-1,0.214817614,0.5839176131
-0.8607735691,-0.4975857124,0.107132262,-1,0.5921794161,-0.2062069943,-1,0.5833271162,-0.1999771223,-1,0.5572239945,-0.1322485232
-0.8699490588,0.1948194323,-0.4530276194,-1,-0.4075495643,0.1473051791,-1,-0.3947314621,0.1479693739,-1,-0.552781021,0.1828075906
-0.8208537773,0.09438999903,-0.5632846566,-1,-0.02161324448,-0.0461181965,-1,-0.007874950443,-0.04662593304,-1,-0.03824560435,-0.1761340536
-0.8800946147,0.07022532554,-0.4695762694,-1,0.7233900412,-0.5404132918,-1,0.6887694029,-0.4878982586,-1,0.4296147665,-0.5204513239
-0.8517442623,0.4414528692,0.2822252221,-1,-0.2611212728,-0.2599237648,-1,-0.2471113709,-0.2467702647,-1,-0.2010707074,-0.2983717485
-0.8480306696,0.3072641997,0.4317785254,-1,0.2791746576,0.2663535776,-1,0.2714620698,0.2444340891,-1,0.3992076299,0.3578639686
-0.826517421,0.3936127112,0.4024151916,-1,-0.3131260833,0.1405460129,-1,-0.295219052,0.1400454672,-1,-0.5301079349,0.1778247221
-0.8279733889,0.09632957573,-0.5524316067,-1,-0.6325661959,0.1103645355,-1,-0.6510896468,0.1106567554,-1,-0.620058468,0.1822611463
-0.838676026,-0.4893524421,0.2390746973,-1,0.008795498755,-0.2213833394,-1,0.02702484189,-0.2085624103,-1,0.1129012887,-0.4715940123
-0.8563424908,0.4227936149,0.2965182922,-1,-0.3188501022,-0.3258634091,-1,-0.3160955612,-0.3191957248,-1,-0.2403447443,-0.345853781
-0.7903886803,0.07058107012,-0.6085261265,-1,0.2402813462,0.2184862459,-1,0.2277912907,0.1929803616,-1,0.3872751874,0.3423966012
-0.8521533691,0.06952788528,-0.5186525897,-1,0.4466471937,0.007156760065,-1,0.4369439943,-0.00892563422,-1,0.4723979564,0.1802626827
-0.8284373709,-0.5571213884,0.05750896456,-1,-0.4563539171,-0.2024579034,-1,-0.462244887,-0.1941418529,-1,-0.5536620905,0.07222875043
-0.8226887258,-0.5495764549,0.145426891,-1,-0.2724489211,-0.003466239842,-1,-0.2514616584,0.005753883733,-1,-0.5126994614,0.1475987511
-0.8616258626,0.3209488222,0.3931828155,-1,0.02005204271,0.04654820252,-1,0.02328388931,0.03413192005,-1,-0.02716392826,0.01272508623
-0.8160037477,-0.02537707145,-0.5774892969,-1,0.243891824,0.05223690876,-1,0.2283771881,0.02910056487,-1,0.3803305726,0.2736734139
-0.8049267175,0.06067513498,-0.5902639304,-1,0.2465249578,0.21137839,-1,0.2339457253,0.1860070351,-1,0.3891295054,0.3403312098
-0.8704511465,0.3719185459,0.322476971,-1,0.6743162573,-0.9142853862,-1,0.5886169051,-0.8303967732,-1,0.3738565788,-0.7946748428
-0.834597975,0.1992424921,-0.5135646497,-1,0.05671101177,0.4787668382,-1,0.04937231318,0.4519246576,-1,0.2038383435,0.4877149818
-0.8494972612,0.1292922989,-0.5115055274,-1,0.1852118661,-0.5617284852,-1,0.1762647328,-0.52911322,-1,0.1837091711,-0.5872143133
-0.8017266764,0.1241071071,-0.5846638028,-1,-0.2611593324,-0.03584698612,-1,-0.2396409546,-0.02494914111,-1,-0.5071715338,0.1393044868
-0.820005698,-0.5320582802,0.2109612327,-1,-0.3814240915,0.06457730868,-1,-0.3674029935,0.07072215787,-1,-0.5438147795,0.1654723441
-0.8845787786,-0.410918171,0.2206051704,-1,-0.3729920306,-0.1824080354,-1,-0.367101679,-0.1705980264,-1,-0.528049403,0.08241244567
-0.7971959607,0.1449352535,-0.5860651606,-1,-0.02337816257,0.2651614931,-1,-0.02866090692,0.2387143247,-1,-0.007014823785,0.3508657423
-0.9134514902,0.06300678519,-0.4020404457,-1,-0.1374728943,0.1931268386,-1,-0.1289690947,0.1784529116,-1,-0.4800130049,0.1824871451
-0.8928439374,0.3223384193,0.3145276567,-1,-0.4724080727,1.08120249,-1,-0.4603713683,1.026225175,-1,-0.3381477287,0.8558096042
-0.8979790312,-0.4204988874,0.1296701398,-1,0.4363330113,0.2734361757,-1,0.446644996,0.2642095029,-1,0.4468344394,0.3605140682
-0.8684134133,0.3328475248,0.3675196171,-1,-0.03320307651,-0.2050495073,-1,-0.01207977512,-0.1916961711,-1,0.09288526344,-0.4569932801
-0.8527799659,0.310286547,0.4201054493,-1,-0.009517987315,-0.385291491,-1,0.005851029677,-0.3648720242,-1,0.1155240312,-0.5235889159
-0.8677414248,0.08625921104,-0.489473358,-1,-0.01282900547,0.1432260089,-1,-0.0124903982,0.1247110673,-1,-0.08690774813,0.1654890712
-0.8267755549,0.06242612948,-0.5590573853,-1,-0.2000160478,0.04736340194,-1,-0.1795705029,0.05012624616,-1,-0.4925171694,0.1520233306
-0.8572152336,-0.4702998876,0.20976191,-1,0.3954263404,-0.3212896163,-1,0.3726092515,-0.3125135455,-1,0.2161639119,-0.5246611167
-0.8362532503,-0.511606079,0.1973315013,-1,0.1063908145,-0.5621815518,-1,0.1016777022,-0.5342712737,-1,0.1624261762,-0.5854439112
-0.8683338434,-0.4657182378,0.170595602,-1,-0.1350393731,0.3286887373,-1,-0.1349890089,0.3028339481,-1,-0.4245188895,0.2656110493
-0.8299940963,0.1018281885,-0.5483984137,-1,-0.3000415807,-0.166174592,-1,-0.2847767423,-0.1520370917,-1,-0.4993882224,0.08231670829
-0.902009286,-0.04840924208,-0.4289939315,-1,-0.3385335813,0.1341562608,-1,-0.3213274419,0.1348667767,-1,-0.5357450494,0.1776612272
-0.831998971,0.123256487,-0.5409117771,-1,0.5526130569,-0.3023200683,-1,0.5302479424,-0.2905858321,-1,0.4276044027,-0.3255105986
-0.8046269316,0.360135235,0.472099686,-1,0.2698376074,-0.2172324924,-1,0.2578128037,-0.218039361,-1,0.1801593366,-0.4896915924
-0.8390866195,0.1886821227,-0.5102280878,-1,-0.4788463812,-0.04876423601,-1,-0.4805327405,-0.0396864478,-1,-0.5692228899,0.1416255666
-0.9003449165,-0.4216836149,0.1075265559,-1,0.02895395737,-0.6237739225,-1,0.01586166102,-0.6057762595,-1,0.1329371609,-0.6102953659
-0.8508663775,0.3206133921,0.4162132392,-1,0.04646590062,0.3774709354,-1,0.03618539873,0.3475839343,-1,0.2189316658,0.4331462328
-0.8638077798,-0.4577846161,0.2104028631,-1,0.05718863337,-0.2894611361,-1,0.07163926746,-0.2733194476,-1,0.1343045344,-0.4990386356
-0.8659154148,-0.4918319265,0.09105959814,-1,0.07703749118,-0.4426044411,-1,0.08480738714,-0.4182100632,-1,0.1486250482,-0.5450119413
-0.8699717343,0.3340461398,0.3627152574,-1,0.3715907192,0.990394557,-1,0.4424721883,1.049468739,-1,0.2653933084,0.8548279813
-0.8864354221,0.3184723722,0.3358684126,-1,0.1825775066,0.2142190411,-1,0.1690889394,0.1869736326,-1,0.3678691056,0.3395856754
-0.8580246933,-0.5004571215,0.1154828784,-1,-0.5758178687,-0.2425271518,-1,-0.5969097336,-0.2391804472,-1,-0.5867888285,0.03755918214
-0.8376320296,0.4120166318,0.3586291651,-1,-0.1763273654,-0.02899480624,-1,-0.1537063417,-0.02124781847,-1,-0.4679918016,0.12619588
-0.8761387894,-0.4673516899,0.1181660684,-1,-0.1170536032,0.2495605934,-1,-0.1138666855,0.2287334424,-1,-0.4537315322,0.2110684663
-0.8796048737,-0.4701098928,0.07274582384,-1,-0.5520216288,0.1654697105,-1,-0.5562295469,0.163855433,-1,-0.5935810534,0.1924450251
-0.8493563134,0.09738890378,-0.5187574138,-1,-0.2486461568,-0.008716326466,-1,-0.2267869002,0.0002733602972,-1,-0.5047947439,0.144605037
-0.8584806095,-0.4991139572,0.117882572,-1,0.4470618268,0.09126514309,-1,0.443314438,0.07484212056,-1,0.4546915595,0.2938374657
-0.832864935,-0.5465820645,0.08708643339,-1,0.7955671781,-0.09404323031,-1,0.8427828594,-0.07437780815,-1,0.7091461497,-0.06157940597
-0.8779694386,-0.4667762728,0.1062524166,-1,0.1927362517,-0.03972351226,-1,0.182614536,-0.05521072796,-1,0.1797026625,-0.2194791762
-0.8666549951,0.1222948886,-0.4836869647,-1,-0.1600022523,0.4034381226,-1,-0.1618905535,0.3738189556,-1,-0.3866065891,0.3284364967
-0.8601784574,-0.4778432896,0.1782100221,-1,0.003571446348,-0.1788485345,-1,0.02124464794,-0.1691236788,-1,0.1049197669,-0.4516368674
-0.876399898,0.04849974156,-0.4791356738,-1,-0.1172285317,0.01589929902,-1,-0.09915352958,0.01648961605,-1,-0.428478526,0.1187475148
-0.8857554044,0.1023932985,-0.4527173246,-1,0.2034365951,-0.2668274661,-1,0.2004214214,-0.2590546319,-1,0.1671051768,-0.5035095556
-0.8191796227,-0.5217320281,0.2382025117,-1,-0.9799481522,0.8046642932,-1,-1.016673346,0.7282680463,-1,-0.8826990979,0.4891162877
-0.8476205771,-0.5190014176,0.1103489275,-1,0.4116687404,-0.26541736,-1,0.389167212,-0.2630384502,-1,0.2359870021,-0.48320811
-0.8078337947,-0.5356809777,0.2458667329,-1,0.2626398184,-0.4812419122,-1,0.2510013793,-0.4527192076,-1,0.1953014669,-0.5666498066
-0.8359973998,0.2395817627,-0.493668843,-1,0.01110147879,-0.5528963259,-1,0.008613888255,-0.5336406212,-1,0.1252695408,-0.5817145924
-0.8429432281,0.05628263899,-0.5350504451,-1,0.01551376402,-0.6584493256,-1,-0.003839630489,-0.6444557721,-1,0.1242072325,-0.626154004
-0.8657385352,-0.4564828064,0.2052321516,-1,0.2366539103,0.330025539,-1,0.230373627,0.3082812207,-1,0.3847949324,0.3782275679
-0.8516097945,0.1771124246,-0.4933476938,-1,0.07109896013,0.1915127142,-1,0.06194765593,0.1656650506,-1,0.3032310445,0.3253144124
-0.8542336645,-0.4889228727,0.1767463464,-1,-0.2788896802,0.3993198174,-1,-0.2726534192,0.3743519315,-1,-0.5226321374,0.2467961321
-0.8113309448,-0.5167569429,0.2733209834,-1,-0.3345653698,0.1408031187,-1,-0.3172803141,0.1408812515,-1,-0.5351185725,0.1787676535
-0.8518557161,0.398665194,0.3397173857,-1,-0.04380058845,0.3028342156,-1,-0.04921568552,0.2750713388,-1,-0.1047545044,0.3676288135
-0.8361006799,-0.5148787586,0.1893027129,-1,0.04200765913,-0.02744483641,-1,0.04767115998,-0.03453136559,-1,0.03403836394,-0.1994849563
-0.8069997099,0.06949237486,-0.5864488708,-1,-0.1181169539,0.4925998541,-1,-0.1250589533,0.4592470574,-1,-0.1612932353,0.4947322751
-0.9186554423,0.128032427,-0.37373771,-1,0.3165009674,0.3533708366,-1,0.3194953558,0.3397092957,-1,0.4089972575,0.3862955925
-0.8552808317,0.4148204104,0.3105136487,-1,-0.02668203265,0.4249155531,-1,-0.03567651528,0.3935150129,-1,0.03838039681,0.4828669979
-0.8245328511,-0.5249595332,0.2110996588,-1,0.06301139731,-0.1687576501,-1,0.07410986653,-0.1634271811,-1,0.1241806935,-0.4575876452
-0.8104537019,0.4207125055,0.4076343763,-1,0.6376158338,-0.3246128406,-1,0.6218301079,-0.3033794295,-1,0.559320382,-0.2320126524
-0.818079867,0.08000602522,-0.5695123942,-1,-0.5162929708,-0.2896839526,-1,-0.5333366122,-0.2876835888,-1,-0.5279417239,-0.07879429935
-0.8086107667,0.4280351772,0.4036514772,-1,0.2787570686,0.1159153078,-1,0.2637313213,0.09126189102,-1,0.3970707764,0.3095962179
-0.9110770458,0.1118511606,-0.3967718922,-1,0.4062911691,-0.3109502929,-1,0.383005946,-0.3033885099,-1,0.2212143755,-0.5180000757
-0.8507195477,0.4091130414,0.3300041978,-1,0.009463478884,0.293643365,-1,0.001054531061,0.2649618251,-1,0.1584999938,0.3907088461
-0.8282415563,0.4433149631,0.3427648872,-1,0.09151661733,0.5383006843,-1,0.08949054414,0.5177514156,-1,0.2289616989,0.5115286101
-0.8605454518,0.1832566145,-0.4752668079,-1,-0.1231002013,-0.2449281008,-1,-0.09994892631,-0.228357401,-1,0.03691642377,-0.4510773815
-0.8109953943,0.0524493698,-0.5826967771,-1,-0.3054306281,0.3776951617,-1,-0.2966903195,0.3556177664,-1,-0.5368110287,0.2319602213
-0.8519020392,0.3724310324,0.3681820769,-1,-0.4152957374,-0.09585501434,-1,-0.4104758584,-0.08454554986,-1,-0.5510489288,0.1292472411
-0.8404728626,0.4679420793,0.2731951276,-1,-0.3304673722,0.08425382509,-1,-0.3125507857,0.08862952339,-1,-0.5317660839,0.1678014396
-0.8139047105,-0.5759584785,0.07636067847,-1,-0.5409818919,0.2927496006,-1,-0.5392772474,0.2821044269,-1,-0.5958111262,0.2215761308
-0.8506662287,0.4491530449,0.273182191,-1,-0.2628768282,-0.26013692,-1,-0.2490569817,-0.2470580742,-1,-0.2063258675,-0.2939088186
-0.8550351584,0.07700112485,-0.5128213184,-1,0.3053221946,0.4651298176,-1,0.3182815542,0.4599593676,-1,0.399384404,0.4287557572
-0.8111803843,0.3819391028,0.442841852,-1,-0.3897951252,0.4762533756,-1,-0.3819118015,0.448588983,-1,-0.56175773,0.2621377192
-0.8229868172,0.2108083313,-0.5274964893,-1,0.139385089,0.1112606922,-1,0.1281323693,0.08733294907,-1,0.3402179011,0.2945801083
-0.8537458033,0.3908856954,0.3439861573,-1,-0.1101276246,0.1271466922,-1,-0.0995702899,0.116760373,-1,-0.4580743044,0.1592547245
-0.8316357934,0.02205929205,-0.5548831362,-1,-0.6133928076,-0.05307532192,-1,-0.6335763126,-0.04712211541,-1,-0.6117156515,0.1404882369
-0.8696371168,0.1518081788,-0.4697718191,-1,0.6717405926,-0.1056418212,-1,0.6889760233,-0.09814286864,-1,0.6254978184,-0.04032106217
-0.8605599537,0.02947758039,-0.5084954654,-1,-0.2102516396,0.4145720541,-1,-0.2092574534,0.3858649398,-1,-0.4571576299,0.2934541334
-0.8867272202,0.2953759846,0.3556232061,-1,-0.6132555392,-0.09849900769,-1,-0.6345136127,-0.09235854838,-1,-0.6117198734,0.1281058887
-0.8651457086,-0.4680364412,0.1801798897,-1,-0.102870703,0.2246748687,-1,-0.09935096989,0.2050595727,-1,-0.446333569,0.2001217675
-0.8519485537,-0.4695702436,0.2317055204,-1,-0.01717070419,0.3887733426,-1,-0.02617864067,0.3578252237,-1,0.06068491031,0.4595860101
-0.8472003498,-0.5294790044,-0.04362970598,-1,-0.4051913077,0.5264767521,-1,-0.3984934698,0.4950111808,-1,-0.5624172526,0.285994359
-0.8585577581,0.1263445157,-0.4969060669,-1,0.4816910791,-0.8442959192,-1,0.4185281212,-0.7799291204,-1,0.2925728585,-0.7229521336
-0.8338404651,0.05585184423,-0.5491726962,-1,0.001773376712,0.08122083789,-1,0.0046388347,0.06700366965,-1,-0.07423490923,0.06764891313
-0.8867780304,0.1443336527,-0.439081452,-1,0.09147624622,0.28851936,-1,0.0799271692,0.2595752696,-1,0.312369749,0.371118177
-0.8606870949,-0.4485946152,0.2407916026,-1,-0.09226642498,-0.2144248757,-1,-0.06860863705,-0.1989269993,-1,0.05716978186,-0.4444018852
-0.8660716488,0.07156131357,-0.4947715408,-1,0.2220193833,0.1176445005,-1,0.2070358108,0.09221336666,-1,0.3777695027,0.3075296477
-0.8609693179,0.3549419539,0.3643460483,-1,-0.07776521651,-0.1408002509,-1,-0.05529858984,-0.129833614,-1,0.03349405369,-0.3739938081
-0.8294610501,-0.5378201315,0.1508107176,-1,0.6195424133,-0.08709819504,-1,0.6280971567,-0.08593461236,-1,0.5895749043,-0.01465730596
-0.8594033931,0.09540852912,-0.5023176491,-1,0.2559224093,-0.07945962609,-1,0.2418189692,-0.09392401672,-1,0.2001416574,-0.3487720951
-0.793566543,-0.5775587606,0.1915150641,-1,0.2518104342,-0.1981021813,-1,0.2412413222,-0.2003482768,-1,0.1750987149,-0.4825263413
-0.8818960752,0.3386035285,0.3280350026,-1,-0.0215171629,-0.05885663425,-1,-0.007026657809,-0.05817508325,-1,-0.01071097215,-0.2239918894
-0.848001974,0.3316744429,0.413382046,-1,-0.2456695035,0.1814001984,-1,-0.2297561457,0.1743668013,-1,-0.5164452784,0.1826349972
-0.8205270558,0.4185515782,0.3892941394,-1,-0.8068825152,-0.02439010421,-1,-0.8483622865,-0.0196405719,-1,-0.6941699031,0.1516473212
-0.8536300522,0.08718348728,-0.5135316674,-1,-0.1593068594,-0.3846853667,-1,-0.14717173,-0.3724563293,-1,0.01092019684,-0.5083163482
-0.8683045834,0.06302671501,-0.4920109589,-1,0.1171653578,-0.4735264035,-1,0.1202009659,-0.4468603303,-1,0.1613578066,-0.5560453466
-0.8077565839,0.1123930736,-0.5787029447,-1,0.8258934487,-0.3065109315,-1,0.8521652002,-0.2636217294,-1,0.7358547066,-0.1716607333
-0.8600455473,0.4439370328,0.2514787616,-1,-0.2169014806,-0.1780208597,-1,-0.1951363351,-0.1626662248,-1,-0.3340520629,-0.06313598824
-0.8464064069,-0.5301800105,0.05005347904,-1,-0.6694095111,0.4081719261,-1,-0.6812776081,0.3857672938,-1,-0.6496535613,0.2656538939
-0.8207119871,0.1417927279,-0.553467846,-1,0.08567381759,-0.7724792027,-1,0.04661556169,-0.7549358223,-1,0.1583275114,-0.6797308521
-0.8703135443,0.1302266802,-0.4749687847,-1,-0.3546159132,-0.09182663745,-1,-0.3421393577,-0.07915193041,-1,-0.5337100187,0.129467095
-0.8485002294,0.3400295314,0.4054963359,-1,0.4527721573,0.1661930632,-1,0.4558184685,0.1521968072,-1,0.4532476573,0.3271423373
-0.8388585499,0.420725592,0.3454074542,-1,-0.1915076449,0.02418888816,-1,-0.1703779309,0.0284759449,-1,-0.4862853747,0.1454271039
-0.8238105399,-0.5588939834,0.09472966582,-1,-0.6298887286,0.6244041458,-1,-0.6267364617,0.5842182027,-1,-0.6569423748,0.3237441199
-0.8896054389,-0.4482831948,0.087431918,-1,-0.7936278541,1.107853561,-1,-0.7758005768,1.019329004,-1,-0.6054600901,0.8573752652
-0.8365215224,0.4665892622,0.2872737422,-1,-0.2463545924,-0.06510656387,-1,-0.2242394395,-0.05295213975,-1,-0.4989243426,0.1295153568
-0.8436320594,-0.4835734108,0.2333274622,-1,0.6590614338,0.1289330918,-1,0.6959963074,0.1297224956,-1,0.5403866978,0.2846900412
-0.826019427,0.388033262,0.4088056921,-1,0.1180546272,1.038654627,-1,0.167914098,1.075623811,-1,0.1820342809,0.8556191379
-0.8610418097,-0.4730053975,0.1867428603,-1,0.6538335448,0.2515629212,-1,0.6984369841,0.2561374008,-1,0.5272051902,0.3477712835
-0.8278066096,0.1675379853,-0.5354131494,-1,0.302928557,-0.4973081868,-1,0.2859401957,-0.4674209324,-1,0.2053252605,-0.5747262873
-0.8249396577,-0.5445326274,0.1515215457,-1,-0.1827343053,0.1295055519,-1,-0.1670475492,0.1237612289,-1,-0.4947743639,0.1682917433
-0.846197592,-0.5313003853,0.0408599541,-1,0.1679816641,0.4417364569,-1,0.1648021693,0.4212685933,-1,0.332306559,0.4334910864
-0.8590573612,-0.479961219,0.1779260475,-1,0.4263086302,-0.5779381187,-1,0.391661492,-0.5390935951,-1,0.2418404524,-0.6132063481
0.5541991763,0.8036911395,0.2166652379,-0.3089114348,1,0.1198514422,-0.2793257672,1,0.1215809033,-0.5069384366,1,0.187016272
-0.1911086406,0.8702907594,-0.4539509682,0.5088752978,1,0.3731479504,0.5175165099,1,0.3561416496,0.5317525422,1,0.3198370492
-0.4656237748,0.8293246006,0.3088935208,-0.2668274174,1,-0.1141119698,-0.2300600652,1,-0.1000601187,-0.4616473667,1,0.0823167285
0.5182263497,0.8135258599,0.2638505748,0.1156459016,1,0.1512390998,0.1033710455,1,0.1163066951,0.340042591,1,0.23261375
0.5217901309,0.8354276515,0.1726143056,0.9644165468,1,0.9081476456,0.9686771358,1,0.9242679305,0.7837772165,1,0.6071631386
-0.2968061392,0.8613679643,0.4122515566,0.1001890896,1,-0.490093051,0.1109703891,1,-0.4635883584,0.0545838816,1,-0.5709436184
-0.3857459628,0.8814130512,0.2726005966,-0.4156525657,1,0.1476186961,-0.3917623711,1,0.1536120083,-0.5337735334,1,0.2004240014
-0.3863455917,0.8447972312,0.3702090246,-0.2213550028,1,-0.2821710956,-0.1875247263,1,-0.2689378999,-0.0781054204,1,-0.4935200451
0.4807399156,0.8567903722,0.1865459507,-0.1187690306,1,0.204150761,-0.1076718096,1,0.180930942,-0.4120750678,1,0.2467865882
0.4554540502,0.8579599643,0.2376264041,0.02882783329,1,0.3164094069,0.01592692622,1,0.2747594796,0.04062187221,1,0.3924599817
0.5086696271,0.8211233148,0.2588662055,0.2610056338,1,0.02810400672,0.2421961268,1,-0.002362902999,0.4209188664,1,0.1337325261
-0.1074112313,0.8356008134,-0.5387338007,-0.0008236017024,1,0.3981870549,-0.01497189535,1,0.3537336765,-0.1082011829,1,0.473049417
0.4925505198,0.8462528519,0.2031011967,0.1247916015,1,0.5676281122,0.1120525302,1,0.5305650225,0.06934637054,1,0.5264288435
0.4357870457,0.896602351,0.07870117485,-0.03464604156,1,0.04834317959,-0.0196670871,1,0.03415744491,-0.1790582758,1,0.008298223407
-0.4108930447,0.8969222267,0.1633934671,0.2137549773,1,0.1742879543,0.193743037,1,0.136039967,0.3952088043,1,0.2403445371
-0.4251915519,0.8606961907,0.2800253765,0.4446171262,1,-0.3873433418,0.4178758917,1,-0.3693912312,0.2017191422,1,-0.5131605004
0.5264552376,0.8255827669,0.2031205991,0.4890445564,1,0.5552872714,0.5033889262,1,0.5512548988,0.5274772558,1,0.3935725854
0.01192631124,0.8133457588,-0.5816583532,-0.07714493605,1,0.06889715877,-0.05854056105,1,0.05626768374,-0.3693851254,1,0.1152311768
-0.3404778434,0.8541252781,0.3931219243,-0.3612448821,1,-0.1386333323,-0.3321705484,1,-0.1228001031,-0.4989575097,1,0.09394092063
0.5027181957,0.840527514,0.2019601791,-0.4213960957,1,-0.01034228852,-0.397375489,1,0.005533625206,-0.5303868743,1,0.1578717865
-0.3678722552,0.8924195751,0.2612609917,0.0437595396,1,-1.12064509,-0.06573324361,1,-1.155853852,-0.1690434624,1,-1.019595196
-0.4226690968,0.8514500736,0.3104570933,0.05503579999,1,0.3770634426,0.0385273073,1,0.3330595954,0.06085147708,1,0.4229735609
0.5414284719,0.8075643011,0.2338698556,0.2972616874,1,-0.8430547095,0.2484195045,1,-0.7986823436,0.1263733508,1,-0.7218850842
0.5119147266,0.8420326261,0.1700716594,0.4273646794,1,0.004053532189,0.4093853686,1,-0.02211959206,0.5053459347,1,0.06384455658
0.4260055297,0.8682974535,0.2541236331,-0.1112249884,1,-0.2387446864,-0.07497242631,1,-0.2235199415,-0.009722077753,1,-0.4957585899
-0.4801644964,0.8305048513,0.282318523,-0.04559875848,1,0.9007503873,-0.04369654364,1,0.86396922,-0.1712188651,1,0.7451601414
-0.02460653855,0.848864046,-0.5280382085,0.4785079238,1,0.3187696931,0.4805215749,1,0.2965717641,0.5157690863,1,0.2986150847
-0.4541230152,0.8327100941,0.3168062283,-0.4307405743,1,0.06121801372,-0.4076298547,1,0.07413857152,-0.5347343868,1,0.1779468854
0.0001899158269,0.8825381286,-0.4702408059,-0.0256048474,1,0.1275851058,-0.01890326965,1,0.1041216024,-0.06684635551,1,0.1961982616
-0.4658657901,0.8098982446,0.3564181519,0.2461856562,1,0.219040668,0.2254569697,1,0.1802385523,0.410713288,1,0.2563494147
-0.4193544286,0.8819322395,0.2152612094,-0.01632966756,1,0.09887814356,-0.00830730894,1,0.07761935068,-0.008115450349,1,0.1420374345
0.4794675967,0.8640653125,0.1533034882,0.7596842884,1,0.1716759406,0.8067553197,1,0.1640505691,0.631192545,1,0.2541032983
0.4885520875,0.8524995762,0.1859067785,0.05149748452,1,-0.2712221044,0.07417654561,1,-0.2575345313,0.05146026101,1,-0.5119578996
-0.07444724111,0.8684141277,-0.49021884,0.5812116553,1,-0.04012515187,0.5799773621,1,-0.05211001577,0.5886454727,1,-0.003463608728
0.5162977779,0.8310582748,0.2068302406,-0.1775190509,1,-0.1766041676,-0.139157871,1,-0.162629458,-0.07524038193,1,-0.4302384445
-0.3407908082,0.8787374279,0.3341888056,0.02545811543,1,-0.127523163,0.04574313414,1,-0.1269712794,0.04425574339,1,-0.4699209607
-0.0564038469,0.8514450886,-0.5214018289,-0.6032464563,1,0.1994049914,-0.6020960311,1,0.2099064869,-0.590089946,1,0.2277762029
0.455570671,0.8413185531,0.2909268909,-0.2032615086,1,-0.5759959015,-0.2018535331,1,-0.5888211017,-0.1041744586,1,-0.6340536235
-0.4158539192,0.8839989301,0.2135682784,0.0443763178,1,0.3682073,0.02858953259,1,0.3243953568,0.03537358454,1,0.4251335569
-0.04652172351,0.8845912919,-0.4640409202,0.0782570437,1,0.1447050709,0.07042722996,1,0.112145279,0.3088903853,1,0.2308067397
-0.4247882701,0.8327467124,0.355088494,0.003479204459,1,-0.5250136414,0.01501988223,1,-0.5062531504,0.009860746179,1,-0.589289111
-0.06131672997,0.8725383,-0.4846825494,-0.2360467767,1,0.5111368484,-0.2379787624,1,0.4672644975,-0.3162137972,1,0.5144062209
0.4313556707,0.8587452728,0.2765661618,0.9266180624,1,0.371646075,0.994788645,1,0.3594890091,0.7271209416,1,0.362669596
-0.1662462553,0.8144147698,-0.5559593198,-0.3233813901,1,-0.04867817924,-0.2900207789,1,-0.03494765242,-0.5013249501,1,0.1386661076
-0.4921467518,0.8335090077,0.2511061704,0.1394507943,1,0.09805808255,0.127721821,1,0.06612087248,0.3554627685,1,0.2052168144
-0.4183930728,0.8769143718,0.2365764595,-0.8269816288,1,-0.2566676854,-0.8394281576,1,-0.2241388695,-0.6655059782,1,0.08193798299
-0.3746539892,0.8744110763,0.3082850273,-0.2395467329,1,-0.02420044792,-0.2035206522,1,-0.01552115451,-0.4758354668,1,0.1346321451
-0.401364927,0.8395240666,0.3662042285,0.4479390147,1,0.1063179244,0.4357376622,1,0.07759895462,0.4948972725,1,0.2098411903
0.4531762161,0.8585180207,0.2399544232,-0.1207627299,1,0.4875066062,-0.1306269298,1,0.4411689985,-0.2483465742,1,0.520415631
-0.4432421825,0.8475284437,0.2919450372,-0.4172032631,1,-0.1067624829,-0.3937856887,1,-0.08963737073,-0.5245683398,1,0.1240777811
0.4817927515,0.8661480243,0.1329035162,1.172553334,1,-0.3486796562,1.288143858,1,-0.250801526,1.023251223,1,-0.213436407
0.5055021924,0.8431987303,0.1829847937,0.06816291703,1,0.1914403969,0.05843361471,1,0.1557943123,0.287368508,1,0.2586145656
-0.3866175954,0.8662804917,0.3163620468,0.5690727886,1,0.1564927386,0.5779012913,1,0.1362928824,0.54280714,1,0.2445337564
-0.4092334965,0.8656024897,0.2885485663,-0.1088616373,1,-0.5903682933,-0.1080665175,1,-0.5917642136,-0.06483647019,1,-0.6301460479
0.4467361005,0.8754070478,0.1846330341,0.284922358,1,-0.2148245977,0.273037285,1,-0.2191467742,0.1522028075,1,-0.462364739
-0.4013522986,0.8586226098,0.3188785762,-0.02995407001,1,-0.4660037165,-0.01058996699,1,-0.4479676374,0.005426559894,1,-0.5694200722
-0.409999598,0.8465150964,0.3395769739,0.1019431835,1,0.1911032423,0.08888079408,1,0.1540302107,0.3251462802,1,0.252406813
0.4690702041,0.8245115801,0.3164708484,-0.2366013051,1,-0.9807505915,-0.2981472758,1,-1.048198633,-0.2548150151,1,-0.9381280563
-0.4986791451,0.8163975225,0.2912287685,0.3724178029,1,-0.007722784999,0.3517540949,1,-0.03521169159,0.4790092842,1,0.04963339889
0.4765626285,0.8509628219,0.2207947845,-0.13789335,1,0.143486574,-0.1191325511,1,0.128404106,-0.4509884564,1,0.1888863846
-0.04319677857,0.8805795565,-0.4719255057,-0.3297891849,1,-0.5912741614,-0.3317623561,1,-0.6196308566,-0.1600839325,1,-0.6545538185
-0.4377565024,0.8617680085,0.2563691558,0.1019258063,1,-0.1446334805,0.1121300132,1,-0.1476029077,0.06986466885,1,-0.4771781024
0.4943801863,0.859912741,0.1270366454,-0.008195447014,1,0.3052637743,-0.01734653001,1,0.2655269169,-0.08548811811,1,0.4083483711
-0.4841434567,0.790213815,0.3757222909,-0.2252886002,1,-0.1638518003,-0.1873410199,1,-0.1495030694,-0.2234049604,1,-0.2546159605
-0.4804318804,0.8093101604,0.3379382675,0.01450174164,1,0.4213277561,-0.001095244953,1,0.3761911845,-0.08281403751,1,0.4831679016
0.5458209321,0.8214595126,0.1651780228,-0.2034691235,1,-0.1460847409,-0.1650468423,1,-0.1325875029,-0.2181795068,1,-0.2396077249
-0.4606025199,0.8554223063,0.2368501561,0.9176637497,1,-0.783214497,0.8650256303,1,-0.6661064709,0.6741288753,1,-0.5481690113
0.07800055718,0.8304632447,-0.5515856345,-0.2450156606,1,-0.3442680735,-0.2169325163,1,-0.3357039771,-0.09004365897,1,-0.5207964171
0.519873245,0.84452628,0.1284802378,-0.3420030185,1,0.05586784006,-0.3112917915,1,0.0648012097,-0.5120308233,1,0.1715204856
0.4843534063,0.8666122992,0.1199370699,0.279519056,1,0.5140483789,0.2729550424,1,0.4882870955,0.3835688636,1,0.3878727214
-0.4741508024,0.8281096106,0.2990242288,-0.3710346032,1,0.3896330263,-0.3554043391,1,0.3674286924,-0.5162199276,1,0.2942471971
0.4335748627,0.8718143538,0.2279310663,0.09852852526,1,-0.06905321294,0.1039889242,1,-0.08088687135,0.08000488716,1,-0.4287411661
-0.4452147893,0.853392011,0.2711196544,0.564531784,1,0.4087176886,0.5819609956,1,0.3972019409,0.558256652,1,0.3369645922
-0.3559864239,0.8826942639,0.3067971681,0.3728198209,1,-0.1735385706,0.3523716523,1,-0.1847637247,0.4038120016,1,-0.2019811858
-0.058338292,0.8366364964,-0.5446430176,0.2095806603,1,0.4710397114,0.1958532255,1,0.4362713712,0.3170653224,1,0.3858572237
-0.3923168993,0.8457588347,0.3616344067,-0.2280677679,1,-0.07220629433,-0.1906575717,1,-0.06116441002,-0.4578933602,1,0.1030606188
-0.390267158,0.8579797957,0.3340093046,-0.2854420423,1,0.3609195307,-0.2725924387,1,0.3354540797,-0.4643155618,1,0.3196245029
0.4188988359,0.8744619693,0.244622218,-0.7021185091,1,-0.5065278659,-0.7001472596,1,-0.5136644718,-0.4575582472,1,-0.4676219431
-0.02089992431,0.8415901208,-0.5397122027,0.334478438,1,0.4881453298,0.3306339285,1,0.465720021,0.4427324907,1,0.362134479
-0.5017196849,0.8184544714,0.2800172066,0.1716184831,1,-0.1624428651,0.1725029198,1,-0.1679014706,0.09501357504,1,-0.4766057537
-0.4446652498,0.8198813474,0.3606485711,-0.3092397411,1,-0.08152955594,-0.274851183,1,-0.06719904789,-0.4928981921,1,0.1226189541
-0.4831220863,0.8609229325,0.1593886886,0.2040122068,1,0.1429765052,0.1850892681,1,0.1061165329,0.3904903134,1,0.2281070705
-0.03886188725,0.8899581277,-0.4543834116,-0.3132466012,1,-0.2789958402,-0.2851872217,1,-0.2685430474,-0.1844943598,1,-0.4249166224
-0.3847763049,0.8699655011,0.3083945884,-0.2752082762,1,0.4701673003,-0.2711533301,1,0.4323172812,-0.3586860635,1,0.4696126226
-0.07318681342,0.899711265,-0.4303060887,0.02110827778,1,-0.1665729966,0.04417535052,1,-0.161515292,0.0436022112,1,-0.4836580248
-0.436392948,0.8490522285,0.2977776153,0.4264973378,1,0.1201400163,0.4125228253,1,0.08988399465,0.485541519,1,0.2199252551
0.4410965756,0.8358084887,0.3268913905,-0.3219365727,1,-0.08132628107,-0.2884713022,1,-0.06664009195,-0.4973497598,1,0.1248930821
-0.4142952758,0.8619299055,0.292294821,-0.02084313733,1,1.130458243,0.007244750686,1,1.113684262,-0.1251985112,1,0.8901200081
-0.4307624237,0.8679087206,0.2473422469,-0.1101880731,1,-0.003081032503,-0.0820000912,1,-0.005204409858,-0.3739119501,1,0.06508401617
0.4097728219,0.8920462511,0.190629799,0.05748642953,1,-0.09252055901,0.07078998442,1,-0.09839592459,0.05598797388,1,-0.4535087299
0.4331147775,0.8701268663,0.2351400136,0.1395617146,1,-0.6179533876,0.1339344935,1,-0.5881865274,0.05914072744,1,-0.6165871851
-0.4958476762,0.8419521187,0.2127244975,0.36935893,1,-0.06909901952,0.3485038317,1,-0.09165188359,0.4686976628,1,-0.04523851683
-0.3217185993,0.8793650048,0.3510189899,0.09834486722,1,0.02120110265,0.09694518791,1,-0.000890027085,0.289713896,1,0.07997434131
0.4201302597,0.8522114674,0.3118111283,-0.3251550497,1,0.04955510127,-0.2934311677,1,0.05799656076,-0.5074913356,1,0.1686565011
-0.397315366,0.8694411497,0.2936198002,-0.04208204437,1,-0.2324083745,-0.01004851251,1,-0.2186498259,0.02195735628,1,-0.4996498332
-0.3892692825,0.8840495407,0.258700281,-0.06308862795,1,-0.01216472271,-0.03938862089,1,-0.01724597715,-0.187768472,1,-0.1126496912
-0.3791908627,0.8537918002,0.3567265781,-0.8491841446,1,0.2196371529,-0.8850857924,1,0.2416755114,-0.6992394641,1,0.2622280319
0.5125191944,0.8425304528,0.1657302373,-0.7512452966,1,0.2972928394,-0.7714147535,1,0.3043152928,-0.6552679373,1,0.2756858888
-0.4490427892,0.8411123856,0.3014805603,0.3670287139,1,0.5748570959,0.3719021399,1,0.5623822049,0.4475484219,1,0.4065208633
-0.1089059131,0.8445765578,-0.5242422532,0.158374761,1,0.3221665265,0.1390734995,1,0.2804685389,0.3424539938,1,0.3054694179
-0.09306163085,0.8600243789,-0.5016947285,0.1139165301,1,0.003015363757,0.1117434411,1,-0.01822148532,0.2795589852,1,0.004607891867
-0.258449029,0.8735185632,0.4125159624,0.1766324476,1,-0.2323865198,0.1803622193,1,-0.2292453025,0.08875506246,1,-0.5005332148
-0.4542404203,0.8227415547,0.3417045137,-0.1179743579,1,-0.3695747302,-0.08826699591,1,-0.3545627823,-0.02096886118,1,-0.5386478779
-0.3892077784,0.8423471227,0.372784965,0.1901275472,1,-0.02462710855,0.1800506122,1,-0.04763697835,0.3342887159,1,-0.06470071607
0.4530304621,0.8614915613,0.2293375027,0.1355858157,1,0.2204772958,0.1186185311,1,0.1809520934,0.3478609714,1,0.2616214153
0.02523513424,0.8811638455,-0.4721371256,0.01888112082,1,-0.4191583202,0.04069123248,1,-0.3975086908,0.03170493762,1,-0.551807963
0.4856616954,0.8552820016,0.1806250686,-0.2691790656,1,0.4569556145,-0.2647233755,1,0.4200577098,-0.3618859655,1,0.4590800001
-0.3809903936,0.8393594129,0.3877139356,-1.190269644,1,-0.08437425992,-1.219743582,1,-0.002452883643,-0.9051703076,1,0.1934188246
-0.3590057067,0.8766554165,0.3202970234,0.6014711034,1,-0.5195224366,0.5609396323,1,-0.4760660667,0.299640773,1,-0.5402958245
-0.4410662596,0.8455077088,0.3009605773,0.6080284992,1,0.07965825832,0.6199828812,1,0.06404287058,0.5754284553,1,0.149791001
-0.06849774524,0.8698066254,-0.4886148722,0.08119231285,1,0.1234038067,0.07447609124,1,0.09248165127,0.3125398635,1,0.2181638727
-0.4908523135,0.8367753638,0.2426334618,0.1456796223,1,0.2011316945,0.1286578611,1,0.1623189729,0.3569770911,1,0.252621439
0.5284088488,0.8128408946,0.2450995073,-0.8793690375,1,-0.1192861116,-0.9034075996,1,-0.07610751325,-0.7002116159,1,0.1528087627
-0.4923293735,0.8234407309,0.2820587717,-0.470140903,1,-0.825120321,-0.4864025557,1,-0.8916330171,-0.2673446957,1,-0.8394723717
0.5336068595,0.8034112997,0.2641855465,0.2582584106,1,-0.5207674809,0.2503476771,1,-0.4880467357,0.1104075126,1,-0.5795684502
-0.3561163277,0.8886528065,0.2889244724,-0.4263453611,1,-0.2068721258,-0.4064336098,1,-0.1927704641,-0.4840457538,1,0.004787305663
0.5113301407,0.8178052108,0.2640759823,0.738519045,1,0.3744651912,0.7807863013,1,0.3658221996,0.6325330759,1,0.3412258825
-0.4405717391,0.8474455623,0.2961968291,0.5144735193,1,-0.3494748842,0.4862961024,1,-0.3340717932,0.4476527575,1,-0.2848281102
0.4177989291,0.8699970987,0.2618188365,-0.2224756895,1,-0.1080027129,-0.184437714,1,-0.09542986652,-0.4243317422,1,0.04920138299
0.4515352717,0.8726269471,0.1861131635,0.1086914755,1,-0.3244029001,0.1246728187,1,-0.3078061974,0.06604949083,1,-0.5247794243
-0.05071399728,0.8411767246,-0.5383770133,-0.4236379988,1,-0.1643387859,-0.4022264288,1,-0.1483116699,-0.5145711263,1,0.08239770298
-0.1779068521,0.8829867452,-0.434377209,-0.039413801,1,0.1888516102,-0.03635536708,1,0.1604409909,-0.1666629162,1,0.2904656874
0.5053697731,0.8248713854,0.2533546722,-0.01935253919,1,0.4384078833,-0.03371546481,1,0.392795822,-0.1481664663,1,0.5003432165
0.4552177135,0.8784006449,0.145564901,0.2602482664,1,-0.04100028137,0.2439618999,1,-0.06527767324,0.3955215131,1,-0.05446293549
-0.461301748,0.8163220003,0.3475904043,-0.06343374943,1,-0.1926879859,-0.03015465007,1,-0.1809338645,0.01251342755,1,-0.4854837682
0.4584393051,0.8604736579,0.2223026937,-0.3712855337,1,-0.5163316489,-0.3659447725,1,-0.5362017545,-0.174383349,1,-0.6015895226
0.5049528552,0.8323552916,0.2284891301,-0.3597043078,1,-0.2765183961,-0.3356435546,1,-0.2669150615,-0.2586430703,1,-0.3562009161
-0.1111665224,0.8792494777,-0.4632087654,0.169056084,1,0.09380064237,0.1546068944,1,0.06092906956,0.3724232295,1,0.2037451541
-0.4621175842,-0.8838432451,0.07258413419,-0.07205083052,-1,-0.561857394,-0.08904684874,-1,-0.5220390379,0.09059779141,-1,-0.5580444831
0.3390726966,-0.8693297502,0.3595768234,-0.1541045121,-1,1.034478852,-0.1857569171,-1,1.06990918,0.05975605775,-1,0.8907536997
-0.5117955394,-0.8572200341,0.05691343451,-0.1917045833,-1,-0.07167933108,-0.1844170959,-1,-0.08165365152,-0.4258928781,-1,-0.08454421532
0.1854031043,-0.8870739684,-0.4227593447,-0.4089301495,-1,-0.2841272828,-0.3943893601,-1,-0.2800070856,-0.5514395519,-1,-0.1348306866
-0.5292926011,-0.8455924727,0.0694457524,-0.2140739556,-1,-0.0604549058,-0.2035772855,-1,-0.0733438432,-0.4400416773,-1,-0.08047047029
-0.5405387631,-0.8412812167,0.00798498777,0.4210126934,-1,0.1140470414,0.3959915224,-1,0.1372859448,0.4908040447,-1,0.1839390509
0.3280795293,-0.8418468673,0.4285530008,-0.2740509081,-1,-0.1223688354,-0.2622562918,-1,-0.1328136599,-0.4768125426,-1,-0.09579274897
0.2511783547,-0.8104108373,-0.5292860369,-0.07828000765,-1,-0.2596240064,-0.100663165,-1,-0.237371763,0.04627179906,-1,-0.4135981937
0.3127329219,-0.8185149854,0.4819038683,0.0472906682,-1,0.2951235815,0.05759426747,-1,0.2729999285,0.2200173936,-1,0.493754196
-0.5613049801,-0.8205715066,0.1076992197,-0.2180933254,-1,0.326958554,-0.1974038161,-1,0.3015935655,-0.2484304759,-1,0.310234292
-0.5409522268,-0.8370952927,0.08149944384,-0.0457581317,-1,0.4669743449,-0.02591964932,-1,0.4388314847,0.1971814338,-1,0.5538048358
0.3253714739,-0.8419334692,0.4304433034,0.1941621155,-1,-0.2129843571,0.15770885,-1,-0.176745837,0.2298616092,-1,-0.4153477302
0.3184621289,-0.8666819031,0.383984832,0.159544761,-1,-0.1372502311,0.1244813755,-1,-0.1064522207,0.2218941335,-1,-0.3894270233
0.4173935969,-0.7874466674,0.4535530082,0.720126478,-1,0.3132993089,0.7212771524,-1,0.3226057697,0.6534097721,-1,0.2462228269
0.3452024825,-0.8730551959,0.3443978383,-0.1729580656,-1,-0.1484517623,-0.1743315885,-1,-0.1479933013,-0.4046369529,-1,-0.1143767538
-0.4871381929,-0.8730551982,0.02170257643,0.1003131493,-1,0.02010819509,0.08040378935,-1,0.03063280267,0.1974934711,-1,0.2225449629
0.1677420981,-0.8024251831,-0.5726922507,0.2852313467,-1,-0.3436718615,0.2600207352,-1,-0.3099963218,0.2591627335,-1,-0.4514891502
0.1185934996,-0.8829105701,-0.4543176279,0.3942020593,-1,-0.03862363981,0.3684088586,-1,-0.003399465337,0.4786816634,-1,-0.003757277397
0.2651842392,-0.8382818072,0.4764041677,0.051253625,-1,-0.191063933,0.01920172507,-1,-0.1646227303,0.1643308851,-1,-0.4149404221
0.2207337762,-0.8134043411,0.5381913953,-0.004992500382,-1,-0.02434283055,-0.01687973605,-1,-0.02053106539,-0.1730255645,-1,-0.09790126735
0.3667591619,-0.8495445146,0.3791593793,0.399414223,-1,0.8698845624,0.4009553592,-1,0.8254577135,0.3309400865,-1,0.7063411152
-0.4865391378,-0.8674420823,0.10403798,-0.02200678376,-1,0.6254389447,-0.007189111658,-1,0.6024117327,0.2083703757,-1,0.6192668365
0.1964897613,-0.862731881,-0.4659243234,0.3337740122,-1,0.08386991318,0.3055237142,-1,0.1064858708,0.4455190833,-1,0.1939290321
0.3138061513,-0.8758146104,0.3667076051,-0.3810929078,-1,0.1181129274,-0.3635932767,-1,0.09231443594,-0.5115370081,-1,0.00762603135
-0.5345469045,-0.844287611,-0.03792145475,-0.966742727,-1,-0.2251346077,-1.038906894,-1,-0.1955795439,-0.8794386367,-1,-0.1420925217
0.2326441932,-0.8609880776,0.4523010166,-0.5242616463,-1,-0.183723922,-0.5124734693,-1,-0.1907732096,-0.6056184707,-1,-0.1139710999
0.2558595265,-0.8349941549,-0.4871556876,-0.1269100993,-1,-0.3760580013,-0.1475880767,-1,-0.3451120179,0.02776761214,-1,-0.4660493027
0.3757845432,-0.8582636943,0.349527407,0.5100370894,-1,0.1199062062,0.491840839,-1,0.1448610569,0.5378074563,-1,0.1638699926
-0.5674577567,-0.8210135688,0.06267706215,0.120379615,-1,-0.09861734085,0.08909472025,-1,-0.07401093727,0.2043908742,-1,-0.3739904823
0.1520922394,-0.8358657793,-0.5274432194,0.5486498313,-1,0.06628199382,0.5357256871,-1,0.09652224453,0.5587684302,-1,0.1234047446
-0.5246669744,-0.8475738512,0.07964378602,-0.1688998889,-1,-0.1013235155,-0.1667898481,-1,-0.1060479889,-0.4083803141,-1,-0.09658447472
0.1942560359,-0.8320842634,-0.5195193656,-0.7217186083,-1,-0.09593609402,-0.7473002197,-1,-0.09835583473,-0.7197464315,-1,-0.09759222131
0.3222344343,-0.8861980167,0.3328934433,0.3333722592,-1,0.3304667106,0.3165309725,-1,0.3250435354,0.2929479804,-1,0.5027179314
-0.5100960426,-0.8508255278,0.126087067,-0.1327462242,-1,-0.1110997146,-0.1361850578,-1,-0.1112534098,-0.3711996428,-1,-0.1096423351
0.313494282,-0.8606466894,0.4012587834,-0.1768909303,-1,0.2078773195,-0.1547930227,-1,0.1810194613,-0.240432541,-1,0.243562716
-0.4987151791,-0.8509840791,0.164648921,0.2983875,-1,0.1411727856,0.2727794462,-1,0.1553935145,0.3730103219,-1,0.3166270236
0.3439266104,-0.8047700046,0.4837971954,-0.1371737012,-1,-0.4110114395,-0.1569699659,-1,-0.3772725123,0.02374615722,-1,-0.4832776533
0.2937333437,-0.8402514733,0.4557391627,0.1018702238,-1,0.3401136067,0.1094519075,-1,0.3177531814,0.2384693854,-1,0.5103505153
-0.4076144195,-0.9129599104,0.01883313587,0.3253173692,-1,-0.08191454441,0.2949277267,-1,-0.04594883764,0.3901696445,-1,-0.1885510026
0.191689093,-0.8758844406,0.4428111768,-0.06181784124,-1,0.2184000014,-0.0459021997,-1,0.195197958,0.07542158266,-1,0.4059762027
0.1903747564,-0.8211210803,0.5380684192,-0.2194079028,-1,-0.02879075615,-0.206156274,-1,-0.04505261205,-0.4416595706,-1,-0.07024544508
0.2680100472,-0.8632186218,0.427813307,-0.5963537035,-1,0.3804666968,-0.6172636006,-1,0.3775720894,-0.568736282,-1,0.2941854094
0.3148910731,-0.8813985571,0.3521082158,-0.2117282896,-1,0.9311112622,-0.2385797113,-1,0.9602802117,0.03815037691,-1,0.8186976879
0.4096702324,-0.8089271659,0.4216718404,-0.2102573848,-1,0.2406196764,-0.1875816587,-1,0.2133842757,-0.2730863635,-1,0.2496776019
0.2725814501,-0.8564146084,0.4384670701,-0.4934670803,-1,-0.03147073674,-0.4833546626,-1,-0.05114031938,-0.5917910188,-1,-0.07857389775
-0.5462495841,-0.837328039,0.02220691168,-0.1271661242,-1,0.2197387621,-0.1067240848,-1,0.1937406462,-0.1247634905,-1,0.3076571767
0.1379470461,-0.8277076541,-0.543939934,-0.05684506707,-1,-0.4329732887,-0.08364405191,-1,-0.3959301667,0.1036116318,-1,-0.5003744574
0.2587994794,-0.9001883367,0.3502624557,0.1522476066,-1,0.316617787,0.1525754137,-1,0.2995504199,0.2487154459,-1,0.5034559991
0.1229038661,-0.848970182,-0.5139496763,-0.4485912018,-1,-0.3879892989,-0.432740472,-1,-0.3698080289,-0.5736090125,-1,-0.1674422901
-0.6329973261,-0.7740038274,-0.0152466498,-0.2725388821,-1,0.1198900186,-0.2506094878,-1,0.09323489373,-0.4226483208,-1,0.05742135904
0.301173151,-0.8210107305,0.4850114571,0.01101855354,-1,-0.6095305693,0.0003376292911,-1,-0.5791305341,0.1532314948,-1,-0.5759328833
-0.5750774438,-0.8161698283,0.05614930981,-0.3165495517,-1,-0.4737524527,-0.3144208308,-1,-0.4399835393,-0.2663958281,-1,-0.3924003635
0.2044796589,-0.8002966818,-0.5636606161,0.438237422,-1,0.5731448247,0.4272265334,-1,0.5477382471,0.3240244595,-1,0.595054472
-0.5460684221,-0.8332715632,0.08641632022,0.1983277737,-1,0.4874276145,0.2050998418,-1,0.4591609903,0.2643931434,-1,0.5566080894
-0.6089004482,-0.7886957734,0.08484822478,0.4444761775,-1,-0.108482894,0.4251970352,-1,-0.06930305356,0.4380092175,-1,-0.1849255361
0.382016763,-0.8593873106,0.3398773944,0.4951445393,-1,0.1600108305,0.4749563331,-1,0.180807261,0.5244617639,-1,0.1959846464
0.3072755396,-0.8580669842,0.4114642067,0.3241335936,-1,0.07033341025,0.2954425955,-1,0.09383118735,0.4444742394,-1,0.1808312036
0.3165223203,-0.8644280811,0.3906119728,0.02389353541,-1,0.3391200434,0.03879317694,-1,0.3131380121,0.2165284486,-1,0.508207777
0.2720067434,-0.8959828924,0.3510370181,-0.4125164756,-1,-0.01394741561,-0.3955598217,-1,-0.03651672997,-0.5486368661,-1,-0.07234689926
-0.5263293748,-0.8443362029,0.1003681505,-0.1371491365,-1,0.2068266519,-0.1166283864,-1,0.1809489445,-0.1628807967,-1,0.2815724096
0.3082463818,-0.8281644443,0.468110907,-0.4576218957,-1,0.0004397676466,-0.4445045217,-1,-0.02174333322,-0.5730439307,-1,-0.06998190934
-0.4813094192,-0.8419922681,0.2437011767,-0.2602342282,-1,0.3840435735,-0.2447390461,-1,0.363528869,-0.2931370147,-1,0.3273478709
0.3436923163,-0.8556098264,0.3870496309,0.1467666302,-1,0.8061424943,0.1571010259,-1,0.7792195443,0.2532626743,-1,0.6838154614
0.2722499295,-0.8659757908,0.4194829026,0.5097276967,-1,0.3780806224,0.4899377835,-1,0.376187901,0.4223032015,-1,0.4208156858
0.1126483651,-0.8445790526,-0.5234468166,0.3565862476,-1,0.4231537502,0.3437050172,-1,0.4089488164,0.2968025157,-1,0.5391014092
0.254627612,-0.8946914822,0.367003993,-0.1383782064,-1,-0.4051459323,-0.1580210244,-1,-0.3719847637,0.02095876614,-1,-0.4796053999
0.2144387715,-0.7935670036,-0.5694448384,0.5889968427,-1,0.0758162452,0.5804098626,-1,0.105907404,0.5780353103,-1,0.1287481506
-0.4500118368,-0.8898541728,0.07515915084,0.2111590164,-1,-0.01493720561,0.1805385442,-1,0.00965332364,0.38068499,-1,-0.01146056735
0.2740746699,-0.8403726105,0.4676076891,0.06374356802,-1,0.01227197691,0.04712406629,-1,0.01971779591,0.07044724255,-1,0.1330062252
0.2259526317,-0.8474749381,0.4803453314,-0.07824439773,-1,0.04603435497,-0.07378805994,-1,0.03479002479,-0.2758161387,-1,0.05192306413
0.1356069568,-0.8512750793,-0.5068939659,0.2469996938,-1,0.4917860885,0.2492121299,-1,0.4651376434,0.274885852,-1,0.5584236181
0.2164352957,-0.8825742417,-0.4173948619,0.07029217796,-1,0.4660669853,0.08642969406,-1,0.4360961175,0.2357802535,-1,0.5519822736
0.1405944576,-0.8127221704,-0.5654342334,-0.4565540812,-1,0.2195389201,-0.4509580584,-1,0.1996069532,-0.505665937,-1,0.1533090698
-0.4948616256,-0.867218305,0.05517592798,-0.1685428467,-1,0.09674767575,-0.1511977041,-1,0.07450167178,-0.3370627502,-1,0.08060620592
0.1657584208,-0.841767755,-0.5137618053,0.02267322566,-1,0.4183350904,0.04039782895,-1,0.3892922377,0.2215361814,-1,0.5363006089
0.316753898,-0.8511259062,0.4186306963,-0.4524515965,-1,0.03351120907,-0.4395956398,-1,0.01022902316,-0.5703228706,-1,-0.06049850541
-0.5311404555,-0.8309609403,0.1655105198,0.1022416056,-1,0.06707395654,0.08652091295,-1,0.07254155262,0.2093976301,-1,0.3717542119
0.3323415939,-0.8262226703,0.4548682931,0.06421678312,-1,-0.7122928992,0.07374834531,-1,-0.6998680432,0.1829796414,-1,-0.6375840987
0.2822495828,-0.8841302509,0.3723558412,-0.06015337362,-1,-0.6532430446,-0.06520979795,-1,-0.6175004489,0.1001927266,-1,-0.6034022624
-0.5244931263,-0.8331886968,0.1752243021,-0.006834849341,-1,0.1488650347,-0.001595760567,-1,0.1348121835,0.1199080811,-1,0.3984291175
-0.5162408696,-0.8564428429,-0.001010606085,-0.7170756861,-1,0.4376490841,-0.7523993666,-1,0.439803223,-0.6450621861,-1,0.3374166894
0.2651281518,-0.8346617504,-0.4827492367,0.4829949396,-1,-0.3581017505,0.478547421,-1,-0.3274162618,0.3765681371,-1,-0.4070724719
0.3554299402,-0.8770893451,0.3230848779,-0.3787503342,-1,-0.6644758496,-0.3644259538,-1,-0.6100036135,-0.1854278623,-1,-0.6124950018
0.3665021711,-0.8512383308,0.3755921496,-0.2135975806,-1,0.4968662842,-0.2022289023,-1,0.4806013732,-0.101537935,-1,0.4632141609
0.413789826,-0.821604163,0.3921027663,0.07022975082,-1,-0.06293856845,0.0458657706,-1,-0.0467094297,0.1585521408,-1,-0.3410227682
-0.4419007308,-0.8945144333,0.06758456013,0.473763846,-1,0.03600137951,0.4537314617,-1,0.06745797275,0.5248736749,-1,0.1034394181
0.172874002,-0.8437357003,-0.508158093,-0.02751584004,-1,-0.5131016199,-0.05045545436,-1,-0.4753076317,0.1264077176,-1,-0.5326053877
0.1050096654,-0.8460065611,-0.52272925,0.2155457415,-1,-0.2619809569,0.1807341232,-1,-0.224768428,0.2350198878,-1,-0.4301769148
0.3486763608,-0.8351009787,0.4254775562,0.1360272154,-1,0.3704037202,0.1420082714,-1,0.3476104993,0.2475529465,-1,0.5201073091
-0.5012470507,-0.8652761343,0.006971768305,-0.4156107778,-1,-0.3533882828,-0.4016672987,-1,-0.3396661321,-0.555729554,-1,-0.1558330317
0.1583235448,-0.88412317,-0.4396133249,0.02575701498,-1,0.2877327988,0.03773829313,-1,0.2649167921,0.2111093386,-1,0.4894475377
0.1917752377,-0.9109495678,0.3652302603,-0.1165233422,-1,0.1573424579,-0.09960190122,-1,0.134595073,-0.1683439551,-1,0.2478191926
0.257628826,-0.8675736646,-0.4253743345,0.3895764541,-1,0.02224697364,0.3628354303,-1,0.05289285908,0.4878647479,-1,0.09649962291
0.2134536754,-0.8012337604,-0.5589829959,0.2795627607,-1,-0.1714453975,0.2469383737,-1,-0.1333591553,0.2857996721,-1,-0.3716191927
-0.4906857217,-0.8614740655,0.1307285624,0.2116184418,-1,0.07715961334,0.1867031384,-1,0.09204077331,0.3302903945,-1,0.3049126278
-0.4708668723,-0.8806231477,0.05279450949,0.7509813227,-1,0.004460574162,0.7608725785,-1,0.04283777753,0.6568309964,-1,0.1005491542
-0.4609794615,-0.8867419147,-0.03444869718,0.2737750322,-1,-0.3312517476,0.2466769824,-1,-0.2965599315,0.2549373166,-1,-0.448258195
0.1526578577,-0.8539507579,-0.4974572157,-0.3069803976,-1,0.6373479793,-0.3163961515,-1,0.6423995457,-0.2269422902,-1,0.5146628717
-0.4964041687,-0.8680414764,0.00932182661,-0.0887449401,-1,-0.09871067611,-0.09695392227,-1,-0.09579368123,-0.3091459031,-1,-0.1268438779
0.2804409441,-0.8670591002,0.4117783307,0.6553558543,-1,0.3062652507,0.6483730672,-1,0.3152037775,0.6082339618,-1,0.2488872305
0.3058624679,-0.8847836153,0.3515765987,-0.1449652382,-1,0.434423326,-0.1258435254,-1,0.4097545539,0.06004821777,-1,0.4947774261
0.4203028818,-0.7993614159,0.429379569,0.5462692738,-1,-0.1481199513,0.5390905647,-1,-0.1077988225,0.4578509393,-1,-0.2321466178
-0.5767036979,-0.8071954993,0.1258899153,-0.4402527171,-1,0.2805025235,-0.4357800277,-1,0.2634551101,-0.4757724281,-1,0.2204840722
0.3601028987,-0.850047418,0.3843764945,0.3619551436,-1,-0.6849785901,0.3770924299,-1,-0.7015929204,0.2633169762,-1,-0.6504949467
-0.5708498752,-0.8123524121,0.1192223909,-0.2337331204,-1,0.2288129425,-0.2112167917,-1,0.2017046812,-0.3089061099,-1,0.2265595634
0.2375921005,-0.8762963559,0.4191117876,0.4307427444,-1,-0.2432488786,0.4151921337,-1,-0.2045523919,0.3563884843,-1,-0.3684002881
-0.5157353474,-0.8520095479,0.08998211894,0.2187118182,-1,0.2248426624,0.204315514,-1,0.2230195781,0.2642549978,-1,0.4684204268
-0.4656565725,-0.8758624874,0.1266051328,-0.3448745306,-1,0.05101819228,-0.3248149745,-1,0.02556899725,-0.5085017992,-1,-0.04654018176
0.3092778958,-0.8143369615,0.4911237077,-0.215702896,-1,0.1634114477,-0.1935498566,-1,0.1367317876,-0.3253562085,-1,0.1650575824
0.253053488,-0.886996416,0.3862658283,0.2941311234,-1,-0.2533090927,0.2648868307,-1,-0.2151434345,0.277881541,-1,-0.4092462363
0.1835227485,-0.8338485669,-0.5205919403,0.2388422244,-1,0.5651511234,0.2457487709,-1,0.5334876015,0.2753020948,-1,0.582004775
0.2207943268,-0.831859132,-0.5091760498,0.1302767148,-1,-0.1966924881,0.09387048285,-1,-0.1642116659,0.2031690355,-1,-0.4158862501
-0.5362961679,-0.8342010807,0.1284327738,0.02053670485,-1,-0.1685536157,-0.007314651392,-1,-0.1468177222,0.1380704612,-1,-0.4025388664
0.1851926654,-0.8304862942,-0.525353397,-0.2533438088,-1,0.1629736461,-0.2309253945,-1,0.1358853133,-0.3671735312,-1,0.1427626857
0.1268726023,-0.8681101227,-0.4798834834,0.1385443077,-1,0.1375887219,0.1252673385,-1,0.1386641705,0.2379926482,-1,0.4321856392
0.3376657249,-0.8693769764,0.3607846048,-0.7232752597,-1,-0.1548538521,-0.7450531337,-1,-0.1519055243,-0.7177162111,-1,-0.1131072332
0.3021166689,-0.8268908495,0.4743174479,0.6537209698,-1,0.4525109578,0.6417941979,-1,0.445519642,0.5727383797,-1,0.3539624616
-0.5501211088,-0.8343326905,0.03543624182,-0.7531435146,-1,0.37036271,-0.7928524967,-1,0.3660851572,-0.6772665779,-1,0.2828127054
0.3773831269,-0.8721405447,0.3113725195,-0.5143596894,-1,-0.2659783519,-0.4994053052,-1,-0.2640389693,-0.602395531,-1,-0.1338877465
0.1959897695,-0.8446851575,-0.4980913521,0.577572856,-1,-0.0484546518,0.5708049379,-1,-0.01055778057,0.5595080643,-1,0.02534257269
-0.5560291117,-0.8285539393,0.06580270899,0.08078188676,-1,-0.4075695736,0.04843650619,-1,-0.3723330721,0.1839549488,-1,-0.4855118998
0.2421825177,-0.8910685471,0.3838547544,0.2622743706,-1,-0.325754746,0.2338009811,-1,-0.290593061,0.2499962504,-1,-0.4479403347
-0.521690076,-0.8441375346,0.1235770501,0.2813452271,-1,-0.3794436946,0.2583836713,-1,-0.3486203719,0.252871903,-1,-0.4683472757
-0.5134213223,-0.8577721242,0.02501057127,0.5395311532,-1,-0.1665955687,0.5322788004,-1,-0.1262636927,0.4375034156,-1,-0.2736746263
-0.516659867,-0.8554402884,0.03583984973,0.242292072,-1,0.4501829378,0.2423421446,-1,0.426656065,0.2724455242,-1,0.5454271699
-0.5536323216,-0.8292033886,0.07689598654,-0.00411202897,-1,-0.2068943736,-0.03195817462,-1,-0.1837267349,0.1236132037,-1,-0.4144320726
0.2148541702,-0.8416003971,-0.4955264444,0.007443161802,-1,-0.3326957052,-0.02547498476,-1,-0.299204728,0.1462082545,-1,-0.4616054634
-0.5327775475,-0.8445579307,0.05357225598,0.2326082746,-1,-0.3855037256,0.2058357651,-1,-0.3538337307,0.2335917862,-1,-0.4751605244
-0.1221133926,0.5253915497,0.842052278,0.04245423525,-0.2359296962,1,0.05738151073,-0.2169329814,1,0.2273848835,-0.2373403841,1
-0.1255487568,0.5079465449,0.8521900124,-0.3366805772,-0.08046168948,1,-0.3080468115,-0.04845677029,1,-0.4178784873,-0.2535862867,1
-0.2801826757,-0.3426592401,0.8967063697,-0.4160948447,0.1066230603,1,-0.3858919533,0.1333648274,1,-0.4564317127,-0.00273489157,1
-0.4419153336,-0.3610215228,0.8212029579,-0.1759415603,-0.2897977428,1,-0.1447397382,-0.272633887,1,-0.3300400508,-0.3875576243,1
0.4433313823,-0.194066363,0.8750974416,0.6149222709,-0.447752711,1,0.5747646743,-0.4441467436,1,0.6230333714,-0.2572608475,1
-0.4079038797,-0.4033374551,0.8191051961,0.2233324082,-0.08057288907,1,0.2042245979,-0.08599265801,1,0.477221593,-0.163935488,1
-0.4791107807,-0.3351194445,0.8112631002,0.6337592267,-0.4551192894,1,0.5918951377,-0.4516650717,1,0.6307898124,-0.2611936778,1
-0.3421209385,-0.264261966,0.9017310446,-0.1227064718,-0.5112163355,1,-0.09666093753,-0.5260354555,1,-0.3157691073,-0.4463949524,1
0.4140534958,-0.1927913153,0.889601715,0.3374623083,0.2449294287,1,0.3036391469,0.2304236067,1,0.4670946746,0.008500445075,1
0.5120820032,-0.1132636107,0.8514360672,-0.07714131253,0.07411431387,1,-0.08154803437,0.08560649061,1,-0.1194676102,0.3452651223,1
-0.4121567305,-0.4247763747,0.8060346525,0.4494099293,-0.1777737643,1,0.4152322216,-0.1900740754,1,0.5455202483,-0.1868662349,1
0.5151837775,-0.1952119383,0.8345525595,0.1418170382,0.2537043619,1,0.107336154,0.2407116738,1,-0.02559725936,0.4189614783,1
0.4614998256,-0.1345865174,0.8768719293,0.3994638592,0.0533184985,1,0.3632940112,0.03103649371,1,0.5303629619,-0.1377761153,1
-0.08252216585,0.4413306843,0.8935420076,0.0918202354,-0.3168838062,1,0.1060218605,-0.3000743674,1,0.2938112497,-0.264209751,1
-0.4651957098,-0.3536589407,0.811491408,-0.5501362904,0.2668942385,1,-0.5074580512,0.27648712,1,-0.4512228372,0.2559784144,1
-0.1031381482,0.5487289399,0.8296138095,0.2553130015,-0.0713728509,1,0.2323419339,-0.0802173445,1,0.486751495,-0.1635889986,1
-0.07519993655,0.5530628753,0.8297387694,-0.2873865722,0.346324033,1,-0.2835012727,0.3483968679,1,-0.1685113343,0.5395802287,1
-0.4396274807,-0.3714125356,0.8177899526,-0.1855107747,0.4786967919,1,-0.1957209334,0.4802571394,1,-0.1524765864,0.5875550919,1
-0.4358560742,-0.228056661,0.8706432346,0.6912207453,0.3977091352,1,0.6828166377,0.4107111394,1,0.6712820732,0.1176204054,1
-0.3674193443,-0.331783786,0.8688627882,0.1725838258,0.5079296765,1,0.1419103049,0.5225754615,1,-0.04959599259,0.587248316,1
-0.1162617815,0.5364750253,0.8358694548,-0.6387021386,0.01724316962,1,-0.6112820455,0.02062153913,1,-0.5977002017,-0.1291088658,1
-0.1714066198,0.4505206343,0.8761569088,-0.1687321644,0.06478209586,1,-0.1617971329,0.08580057742,1,-0.1657314777,0.2961813135,1
0.5293767447,-0.1505889995,0.8349150948,0.08183000276,0.04803986875,1,0.06415465049,0.04505563781,1,0.2811467218,-0.04604468539,1
-0.1305032128,0.5343965447,0.8350983442,0.06798459543,0.4311848623,1,0.03607599074,0.4326774391,1,-0.1030833913,0.5603014151,1
-0.4843298622,-0.2234809891,0.8458610005,0.7662607936,-0.3203757797,1,0.7144606262,-0.333152236,1,0.6637713058,-0.2313719272,1
-0.408219023,-0.28207433,0.8682115535,-0.3620115409,-0.4937657442,1,-0.3471132442,-0.5263085894,1,-0.3817267085,-0.4476983349,1
-0.105747137,0.4777134047,0.8721281133,-0.1348835538,-0.1334109549,1,-0.1122905236,-0.1051699956,1,-0.3128754947,-0.3279170891,1
-0.4315231719,-0.3233253291,0.8421689164,-0.4857049549,-0.1138129732,1,-0.4629064338,-0.09741968325,1,-0.4873714298,-0.2469665462,1
-0.1976136863,0.4903963556,0.8487992963,-0.1309682054,-0.294284777,1,-0.1006526358,-0.276306549,1,-0.3160209155,-0.3879291098,1
-0.3823912079,-0.411553375,0.8272851889,-0.3071975022,-0.2352549023,1,-0.278548333,-0.2169139591,1,-0.367774679,-0.3675873575,1
-0.1104983727,0.5484609769,0.8288429685,-0.3225302224,0.4128019312,1,-0.3142667563,0.4119732741,1,-0.1761071975,0.5710500895,1
0.4867117084,-0.1774182652,0.8553563422,-0.006505406254,0.267015382,1,-0.03374254777,0.2602706886,1,-0.1165658362,0.481652988,1
-0.1313573422,0.470008893,0.8728326811,0.8360165926,-0.2689528833,1,0.785454607,-0.2848988194,1,0.6935129549,-0.218890505,1
0.3943623013,-0.2456144549,0.8855235259,-0.2355422726,0.1333254636,1,-0.2267300183,0.152744593,1,-0.1777323998,0.3853128166,1
0.5118149985,-0.1490124712,0.8460736911,0.1565857006,0.08043516317,1,0.1299948197,0.06852057606,1,0.4148512047,-0.1008016472,1
0.5230756769,-0.108071521,0.8454066374,0.02771634638,0.2780279825,1,-0.002402191081,0.2696779964,1,-0.109289326,0.4853010459,1
0.5193626698,-0.1773478699,0.8359486529,-0.7098627771,-0.1239428549,1,-0.7137159016,-0.1500316706,1,-0.6299864299,-0.20009683,1
-0.1135653097,0.4714638264,0.8745426123,0.06200131058,-0.09732902999,1,0.06209184414,-0.0862508611,1,0.3895101948,-0.1557044442,1
-0.3861801535,-0.36769312,0.8459708379,0.0996179235,-0.3474160352,1,0.1141256108,-0.3316510128,1,0.2670979759,-0.2900962242,1
-0.1650631885,0.4729895095,0.8654681206,-0.3422791626,-0.8542939642,1,-0.3355473137,-0.9216088265,1,-0.3926734894,-0.5752954072,1
-0.2089696871,0.5264247625,0.8241411525,-0.3791456671,-0.1425045671,1,-0.3517959577,-0.1176179064,1,-0.4246934377,-0.2908876735,1
-0.4327662079,-0.2413765575,0.8685912541,0.4468160152,-0.6528640898,1,0.42560808,-0.6504457648,1,0.5107582094,-0.3911482454,1
-0.09013622699,0.4752248297,0.8752352951,-1.013768322,-0.5922224568,1,-1.094131854,-0.6811013388,1,-0.8610671488,-0.3528044505,1
0.4532603076,-0.2253105876,0.8624327409,-0.4029567551,0.1400421865,1,-0.3747490604,0.1644267855,1,-0.4040625436,0.1094502691,1
0.426368702,-0.1382803894,0.8939173697,0.3096788136,0.3392490326,1,0.277487814,0.3336499054,1,0.3218544541,0.2426558545,1
0.5265596243,-0.1720047601,0.8325558987,0.2650699534,0.5810861297,1,0.2374661204,0.6085846701,1,0.09311468879,0.5776590167,1
-0.3936244654,-0.412010611,0.8217706716,0.6555503645,-0.2303188539,1,0.6097913907,-0.2469791985,1,0.6149465362,-0.2033541501,1
-0.1230907733,0.3846128132,0.9148342175,-0.2449049723,0.06186465061,1,-0.2292522254,0.08855402052,1,-0.2726996433,0.1255854459,1
0.464120923,-0.3344255924,0.8202141744,-0.4488494693,0.2473445416,1,-0.4180941522,0.261369024,1,-0.2963231387,0.3829395736,1
-0.095858275,0.5821674221,0.8073984666,0.2354586272,0.2881810339,1,0.2003108147,0.2762602561,1,0.22725816,0.2496548526,1
0.5567214471,-0.2404235558,0.7951463665,-0.2461928418,-0.5412570655,1,-0.2240999003,-0.5712142078,1,-0.3570570563,-0.4565124907,1
0.4777771974,-0.1894029704,0.8578201819,0.3230464493,-0.3686671782,1,0.312488505,-0.357926265,1,0.5194870715,-0.2189495148,1
0.01044823405,0.520353164,0.8538872403,0.1676310226,-0.2687302541,1,0.1704240616,-0.2551645695,1,0.4551377267,-0.1993374616,1
0.5112158286,-0.08725716659,0.8550114405,-0.05864518295,0.1226410785,1,-0.07016111142,0.1279372561,1,-0.1185803827,0.3958899027,1
-0.329884735,-0.3897507848,0.8598083434,-0.1696232303,-0.4595897735,1,-0.1414835814,-0.4693471146,1,-0.3344146424,-0.4314147077,1
-0.3950381221,-0.3746269609,0.8388083942,0.1212517911,0.1762374023,1,0.09044118399,0.163390684,1,0.0009596604104,0.3311412151,1
0.43114345,-0.1156115414,0.8948459628,0.6189924523,0.1253268252,1,0.5903063319,0.1100852089,1,0.6165388626,-0.08980071635,1
0.495862402,-0.2271730513,0.8381604161,-0.6554869539,-0.4569585809,1,-0.6848472324,-0.5137702536,1,-0.4890213767,-0.4362861502,1
-0.3741875077,-0.2623255241,0.8894768285,-0.3377811338,-0.0220431695,1,-0.3100865766,0.01093861438,1,-0.4271898469,-0.1962808165,1
-0.3972695752,-0.3222304485,0.8592697031,0.2696736457,-0.4525737301,1,0.2679928943,-0.4407367599,1,0.4614009745,-0.2710721725,1
-0.1494450209,0.4605199461,0.8749786083,0.3246132044,0.6618022397,1,0.2985682402,0.7004567941,1,0.1782288092,0.6023880502,1
-0.09808562728,0.5872910014,0.803410536,0.124201696,-0.01554881221,1,0.1089851973,-0.01759608572,1,0.4289448324,-0.1419473876,1
-0.03227120848,0.4792043056,0.8771099148,0.6882870592,0.4631564542,1,0.6814021863,0.4814145742,1,0.656829679,0.2048373473,1
0.5552605431,-0.08029425553,0.8277913758,0.005707743776,-0.962016393,1,0.01311046501,-1.029084587,1,0.08584987254,-0.8042674852,1
-0.132268195,0.5599173283,0.817922802,-0.04597737727,0.1576206714,1,-0.06215477955,0.1588795384,1,-0.1184466525,0.4211646714,1
0.4288937799,-0.1763846169,0.8859676024,0.4630907278,0.04381145277,1,0.4262004936,0.02108795558,1,0.5517879842,-0.139436918,1
-0.08081455547,0.5380895033,0.8390045852,0.5380643732,-0.8161856397,1,0.5019373167,-0.8300813228,1,0.4577252303,-0.6182470933,1
0.520013792,-0.199166837,0.8306131634,0.2102940841,-0.3725417962,1,0.213311152,-0.3585733712,1,0.4499836041,-0.2371016321,1
-0.3337500629,-0.3778806599,0.8636070301,-0.1523620817,0.2103012905,1,-0.1605141495,0.2161391014,1,-0.1428029772,0.4631660281,1
0.4700616253,-0.1183730404,0.874659872,-0.0657202534,-0.126376219,1,-0.04938841355,-0.1025082876,1,-0.2554124035,-0.311325739,1
-0.4216049061,-0.3191591852,0.8487559824,-0.7317082536,-0.0483923127,1,-0.7244153984,-0.07087777015,1,-0.6484758399,-0.1622341174,1
-0.4750471433,-0.38270809,0.7923791577,0.0396035133,0.2793965176,1,0.008707081746,0.2705807598,1,-0.1062621753,0.4851675413,1
0.4237347631,-0.1670617034,0.8902467286,-0.04284915915,-0.4617631499,1,-0.01726057186,-0.4627849395,1,-0.239586689,-0.4421827102,1
-0.108936655,0.4910895325,0.8642707193,-0.08162079402,0.403681804,1,-0.1047395716,0.4016962716,1,-0.1333699354,0.5494713256,1
-0.3540844301,-0.4528970818,0.8182349599,0.1044631141,0.3603053762,1,0.0702791974,0.3545916514,1,-0.08751490505,0.5218979274,1
-0.1866379588,0.600299886,0.7776929466,0.09439245783,-0.4197016701,1,0.1106544379,-0.4087943768,1,0.1278704272,-0.3835085808,1
-0.1162866544,0.479100452,0.8700230864,0.2055052882,0.3724057138,1,0.1713157656,0.3687193472,1,0.04747001698,0.456237315,1
0.5431456275,-0.2079613664,0.8134770417,0.1942965582,0.04456806468,1,0.1677365689,0.03176801269,1,0.4561702669,-0.1322025123,1
-0.3179934316,-0.363341829,0.8757070816,-0.1720959145,0.38649035,1,-0.1852175463,0.3848099743,1,-0.1486405182,0.5468921308,1
-0.1434650198,0.5471849738,0.8246250012,-0.5370269432,0.3949871494,1,-0.4954348407,0.3931260231,1,-0.2640628629,0.5462826825,1
0.4875038816,-0.2282869129,0.8427485098,-0.3790931133,-0.4561596407,1,-0.3646727708,-0.4839278776,1,-0.3846203494,-0.4378712838,1
-0.09952767953,0.5855790116,0.8044821081,0.1283140935,0.2364553226,1,0.09465998792,0.2233964679,1,-0.03970727806,0.4176909053,1
0.4772136168,-0.1524404642,0.8654646548,-0.5546564969,0.2572431669,1,-0.5116090107,0.2674566,1,-0.4741238186,0.2230590241,1
-0.106668075,0.5266276996,0.8433772512,0.05439287865,-0.2265236359,1,0.06736535064,-0.2082504976,1,0.3072082656,-0.21437472,1
0.5475734069,-0.07074619708,0.8337615604,-0.1171486972,0.3403802005,1,-0.1361717701,0.3375619789,1,-0.1386283701,0.5229947602,1
0.5710843834,-0.1320167946,0.8102062657,0.2141640814,0.2335163703,1,0.178882321,0.2180690441,1,0.2786821055,0.1419964054,1
0.4557782857,-0.09104361627,0.8854248778,0.1779013848,0.3374908443,1,0.1428327181,0.3297830494,1,0.003395711342,0.458506726,1
-0.04895108592,0.4650568137,0.8839264399,0.2863719407,0.1717691414,1,0.2511944996,0.1527427813,1,0.4700472825,-0.06694823171,1
0.5013422151,-0.2382455992,0.8318022708,0.4385137465,0.3081427633,1,0.4109726626,0.3028796915,1,0.5094375909,0.0650578205,1
0.5185223041,-0.2044932959,0.8302512343,-0.06069044647,-0.3008298699,1,-0.03362760369,-0.2823503061,1,-0.275272115,-0.3890044683,1
0.5589144308,-0.1909623925,0.8069374348,-0.06462146756,0.4072983993,1,-0.08923523932,0.405498345,1,-0.130401139,0.5505540659,1
-0.01547439502,0.576556181,0.8169109579,0.3697510858,0.500537207,1,0.3447398357,0.5174541921,1,0.2895164495,0.4411537312,1
-0.4190326816,-0.2862667016,0.8616629198,-0.08644060373,-0.0008163787601,1,-0.0814813616,0.01806628372,1,-0.1268053653,0.1274761644,1
-0.1528038433,0.5435598467,0.8253445817,-0.2022258217,-0.1103806367,1,-0.1771021753,-0.07915230882,1,-0.3470901843,-0.3043071886,1
0.5122711159,-0.2026397644,0.8345749994,-0.1417607074,-0.4351894073,1,-0.1126827353,-0.4386829165,1,-0.3244543413,-0.4245865944,1
-0.02762110294,0.5416572725,0.8401455075,-0.1242035575,0.4976647922,1,-0.1406490332,0.5026270019,1,-0.1416358069,0.5932025128,1
-0.3732694198,-0.3259345797,0.8685830933,0.3712888352,-0.4286044741,1,0.3573926825,-0.4175079591,1,0.5388292948,-0.2355096411,1
-0.05414636285,0.5341854647,0.8436314721,1.32234356,-0.4761868778,1,1.261327488,-0.463479131,1,1.029285936,-0.3223266745,1
0.5126596352,-0.1633812103,0.8429037184,0.174584481,-0.7766755368,1,0.1751864432,-0.8133213771,1,0.1529177329,-0.6735102136,1
0.530892753,-0.1217952821,0.83864104,0.6283682102,0.162760776,1,0.602761363,0.1509087519,1,0.6239558746,-0.06605715889,1
0.02132673743,0.462118683,0.8865616127,0.4289350502,0.8354135697,1,0.3974710627,0.8861515456,1,0.294721839,0.6885748549,1
-0.1216497203,0.514035004,0.8490991463,-0.3619834877,0.7189376804,1,-0.3300742632,0.7392706667,1,-0.1982158473,0.7133944896,1
-0.4588109058,-0.3734345749,0.8062500673,0.1177186581,0.6578733327,1,0.09306648806,0.6971363168,1,-0.08795370439,0.6729872592,1
-0.3442397578,-0.4144976071,0.8424314351,-0.09378831041,-0.09866649173,1,-0.07761665972,-0.07350703967,1,-0.2768994085,-0.2929209534,1
0.5114957913,-0.2319714412,0.8273822006,0.03536585788,0.1349929987,1,0.01347376545,0.1303788326,1,-0.08638774226,0.3817153373,1
-0.04205337399,0.5603311269,0.8272004243,-0.1757850409,0.6285873643,1,-0.1782585058,0.6495531503,1,-0.1527204726,0.6570694647,1
0.4972165141,-0.1897786947,0.8466166696,0.9446191541,-0.5154835373,1,0.8779294985,-0.5148203669,1,0.7732185548,-0.3143343699,1
-0.02623779664,0.4611841115,0.8869164523,0.1524559671,0.4489011284,1,0.1198200128,0.4542223459,1,-0.06198597571,0.5598235675,1
0.3990282524,-0.1271390192,0.9080815622,0.3531348853,0.1941266697,1,0.3185421167,0.1761258716,1,0.5013062414,-0.06082101634,1
0.4609995676,-0.2135017681,0.8613340779,0.2587813988,-0.3071616201,1,0.2528137188,-0.296447152,1,0.4955353524,-0.2044623411,1
0.4572952939,-0.1361031235,0.8788384117,-0.2921238986,0.08100527304,1,-0.2728098842,0.1083733272,1,-0.3215690211,0.09748303862,1
-0.01660097286,0.613530512,0.7894964968,-0.6036142452,-0.4324985487,1,-0.6231243721,-0.4805131897,1,-0.4633985257,-0.4301680218,1
-0.3624034678,-0.3423435054,0.8668706079,-0.2754259445,-0.1671752721,1,-0.2459623499,-0.1389721135,1,-0.3683724322,-0.3336548512,1
-0.3348644533,-0.3706608102,0.8663003877,0.1265691773,-0.1898243609,1,0.1282574733,-0.1778273699,1,0.4417285992,-0.1808727142,1
-0.4106193587,-0.3949768268,0.8218181359,-0.5677230616,-0.1234986819,1,-0.5535625304,-0.1211210597,1,-0.534106799,-0.2326983219,1
0.4588706067,-0.1267565906,0.8794148811,0.4773746744,-0.308663789,1,0.4462638828,-0.3103549244,1,0.5617383533,-0.2132779972,1
0.4351979254,-0.2359612571,0.8688642304,0.1074033356,-0.1813672444,1,0.1106127453,-0.1684456814,1,0.4298488093,-0.1794072421,1
-0.2248916093,0.4608019814,0.8585367191,-0.37208807,-0.5492468353,1,-0.3603538807,-0.5913702985,1,-0.3863884503,-0.4640716883,1
-0.3963451756,-0.3139483097,0.8627554466,-0.304788567,0.02333564922,1,-0.2809289027,0.05493445778,1,-0.4031496266,-0.12069933,1
-0.411481484,-0.4128314155,0.8125596659,0.2749668948,0.138825373,1,0.2403213953,0.1192951046,1,0.4750017868,-0.09288039439,1
-0.1211625201,0.5657551968,0.8156228914,-0.320137654,-0.5092051441,1,-0.3017367599,-0.5404504872,1,-0.3724681611,-0.4503407741,1
0.4152419779,-0.1473672375,0.897695381,0.6042177923,-0.05373890882,1,0.5644081749,-0.07626110513,1,0.5983496784,-0.1623413946,1
-0.3888146664,-0.3413118921,0.8557624364,0.5807103868,0.1634363389,1,0.5526193121,0.1496142139,1,0.6027315556,-0.07304256387,1
-0.4043399066,-0.3120205208,0.8597397481,0.7228203702,0.6153412196,1,0.7171539416,0.6412269046,1,0.6204163958,0.4472681508,1
0.5355896572,-0.1295842341,0.8344768693,-0.05042061731,0.3263573715,1,-0.07588461001,0.3213957693,1,-0.126797936,0.5129690725,1
-0.1029939569,0.5730543395,0.8130196608,-0.1786720968,0.1833061634,1,-0.181315562,0.1935893027,1,-0.148732794,0.4482010624,1
-0.4028182716,-0.3231033718,0.8563536951,0.07087959672,0.735309439,1,0.05157943887,0.78797547,1,-0.0987642385,0.713760789,1
-0.297274105,-0.3873720999,0.8726803325,0.09155981927,-0.0752366816,1,0.08601836821,-0.06885152774,1,0.4171619641,-0.1536630706,1
-0.3108340329,0.4056213674,-0.8595658848,0.1924037099,-0.1494809195,-1,0.1639433513,-0.1475299488,-1,0.4075258727,-0.01221509023,-1
0.496336847,0.04980640099,-0.8667000962,-0.2934777946,0.1451706308,-1,-0.2604031292,0.1214717099,-1,-0.3427323415,0.3714378526,-1
-0.3195932038,-0.3863656919,-0.8652061813,-0.3740849176,0.2342987317,-1,-0.3453940306,0.2274580279,-1,-0.3606101955,0.4097052113,-1
0.5439821457,0.03198690184,-0.8384868891,-0.3544133024,-0.03697173154,-1,-0.3250553071,-0.06261833883,-1,-0.442707542,-0.008593787745,-1
0.4520772047,-0.08420912871,-0.8879949457,0.240242721,0.4071695745,-1,0.2288301993,0.3843228047,-1,0.398547537,0.2683230021,-1
0.5688758436,-0.06662330711,-0.8197204459,0.01797092719,0.1357183346,-1,0.02842465665,0.1154544864,-1,0.2592201043,0.161890799,-1
-0.2917148941,0.3767785919,-0.8791702414,-0.7151676091,0.1015900182,-1,-0.7140129134,0.1278050817,-1,-0.5868657549,0.1526489683,-1
0.4915179768,-0.08773821776,-0.8664364279,0.1610927723,-0.6672822491,-1,0.151615655,-0.7397881387,-1,-0.1400256954,-0.6472233909,-1
0.5297005839,0.02038286547,-0.8479397562,-0.2838682919,0.3896624601,-1,-0.2548133856,0.3979411038,-1,-0.3515274611,0.4491928535,-1
-0.2126887452,-0.472914217,-0.8550530048,-0.2371375752,0.2603822669,-1,-0.2030789105,0.2458381723,-1,-0.3298296894,0.4145908863,-1
-0.232181876,-0.3634445787,-0.9022192719,0.3747578589,0.09648695566,-1,0.3353245131,0.09294427546,-1,0.513902172,0.1177806106,-1
-0.2788610083,0.4444114363,-0.8513136986,-0.3959896548,-0.3570233221,-1,-0.3733561613,-0.3538027701,-1,-0.2746248178,-0.5287768003,-1
0.5681624725,0.05195119584,-0.8212749102,0.7463545776,0.2088784205,-1,0.6796771625,0.1915272437,-1,0.6597845356,0.151244113,-1
-0.1053977226,-0.5062783958,-0.85590508,0.6019975405,1.003372361,-1,0.5201362114,1.037655293,-1,0.383722324,0.9202795136,-1
0.5666469234,-0.001086793908,-0.8239600009,0.01894588004,-0.1025976901,-1,0.007316033183,-0.1074129257,-1,-0.09478460468,-0.3525029165,-1
-0.2927888816,0.4485746563,-0.844426106,-0.4322764921,0.3656766937,-1,-0.4137314388,0.3849323437,-1,-0.3825827402,0.451513668,-1
-0.3241461678,0.4305740648,-0.8423391459,-0.1929381919,-1.303461063,-1,-0.1270661503,-1.463758271,-1,-0.2855774812,-1.056453635,-1
-0.317776985,0.4378046893,-0.841037955,0.01324516322,-0.5748368865,-1,0.004089276815,-0.6150295009,-1,-0.1820265742,-0.609874185,-1
0.4960804922,0.009275094994,-0.8682269968,-0.1128086388,0.1850098368,-1,-0.08495496693,0.1602619977,-1,-0.288661797,0.3885447063,-1
-0.3320961292,0.454553119,-0.826494781,-0.07632100876,0.292021868,-1,-0.04841552101,0.2726944876,-1,-0.2793751833,0.4159732154,-1
0.5832805945,-0.03447972678,-0.8115385983,-0.1015521853,0.02559301044,-1,-0.08728446237,0.003830191796,-1,-0.1762786102,0.0962073683,-1
-0.2912711134,0.4125694212,-0.8631034765,-0.3470009953,-0.4334045562,-1,-0.3301493722,-0.427817723,-1,-0.2563770435,-0.5684153928,-1
0.5487490323,0.0668966427,-0.8333062695,0.02941531794,-0.5730421112,-1,0.01924715204,-0.6144887314,-1,-0.1781865758,-0.609148172,-1
-0.3032614827,-0.3378401602,-0.8910086976,0.2704583252,-0.2702202004,-1,0.2412920378,-0.2802552122,-1,0.410902982,-0.09343109313,-1
0.4973607355,0.06596439248,-0.865032368,-1.051163272,0.5211822573,-1,-1.09516398,0.5780585899,-1,-0.7291065592,0.4276941666,-1
0.5261444114,0.01287152777,-0.8502978197,0.3830018807,0.4336055149,-1,0.3503498054,0.4089156837,-1,0.5277454877,0.2178684804,-1
-0.3289317322,-0.4545650978,-0.8277526728,-0.06186920341,-0.7693876335,-1,-0.04840530125,-0.8436328583,-1,-0.2065806806,-0.6964857216,-1
-0.2221188355,0.4821962108,-0.8474373353,-0.3497097124,0.4433560364,-1,-0.3265985424,0.4655956391,-1,-0.3710638145,0.467315358,-1
0.5277463949,0.06920536459,-0.8465780296,-0.178038574,0.2069054433,-1,-0.1454257146,0.18403516,-1,-0.3115824655,0.3981260694,-1
0.5034768272,0.002748401171,-0.8640043581,0.1822893076,-0.07420996385,-1,0.1569863759,-0.07259664763,-1,0.4299064833,0.03898367303,-1
0.4876878365,0.07335992037,-0.8699303973,0.04763692002,0.1109160003,-1,0.05214626426,0.09364456769,-1,0.372287788,0.1236973243,-1
-0.2693072642,0.4834241586,-0.8329313779,0.166668378,0.3165558286,-1,0.1650636658,0.2940375579,-1,0.3941421998,0.2178004589,-1
-0.3020003214,-0.4939053301,-0.8153853879,0.7598506249,0.08058604405,-1,0.7065669904,0.05806757262,-1,0.6710689238,0.09099793754,-1
-0.3920811222,0.3925983635,-0.8319488678,-0.4954841573,0.7122119218,-1,-0.4847031596,0.7614247199,-1,-0.4320635765,0.5644957027,-1
-0.3270767758,-0.4642013327,-0.8231269072,0.7800715794,-0.4448795451,-1,0.7800544439,-0.5290491825,-1,0.7443380331,-0.1916132504,-1
-0.3148264095,-0.4403009094,-0.8408444809,0.04618311765,0.2237469969,-1,0.05860284754,0.2014899719,-1,0.2076402904,0.2429519903,-1
-0.1346962436,-0.5586406361,-0.8183993901,0.0559980076,-0.3307259696,-1,0.03254942954,-0.3370837029,-1,-0.1557081014,-0.509066741,-1
-0.2609042656,0.459358851,-0.8490691434,0.1865161818,0.4155386949,-1,0.1829264927,0.394456872,-1,0.2650847709,0.3465811744,-1
-0.3229808048,-0.495741675,-0.8061783869,-0.2810575447,0.6568803196,-1,-0.2642736662,0.6954202954,-1,-0.3767795197,0.530490693,-1
-0.3381585806,0.3764971299,-0.8624956148,0.3038375747,-0.1598341022,-1,0.2708013675,-0.161227156,-1,0.4723111008,0.001198319237,-1
0.4739453474,0.02384015072,-0.880231478,0.04343254586,-0.4099462445,-1,0.0226731443,-0.4245233322,-1,-0.1671274175,-0.543450043,-1
-0.2725216445,0.534222757,-0.8002112216,0.4266630628,-0.02141658383,-1,0.3847332694,-0.02326141552,-1,0.5264868265,0.06646472902,-1
0.4655372519,-0.02120405734,-0.8847742396,0.03712575394,-0.2621132855,-1,0.01505085338,-0.2639336881,-1,-0.152616264,-0.4789140571,-1
-0.3206847416,-0.4703526821,-0.8221494091,-0.02249777875,0.222889663,-1,-0.001563939275,0.1996331262,-1,-0.2061215646,0.3849412066,-1
0.5335254785,0.04291976151,-0.8446942985,0.03814035653,-0.6484042117,-1,0.03322078409,-0.7064486508,-1,-0.1782509568,-0.64075039,-1
-0.2249549662,0.459362798,-0.8592910351,-0.3024033903,-0.1769724282,-1,-0.2844224101,-0.1920044858,-1,-0.2826745215,-0.3894567192,-1
0.5315770337,0.0003684188215,-0.847009871,-0.4087923661,-0.09155369102,-1,-0.3781333221,-0.1128992086,-1,-0.4705721136,-0.09296613644,-1
0.5420157297,-0.01504330946,-0.8402336863,-0.1173334623,0.05099220237,-1,-0.09901362303,0.02705243622,-1,-0.25342722,0.2669688727,-1
-0.3606835663,0.4313668779,-0.8269401319,0.5585083213,0.6397247706,-1,0.4989960426,0.61615588,-1,0.5993017966,0.3262279904,-1
-0.2718475488,0.4865984295,-0.8302535026,-0.06249822964,0.1146999982,-1,-0.04414659689,0.0913261263,-1,-0.2317820227,0.3401679369,-1
-0.2971413113,0.41921715,-0.8578834549,-0.1563989973,0.01163789343,-1,-0.1380218399,-0.01259037412,-1,-0.2615870014,0.07944528156,-1
-0.2305875504,-0.4905627747,-0.8403437069,-0.2734220532,-0.4255720207,-1,-0.2657156823,-0.4238739599,-1,-0.2386776577,-0.5616155021,-1
-0.242682121,-0.4734905552,-0.8467066093,0.3493619754,0.6487528782,-1,0.3174941321,0.64097362,-1,0.2524911236,0.5654584566,-1
-0.3345383,-0.466020032,-0.8190906272,0.4764099678,0.3835393725,-1,0.4294034131,0.3609464778,-1,0.5617061821,0.1997125586,-1
0.4871686858,0.05591460989,-0.8715160515,0.2011943281,-0.5760911202,-1,0.1863430898,-0.6336029066,-1,-0.08565014995,-0.5932145479,-1
0.6126651345,-0.0336455449,-0.7896261206,0.3553683651,-0.5197029906,-1,0.340306422,-0.5789830654,-1,0.2590051005,-0.4080854454,-1
0.5030301453,-0.06468830614,-0.8618445892,-0.3578979552,0.1441481776,-1,-0.3262989605,0.1244487032,-1,-0.3659152668,0.3587872024,-1
-0.2003958904,-0.4647945832,-0.8624427416,-0.8135281195,0.8061355073,-1,-0.8095559051,0.8448125357,-1,-0.5432286124,0.6240128001,-1
-0.2913800383,0.4090353286,-0.8647472308,0.5969196906,-0.02145036321,-1,0.5517208381,-0.0353212424,-1,0.5917499967,0.04557182866,-1
0.5707866111,-0.0950205492,-0.8155818413,-0.4615549098,-0.8600917634,-1,-0.3864070831,-0.891819841,-1,-0.328670523,-0.7714688293,-1
0.6046977496,0.02796110471,-0.7959640747,-0.1546971578,0.134687357,-1,-0.1265757975,0.1082520555,-1,-0.2997929489,0.3721065785,-1
0.521458996,0.03584694319,-0.8525230273,-0.3236805461,-0.01987667663,-1,-0.2951887324,-0.04666560916,-1,-0.4221605131,0.0270164168,-1
-0.3692922577,0.3728699924,-0.8512292272,0.08961360693,-0.1847154635,-1,0.06648719225,-0.1843270092,-1,-0.05514493912,-0.3714774249,-1
-0.2171992699,-0.4932216308,-0.8423520048,1.08295535,0.8074336798,-1,0.9527570788,0.7597244641,-1,0.9217230439,0.4643571785,-1
-0.3959160001,0.4526991171,-0.798945574,0.03516927796,0.5545401175,-1,0.04472442998,0.5579844661,-1,-0.09516939909,0.5271117371,-1
0.5493521857,0.06786530438,-0.8328304008,0.2360668665,-0.2637305565,-1,0.2068251705,-0.2708800981,-1,0.3713886977,-0.1120819823,-1
-0.3650981419,0.3823949796,-0.848809417,-0.1183757562,-0.6454805692,-1,-0.1113084131,-0.6853937053,-1,-0.2157477394,-0.6414719077,-1
-0.2965239273,0.4612627707,-0.8362477007,-0.01218564972,0.4142594138,-1,0.008276912254,0.4033434815,-1,-0.2024027628,0.4551566311,-1
-0.2383287843,0.3876238762,-0.8904757836,-0.08298134589,0.2650764814,-1,-0.05483750742,0.2439883792,-1,-0.2816666889,0.4091921427,-1
-0.3488806396,-0.4518632886,-0.8210370685,-0.5449494809,-0.2080421159,-1,-0.5069077566,-0.2130319322,-1,-0.5342185882,-0.1931705699,-1
0.498247217,-0.03282872128,-0.8664132881,0.7529544443,0.6724273052,-1,0.667245662,0.640597965,-1,0.7178314644,0.3361605843,-1
0.5554897946,-0.01949140918,-0.8312948773,0.01045014892,0.01941787762,-1,0.01128579666,0.005925743222,-1,0.2305336422,0.02534416288,-1
-0.1975824589,0.4388900695,-0.8765481611,0.7187401091,0.5350005648,-1,0.6404632283,0.5052666745,-1,0.6727142275,0.2715145683,-1
0.5366688286,0.02615242851,-0.8433875852,0.3238033556,-0.2230272718,-1,0.2927118821,-0.2312355063,-1,0.4725597644,-0.03332071066,-1
-0.2378209198,-0.5065962326,-0.8287348594,-0.4909195757,0.0521120435,-1,-0.4629525091,0.03790147845,-1,-0.491818145,0.141947728,-1
-0.1967225642,-0.3833724041,-0.9024000402,0.3132304648,-0.2693746131,-1,0.2842236475,-0.2824245196,-1,0.4509679343,-0.07225323963,-1
-0.172349857,0.4169154916,-0.8924556009,0.05025987799,-0.2636399756,-1,0.02731130388,-0.265534579,-1,-0.147202852,-0.4772169574,-1
0.5215886964,-0.07354588191,-0.8500213145,-0.2107663299,-0.0117840048,-1,-0.1895967611,-0.03729594163,-1,-0.315890612,-0.01082972401,-1
0.4161692413,-0.05791174476,-0.9074411234,0.1199759907,-0.3951201139,-1,0.09623914682,-0.4126349813,-1,-0.1312292496,-0.5279774772,-1
-0.2401734715,0.4572733935,-0.8562813482,0.2840028574,0.17736371,-1,0.258605502,0.1657636384,-1,0.4900993761,0.1386999687,-1
-0.2646993022,-0.3699075321,-0.8905631348,-0.7776646815,-0.4897077875,-1,-0.7139146611,-0.4456895322,-1,-0.6490864728,-0.3642301634,-1
-0.3819400812,0.4051284524,-0.8306579991,-0.6362686744,0.0309230192,-1,-0.6174489822,0.03710311585,-1,-0.5768874412,0.06750387108,-1
-0.1759014245,-0.4710722764,-0.8643781575,-0.05427486187,0.293363144,-1,-0.02823479383,0.2733818915,-1,-0.2615042456,0.4156375815,-1
0.5902874169,-0.004874244446,-0.8071784234,0.04999754621,-0.31420906,-1,0.02671461589,-0.3190328,-1,-0.1557763613,-0.5022078384,-1
-0.2048836393,-0.477357921,-0.8544893853,-0.4474176442,0.1214516873,-1,-0.4202063239,0.1080266087,-1,-0.4190442986,0.2974225693,-1
-0.2535957102,-0.49733801,-0.8296650647,0.3590020689,0.3324161979,-1,0.3280834464,0.3111810295,-1,0.5194223421,0.1808047745,-1
0.5075918906,0.02318689252,-0.8612855744,0.2138503462,0.3065431845,-1,0.2047076527,0.2845239526,-1,0.4550843457,0.1847049461,-1
-0.1781881405,0.5238398222,-0.8329710843,-0.3020259774,0.02231027033,-1,-0.2726410575,-0.005625397249,-1,-0.3992015569,0.1490459222,-1
-0.1772152343,-0.5591891453,-0.8098779294,-0.1891988922,0.2211813046,-1,-0.155880377,0.1998477236,-1,-0.3154947811,0.4024665197,-1
-0.2581941359,-0.5532903302,-0.7919631297,-0.6875994837,-0.2574581951,-1,-0.6417775109,-0.244326962,-1,-0.622324683,-0.2010181798,-1
-0.2930538619,-0.4976195546,-0.8163909682,-0.1305537406,0.03765272663,-1,-0.112196853,0.01356987014,-1,-0.2563987828,0.2237341512,-1
-0.2929961057,0.4259864954,-0.8559724223,0.08614678229,-0.5948544789,-1,0.07496526106,-0.6462183942,-1,-0.1643714236,-0.6181005808,-1
0.5176084972,0.0123157053,-0.8555289399,0.4770080153,-0.5348631079,-1,0.4669592992,-0.6064307323,-1,0.4366446079,-0.3308100725,-1
0.565604518,0.02088001924,-0.8244122476,-0.7433727382,-0.3100452703,-1,-0.6924300571,-0.2861335858,-1,-0.6540910434,-0.2316967724,-1
0.4648654319,0.06570956374,-0.8829396262,-0.5357829068,-0.2919379165,-1,-0.4976486637,-0.2894420923,-1,-0.4805152087,-0.3075825744,-1
-0.1970801432,0.4238179132,-0.8840462621,-0.04138803068,-0.4748674502,-1,-0.054256429,-0.4922799082,-1,-0.1904354033,-0.5703737939,-1
-0.2450587975,-0.4744160693,-0.8455031514,-0.2441061983,0.3969289138,-1,-0.2140955179,0.4025771475,-1,-0.3435112899,0.4486777992,-1
-0.1214488099,-0.4714057456,-0.873514058,0.4812618979,0.4813938465,-1,0.4345489022,0.4553249252,-1,0.5719587294,0.2336798733,-1
-0.3231838657,-0.3609126362,-0.8748109841,0.4205282713,0.1997821119,-1,0.3774422111,0.1896113214,-1,0.5313386771,0.1467982373,-1
-0.3354937926,0.4535952578,-0.825648386,0.1850277041,0.6554138927,-1,0.1735659574,0.6617204377,-1,0.1015364463,0.6054972089,-1
-0.2489337481,0.4737359131,-0.8447521966,0.1886705136,-0.5978594507,-1,0.1750498857,-0.6586795466,-1,-0.1081701743,-0.6097212644,-1
0.4527268754,0.08923037536,-0.8871732167,-0.1759867951,-0.01312534736,-1,-0.158061971,-0.03701576482,-1,-0.259026754,-0.08694259564,-1
0.4996315178,-0.0749574233,-0.862988836,0.08822686443,0.3571572773,-1,0.09835067982,0.336467185,-1,0.07055545594,0.3854669903,-1
-0.2680360387,0.3821985588,-0.8843534043,0.445578426,-0.305234126,-1,0.4216014408,-0.3360824794,-1,0.5284573156,-0.07633998457,-1
-0.2018073223,-0.4750067204,-0.8565292875,-0.8792415258,-0.7770894498,-1,-0.7818794581,-0.7048113125,-1,-0.5159705369,-0.719788028,-1
0.5057585616,0.06740746661,-0.8600375055,-0.3146281399,0.135854579,-1,-0.2818737988,0.1124946318,-1,-0.3517204815,0.3609833581,-1
0.544203312,-0.1473991838,-0.8259032848,-0.2346662648,-0.2846362689,-1,-0.230288425,-0.2889579813,-1,-0.223363207,-0.5046304663,-1
-0.3525446505,0.465816907,-0.8116199102,-0.06078880373,0.4183725412,-1,-0.03653290348,0.4114605545,-1,-0.2685494005,0.4511265191,-1
0.4906157698,0.1201076611,-0.863058698,0.4462995227,-0.1716742901,-1,0.4125737927,-0.1845254346,-1,0.5325463203,-0.01176108063,-1
0.5161143082,-0.07735671858,-0.8530193192,-0.1093507892,-0.02054209081,-1,-0.09890038487,-0.03996748902,-1,-0.1578170999,-0.243569183,-1
-0.2677087376,-0.4387165794,-0.8578227059,0.6509786945,0.3383427544,-1,0.5829177873,0.3197643136,-1,0.6191003136,0.1945950343,-1
0.5247573837,-0.09361490197,-0.8460886114,-0.2307570901,-0.005400045006,-1,-0.2074414339,-0.03189436998,-1,-0.3448767361,0.04661327439,-1
-0.2052060051,-0.3713014069,-0.9055527377,-0.004422450386,-0.08407862216,-1,-0.01194002813,-0.09152072943,-1,-0.105784443,-0.3473756545,-1
0.4812566718,0.07761117577,-0.8731371721,-0.6087868582,0.03605919692,-1,-0.5880747732,0.03789994773,-1,-0.560767594,0.08068229496,-1
-0.3514123975,-0.423704267,-0.8348556887,0.2582166272,-0.06090756914,-1,0.2271375863,-0.0586225144,-1,0.465761304,0.05198443297,-1
0.6001760884,0.01413701082,-0.7997429636,0.0411458491,0.08994047357,-1,0.0447192973,0.07364957269,-1,0.3644027217,0.1123808742,-1
-0.2478897858,0.386231289,-0.8884683706,0.07922025161,-0.05681293424,-1,0.06509233803,-0.06042732333,-1,0.3149794957,-0.005267533423,-1
0.5176069536,0.1038953622,-0.8492872278,0.2946222905,-0.6218798536,-1,0.2818924767,-0.6949890546,-1,0.06390070486,-0.5647522814,-1
-0.2119967722,0.4488000687,-0.8681220346,-0.3079678683,-0.01046570383,-1,-0.279863365,-0.0376946047,-1,-0.4108274821,0.05150617817,-1
-0.1882248282,0.4446580583,-0.8757000772,-0.0115865723,0.286062337,-1,0.01008959037,0.2645720224,-1,-0.1974900859,0.4079021312,-1
0.5597506103,-0.003858686471,-0.8286521374,-0.01145377774,-0.2832600526,-1,-0.03047232575,-0.2857278507,-1,-0.1707230244,-0.4937309528,-1
-0.3642256687,0.425636056,-0.8283559682,-0.029497998,-0.03118473906,-1,-0.02905096024,-0.0440633288,-1,-0.06960813402,-0.2488552586,-1
0.4960257952,0.0696126728,-0.8655128458,-0.3525675681,0.2807718213,-1,-0.3236861713,0.278818067,-1,-0.3574040888,0.4244789765,-1
0.5159374402,0.04455072764,-0.8554670014,-0.081430415,-0.2751627054,-1,-0.09401846379,-0.2780345186,-1,-0.186683842,-0.4945517826,-1
0.5903534693,0.01620553101,-0.8069821324,-0.2562509982,0.1854509594,-1,-0.2224752228,0.1635552769,-1,-0.330395308,0.3930086115,-1
-0.2593300394,0.4554376661,-0.8516598282,0.125321995,-0.1516355881,-1,0.1010725037,-0.1503558939,-1,0.2589418062,-0.1073196907,-1
0.5885210603,-0.01989369331,-0.8082370955,0.2617711,0.1538148839,-1,0.2384738043,0.1434493133,-1,0.4826551693,0.1324719499,-1
-0.2759118173,-0.5058474413,-0.8173071853,0.1574524829,0.410355603,-1,0.1579795609,0.390042479,-1,0.1975127122,0.3749161528,-1
